#VRML V2.0 utf8
# 3D model generated by easyeda2kicad.py (https://github.com/uPesy/easyeda2kicad.py)

Shape{
    appearance Appearance {
        material  Material 	{
            diffuseColor 0.25098039215686274 0.25098039215686274 0.25098039215686274
            specularColor 0.12549019607843137 0.12549019607843137 0.12549019607843137
            ambientIntensity 0.2
            transparency 0
            shininess 0.5
        }
    }
    geometry IndexedFaceSet {
        ccw TRUE
        solid FALSE
        coord DEF co Coordinate {
            point [
                -0.2134 0.4798 0.7552, -0.2134 0.4921 0.5197, -0.722 0.4921 0.5197, -0.0598 0.4798 0.7552, -0.0598 0.4921 0.5197, -0.0842 0.4921 0.5197, 0.04 0.4798 0.7552, 0.04 0.4921 0.5197, -0.0114 0.4921 0.5197, -0.1584 0.4787 0.7768, -0.1466 0.4787 0.7768, -0.1466 0.4787 0.7763, -0.1225 0.4767 0.8149, -0.1073 0.4787 0.7763, -0.1297 0.4787 0.7768, -0.0727 0.4787 0.7765, -0.0711 0.4787 0.7763, -0.0842 0.4787 0.7763, -1.1811 0.4921 0.5197, -1.1812 0.4921 0.5197, -1.1688 0.4798 0.7552, -0.0319 0.4714 0.9146, -0.0358 0.4714 0.9151, -0.0146 0.4714 0.9151, -0.0472 0.4714 0.9149, -0.0499 0.4715 0.9141, -0.0499 0.4714 0.9151, 0.1286 0.4714 0.9151, 0.1199 0.4717 0.9092, 0.04 0.4714 0.9151, 0.1073 0.4725 0.8947, 0.0649 0.4751 0.8453, 0.04 0.4751 0.8453, 0.0682 0.4746 0.8536, 0.076 0.4741 0.8644, 0.0863 0.4736 0.8731, 0.0994 0.4733 0.8793, 0.0976 0.4733 0.8787, 0.2078 0.4712 0.9199, 0.1903 0.4708 0.9266, 0.04 0.4636 1.0649, 1.1526 0.4636 1.0649, 1.1604 0.4714 0.9151, 0.2156 0.4714 0.9151, 0.1715 0.4707 0.929, 0.1559 0.4708 0.9273, 0.1368 0.4711 0.9206, 0.2171 0.4715 0.9142, 1.1641 0.4751 0.8453, 0.303 0.4751 0.8453, 0.3013 0.4746 0.8547, 0.2953 0.4739 0.8684, 0.2862 0.4732 0.8801, 0.2575 0.4724 0.8964, 0.2425 0.4723 0.8983, 0.226 0.4719 0.9065, 0.2381 0.4723 0.898, 0.2338 0.4723 0.8975, 0.2836 0.4731 0.8825, 0.2715 0.4727 0.891, 0.2762 0.4782 0.7855, 0.288 0.4777 0.7955, 1.1677 0.4787 0.7763, 0.2967 0.477 0.8079, 0.2625 0.4785 0.7788, 0.2572 0.4787 0.7763, 0.2577 0.4786 0.7774, 0.3021 0.4763 0.822, 0.304 0.4755 0.8369, 0.3039 0.4753 0.8405, 0.2373 0.4798 0.7552, 0.2408 0.4797 0.7567, 0.2482 0.4794 0.7623, 0.2539 0.479 0.7692, 0.2059 0.4798 0.7552, 0.2124 0.4799 0.7527, 0.2216 0.48 0.7516, 1.1688 0.4798 0.7552, 1.1812 0.4921 0.5197, 1.1811 0.4921 0.5197, 0.232 0.4799 0.753, 0.2231 0.48 0.7516, 0.1861 0.4787 0.7763, 0.1861 0.4787 0.7761, 0.1906 0.4791 0.7677, 0.1964 0.4795 0.7612, 0.204 0.4797 0.756, 0.1376 0.4775 0.7987, 0.135 0.4774 0.7997, 0.1305 0.4763 0.8213, 0.1932 0.4767 0.8149, 0.1423 0.4753 0.8414, 0.1998 0.4763 0.8209, 0.2079 0.4761 0.8252, 0.1399 0.4776 0.797, 0.0684 0.4772 0.8041, 0.0759 0.4778 0.7937, 0.04 0.4787 0.7763, 0.0856 0.4757 0.8327, 0.0874 0.4753 0.8399, 0.0903 0.4751 0.8453, 0.2791 0.4751 0.8453, 0.0636 0.4752 0.8421, 0.0619 0.4759 0.8297, 0.0636 0.4766 0.8161, 0.1321 0.4774 0.8001, 0.1317 0.4774 0.8001, 0.1306 0.4774 0.7998, 0.2769 0.4763 0.8225, 0.2724 0.4767 0.8148, 0.2531 0.4769 0.8109, 0.2656 0.477 0.8078, 0.2573 0.4773 0.8027, 0.2391 0.4762 0.8234, 0.2469 0.4765 0.818, 0.2801 0.4755 0.8376, 0.2796 0.4758 0.8317, 0.2307 0.476 0.8266, 0.2216 0.476 0.8278, 0.217 0.476 0.8275, 0.0862 0.4782 0.7849, 0.0978 0.4785 0.7793, 0.1104 0.4787 0.7766, 0.1438 0.478 0.7883, 0.1437 0.478 0.7898, 0.1837 0.4778 0.7933, 0.143 0.4778 0.7927, 0.1415 0.4777 0.7953, 0.0931 0.477 0.8092, 0.0889 0.4766 0.8151, 0.0863 0.4763 0.8219, 0.0854 0.4759 0.8293, 0.1328 0.4787 0.7766, 0.135 0.4786 0.7769, 0.1375 0.4786 0.7779, 0.1399 0.4785 0.7797, 0.1408 0.4785 0.7806, 0.1425 0.4783 0.783, 0.1435 0.4782 0.7855, 0.1839 0.4782 0.7855, 0.1837 0.478 0.7895, 0.1298 0.4774 0.7997, 0.1127 0.4774 0.7997, 0.1059 0.4774 0.801, 0.0992 0.4772 0.8041, 0.0936 0.477 0.8087, 0.1262 0.4732 0.8817, 0.1348 0.4726 0.8919, 0.222 0.4738 0.8698, 0.1357 0.4726 0.8927, 0.1464 0.4722 0.9001, 0.2162 0.4731 0.8818, 0.2247 0.4737 0.8713, 0.2332 0.4735 0.8744, 0.0909 0.475 0.8465, 0.0952 0.4747 0.8513, 0.115 0.4744 0.8588, 0.1011 0.4745 0.8554, 0.1078 0.4744 0.8579, 0.118 0.4744 0.8588, 0.1204 0.4738 0.8695, 0.2555 0.4736 0.8731, 0.2639 0.4738 0.8686, 0.2461 0.4735 0.8753, 0.2704 0.4741 0.8628, 0.2757 0.4745 0.8553, 0.2077 0.4726 0.892, 0.1583 0.472 0.9046, 0.1975 0.4722 0.8994, 0.1712 0.4719 0.9062, 0.1851 0.472 0.9044, 0.2421 0.4735 0.8755, 0.2789 0.475 0.8468, -0.183 0.4735 0.8759, -0.1634 0.4735 0.8759, -0.1885 0.4742 0.8613, -0.1634 0.4751 0.8453, -0.1961 0.4742 0.8613, -0.2134 0.4751 0.8453, -0.1634 0.4721 0.9017, -0.1684 0.4714 0.9147, -0.1634 0.4714 0.9151, -0.1758 0.4714 0.9147, -0.2134 0.4714 0.9151, -0.1481 0.4742 0.8613, -0.1466 0.4751 0.8453, -0.1557 0.4742 0.8613, -0.1608 0.4735 0.8759, -0.0697 0.4739 0.8674, -0.0842 0.4739 0.8674, -0.0697 0.473 0.8854, -0.0842 0.473 0.8854, -0.0903 0.4717 0.9085, -0.0966 0.4714 0.9151, -0.0903 0.4714 0.9147, -0.0842 0.4714 0.9151, -0.0842 0.4714 0.9147, -0.0888 0.473 0.8854, -0.0916 0.4739 0.8674, -0.0888 0.4726 0.8915, -0.0842 0.4717 0.9085, -0.0842 0.4726 0.8915, -0.0697 0.4717 0.9085, -0.0697 0.4726 0.8915, -0.0628 0.4742 0.8613, -0.0598 0.4751 0.8453, -0.0842 0.4742 0.8613, -0.0842 0.4751 0.8453, -0.0916 0.4742 0.8613, -0.0966 0.4751 0.8453, -0.0628 0.4714 0.9147, -0.0598 0.4714 0.9151, -0.0522 0.4715 0.9134, -0.0522 0.4719 0.9062, -0.0499 0.4742 0.8627, -0.0499 0.4751 0.8453, -0.0513 0.4741 0.8631, -0.0522 0.4741 0.8636, -0.0522 0.4738 0.8701, -0.051 0.4718 0.9068, -0.0499 0.4738 0.8691, -0.0499 0.4718 0.9072, -0.0455 0.4717 0.9087, -0.0414 0.4739 0.8667, -0.0473 0.4739 0.8679, -0.0194 0.4729 0.8868, -0.0194 0.4729 0.8874, -0.0396 0.4717 0.9093, -0.0377 0.4717 0.9093, -0.033 0.4718 0.9084, -0.0241 0.4721 0.9024, -0.0217 0.4723 0.8985, -0.0201 0.4725 0.8936, -0.0203 0.4732 0.8803, -0.022 0.4735 0.876, -0.0247 0.4737 0.8722, -0.0293 0.4738 0.8686, -0.0332 0.4739 0.8672, -0.0384 0.4739 0.8666, -0.0288 0.4719 0.9065, -0.025 0.472 0.9034, -0.0258 0.4737 0.8711, -0.0395 0.4714 0.9156, -0.0146 0.4636 1.0649, -0.0499 0.4636 1.0649, -0.0403 0.4714 0.9155, -0.0449 0.4714 0.9151, -0.0263 0.4715 0.9125, -0.0164 0.472 0.9033, -0.0199 0.4718 0.9077, -0.0211 0.4717 0.9089, -0.0114 0.4714 0.9151, -0.0137 0.4723 0.8975, -0.0146 0.4722 0.8993, -0.0146 0.4735 0.8749, -0.0132 0.4733 0.8784, -0.0114 0.4751 0.8453, -0.0122 0.4729 0.887, -0.0124 0.4727 0.8907, -0.0281 0.4742 0.8619, -0.0231 0.4741 0.8643, -0.0146 0.4751 0.8453, -0.019 0.4739 0.8677, -0.0186 0.4739 0.8683, -0.0154 0.4736 0.8728, -0.0455 0.4742 0.8612, -0.0374 0.4743 0.8604, -0.0338 0.4743 0.8606, -0.722 0.4636 1.0649, -1.1526 0.4636 1.0649, -1.1455 0.4564 1.2008, -0.722 0.4714 0.9151, -1.1604 0.4714 0.9151, -0.722 0.4787 0.7763, -1.1641 0.4751 0.8453, -0.722 0.4751 0.8453, -0.722 0.4798 0.7552, -1.1677 0.4787 0.7763, 0.04 0.4564 1.2008, 1.1455 0.4564 1.2008, -0.0195 0.4777 0.7948, -0.0207 0.4771 0.8057, -0.0181 0.4778 0.7926, -0.0173 0.478 0.7902, -0.0499 0.4787 0.7763, -0.0476 0.4787 0.7768, -0.0409 0.4787 0.7768, -0.047 0.4771 0.8068, -0.0476 0.4774 0.8013, -0.0215 0.4776 0.7966, -0.0242 0.4775 0.798, -0.0252 0.477 0.8085, -0.0296 0.4775 0.7994, -0.0355 0.4769 0.8101, -0.0332 0.4769 0.8103, -0.0293 0.4769 0.8099, -0.0225 0.4786 0.7773, -0.0202 0.4785 0.7789, -0.0146 0.4787 0.7763, -0.0195 0.4785 0.7796, -0.0181 0.4784 0.7817, -0.0409 0.4783 0.7827, -0.0407 0.4783 0.7827, -0.0397 0.4784 0.7811, -0.0376 0.4785 0.7788, -0.0173 0.4783 0.7839, -0.017 0.4781 0.787, -0.0207 0.4768 0.8122, -0.0381 0.4766 0.8153, -0.0409 0.4767 0.8144, -0.043 0.4767 0.8131, -0.0409 0.4774 0.801, -0.0407 0.4772 0.8039, -0.04 0.4771 0.8063, -0.0392 0.477 0.8077, -0.0445 0.4768 0.8117, -0.0459 0.4769 0.8097, -0.0228 0.4767 0.8133, -0.0279 0.4766 0.8151, -0.0338 0.4766 0.8157, -0.0382 0.477 0.8088, -0.037 0.4769 0.8095, -0.0352 0.4786 0.7772, -0.0327 0.4787 0.7763, -0.0499 0.4798 0.7552, -0.0325 0.4787 0.7763, -0.0291 0.4787 0.7759, -0.0146 0.4798 0.7552, -0.0252 0.4787 0.7763, -0.0251 0.4787 0.7763, -0.0598 0.4786 0.777, -0.0567 0.4786 0.7781, -0.0567 0.4782 0.785, -0.0567 0.4772 0.8046, -0.057 0.4771 0.807, -0.0577 0.4774 0.7999, -0.057 0.4773 0.802, -0.0598 0.4783 0.7833, -0.0598 0.4776 0.7974, -0.0589 0.4783 0.7836, -0.0597 0.4776 0.7974, -0.0586 0.4775 0.7986, -0.0613 0.4787 0.7765, -0.0598 0.4787 0.7763, -0.0627 0.4787 0.7763, -0.067 0.4787 0.7759, -0.0842 0.4798 0.7552, -0.0806 0.4767 0.814, -0.0806 0.477 0.8076, -0.061 0.4768 0.8127, -0.0627 0.4767 0.8138, -0.0578 0.477 0.8091, -0.059 0.4769 0.8109, -0.0598 0.4768 0.8116, -0.0821 0.4783 0.7845, -0.0813 0.4784 0.7823, -0.08 0.4785 0.7806, -0.0663 0.4766 0.8151, -0.0716 0.4766 0.8157, -0.0757 0.4766 0.8154, -0.0802 0.4778 0.7934, -0.0814 0.4779 0.7916, -0.0821 0.478 0.7896, -0.0824 0.4781 0.7871, -0.0781 0.4785 0.7789, -0.0763 0.4786 0.7778, -0.0709 0.4769 0.8103, -0.0689 0.4769 0.8102, -0.0636 0.4772 0.8052, -0.0671 0.4769 0.8097, -0.0656 0.477 0.8089, -0.0637 0.4772 0.8043, -0.0639 0.4773 0.8033, -0.0644 0.4773 0.8024, -0.0651 0.4773 0.8016, -0.0674 0.4774 0.8002, -0.0757 0.4769 0.8097, -0.0716 0.4775 0.7984, -0.0795 0.477 0.8082, -0.0741 0.4776 0.7973, -0.0786 0.4777 0.7949, -0.0646 0.477 0.808, -0.064 0.4771 0.8071, -0.0637 0.4771 0.8062, -0.063 0.4784 0.7819, -0.0668 0.4778 0.7935, -0.0628 0.4777 0.7953, -0.0677 0.4784 0.7813, -0.068 0.4784 0.7813, -0.0712 0.4779 0.7917, -0.0714 0.4784 0.7817, -0.0756 0.4781 0.7865, -0.0755 0.4781 0.7873, -0.0731 0.4784 0.7823, -0.0737 0.4783 0.7827, -0.0745 0.4783 0.7834, -0.0751 0.4783 0.7843, -0.0754 0.4782 0.7852, -0.0752 0.478 0.7884, -0.0747 0.478 0.7892, -0.0738 0.478 0.7901, -0.1297 0.4759 0.8301, -0.1466 0.4759 0.8301, -0.1033 0.4782 0.7862, -0.1042 0.4783 0.7831, -0.1043 0.4783 0.7831, -0.1156 0.4767 0.8149, -0.0966 0.4771 0.8056, -0.1051 0.4782 0.7862, -0.1046 0.4783 0.7844, -0.0966 0.4781 0.7877, -0.0859 0.4767 0.8149, -0.0934 0.4767 0.8149, -0.1006 0.4787 0.7763, -0.1008 0.4786 0.7769, -0.0966 0.4791 0.7675, -0.0966 0.4791 0.7675, -0.0966 0.4787 0.7763, -0.0979 0.479 0.7699, -0.0873 0.4793 0.7653, -0.0873 0.4796 0.7594, -0.0886 0.4793 0.7649, -0.0911 0.4793 0.7646, -0.0927 0.4793 0.7648, -0.0966 0.4795 0.76, -0.0943 0.4796 0.7592, -0.0966 0.4798 0.7552, -0.0916 0.4796 0.7588, -0.0901 0.4796 0.7589, -0.0941 0.4793 0.7653, -0.0954 0.4792 0.7662, -0.1466 0.4798 0.7552, -0.1052 0.479 0.771, -0.1022 0.4793 0.7651, -0.0997 0.4794 0.7622, -0.0993 0.4794 0.7618, -0.0969 0.4795 0.7602, -0.1366 0.4783 0.7829, -0.1466 0.4783 0.7829, -0.1366 0.4774 0.8008, -0.1466 0.4774 0.8008, -0.1572 0.4759 0.8301, -0.1572 0.4762 0.824, -0.1557 0.4774 0.8008, -0.1584 0.4783 0.7829, -0.1557 0.4771 0.8069, -0.1466 0.4762 0.824, -0.1466 0.4771 0.8069, -0.1366 0.4762 0.824, -0.1366 0.4771 0.8069, -0.0114 0.4798 0.7552, -0.0146 0.4921 0.5197, -0.0499 0.4921 0.5197, -0.0966 0.4921 0.5197, -0.1466 0.4921 0.5197, -0.1634 0.4921 0.5197, -0.1634 0.4798 0.7552, -0.1634 0.4787 0.7763, -0.2134 0.4787 0.7763, -0.0094 0.4762 0.824, -0.0106 0.4783 0.7829, -0.0114 0.4787 0.7763, -0.0106 0.4787 0.7768, 0.0181 0.4787 0.7768, 0.0181 0.4759 0.8301, -0.0094 0.4759 0.8301, 0.0112 0.4774 0.8008, 0.0112 0.4783 0.7829, -0.0078 0.4774 0.8008, -0.0078 0.4771 0.8069, 0.0112 0.4771 0.8069, 0.0112 0.4762 0.824, -0.1685 0.4787 0.7768, -0.1921 0.4786 0.7779, -0.1832 0.4787 0.7768, -0.1928 0.4759 0.8289, -0.1991 0.4761 0.8264, -0.2103 0.4778 0.7939, -0.2075 0.478 0.7885, -0.2039 0.4783 0.7842, -0.1982 0.4785 0.7802, -0.1685 0.4759 0.8301, -0.1837 0.4759 0.8301, -0.1848 0.4759 0.8301, -0.2039 0.4762 0.823, -0.2064 0.4764 0.8205, -0.2095 0.4766 0.8156, -0.2113 0.4769 0.8103, -0.2119 0.4772 0.8041, -0.2117 0.4774 0.8001, -0.2225 0.4787 0.7768, -0.2149 0.4787 0.7768, -0.2553 0.4787 0.7768, -0.2499 0.4779 0.7914, -0.2277 0.4779 0.7914, -0.2352 0.4759 0.8301, -0.2426 0.4759 0.8301, -0.2629 0.4787 0.7768, 0.0112 0.4714 0.9147, 0.0112 0.4739 0.8674, -0.01 0.4739 0.8674, 0.0181 0.4742 0.8613, 0.0181 0.4714 0.9147, -0.01 0.4742 0.8613, -0.1163 0.4742 0.8613, -0.1016 0.4742 0.8613, -0.1449 0.473 0.8846, -0.1435 0.4733 0.8785, -0.1407 0.4736 0.873, -0.1253 0.4742 0.8624, -0.137 0.4738 0.8688, -0.1314 0.474 0.8648, -0.1016 0.4714 0.9147, -0.1169 0.4714 0.9147, -0.1466 0.4714 0.9151, -0.1179 0.4714 0.9146, -0.126 0.4715 0.9135, -0.1323 0.4716 0.911, -0.137 0.4718 0.9076, -0.1396 0.4719 0.905, -0.1427 0.4722 0.9002, -0.1445 0.4725 0.8949, -0.1451 0.4728 0.8887, -0.0114 0.4636 1.0649, -0.2134 0.4636 1.0649, -0.1634 0.4636 1.0649, -0.1466 0.4636 1.0649, -0.0966 0.4636 1.0649, -0.0842 0.4636 1.0649, -0.0598 0.4636 1.0649, -0.722 0.4564 1.2008, -0.2134 0.4564 1.2008, -0.1634 0.4564 1.2008, -0.1466 0.4564 1.2008, -0.0966 0.4564 1.2008, -0.0842 0.4564 1.2008, -0.0598 0.4564 1.2008, -0.0499 0.4564 1.2008, -0.0146 0.4564 1.2008, -0.0114 0.4564 1.2008, -0.6377 0.1098 1.2598, -0.6273 0.0677 1.2598, -0.5709 0.1969 1.2598, -0.6097 0.0282 1.2598, -0.5709 -0.1969 1.2598, 0.6472 0.3803 1.2598, -0.0 0.1969 1.2598, 0.374 0.1969 1.2598, 1.0409 0.313 1.2598, 1.1614 0.3937 1.2598, 1.1604 0.4025 1.2598, 0.7144 0.1099 1.2598, 0.7144 0.1088 1.2598, 0.7281 0.1175 1.2598, 0.7429 0.111 1.2598, 0.7415 0.1257 1.2598, 0.7715 0.1114 1.2598, 1.0409 0.1114 1.2598, 1.0409 0.0586 1.2598, 1.1614 -0.3937 1.2598, 1.1575 0.4108 1.2598, 1.1528 0.4182 1.2598, 1.1466 0.4245 1.2598, 0.8894 -0.0175 1.2598, 0.9376 -0.0315 1.2598, 0.9751 -0.053 1.2598, 1.0071 -0.0838 1.2598, -0.6097 -0.0087 1.2598, -0.9645 -0.0087 1.2598, -0.9645 -0.088 1.2598, 0.6472 0.3274 1.2598, 0.5709 0.1969 1.2598, 0.9234 0.3274 1.2598, -1.122 0.4331 1.2598, 1.122 0.4331 1.2598, 1.0409 0.3803 1.2598, 1.1308 0.4321 1.2598, 1.1391 0.4292 1.2598, 0.9784 0.3274 1.2598, 0.9784 0.329 1.2598, 0.9653 0.3215 1.2598, 0.9509 0.3277 1.2598, 0.9528 0.3143 1.2598, 0.6472 0.1212 1.2598, -0.9645 0.0398 1.2598, -0.6689 0.0398 1.2598, -0.9645 0.1277 1.2598, -0.6689 0.1099 1.2598, 1.0407 -0.2519 1.2598, 1.0276 -0.2893 1.2598, 0.6471 -0.1522 1.2598, 0.6595 -0.1151 1.2598, 0.6472 0.0586 1.2598, 0.6798 -0.0827 1.2598, 0.7088 -0.0541 1.2598, 0.7451 -0.0321 1.2598, 0.7875 -0.0184 1.2598, 0.8394 -0.0134 1.2598, 1.0295 -0.1208 1.2598, 1.0416 -0.1604 1.2598, 1.0457 -0.2053 1.2598, -1.1466 0.4245 1.2598, -1.1528 0.4182 1.2598, -1.0029 0.1277 1.2598, 0.6827 -0.3204 1.2598, 0.6618 -0.2886 1.2598, 0.5709 -0.1969 1.2598, 0.6482 -0.2512 1.2598, 0.6424 -0.1989 1.2598, 1.1466 -0.4245 1.2598, 1.1528 -0.4182 1.2598, 1.122 -0.4331 1.2598, 0.9719 -0.353 1.2598, 0.9327 -0.3737 1.2598, 0.7512 -0.3704 1.2598, 0.7143 -0.3498 1.2598, -1.122 -0.4331 1.2598, -1.1614 0.3937 1.2598, -1.0029 -0.088 1.2598, -1.1614 -0.3937 1.2598, -1.1604 -0.4025 1.2598, -1.1575 -0.4108 1.2598, -1.1528 -0.4182 1.2598, -1.1466 -0.4245 1.2598, -1.1391 -0.4292 1.2598, -1.1308 0.4321 1.2598, -1.1391 0.4292 1.2598, 1.0046 -0.3238 1.2598, 1.1308 -0.4321 1.2598, 1.1391 -0.4292 1.2598, -1.1575 0.4108 1.2598, -1.1604 0.4025 1.2598, 1.1575 -0.4108 1.2598, 1.1604 -0.4025 1.2598, 0.374 -0.1969 1.2598, -0.0 -0.1969 1.2598, -1.1308 -0.4321 1.2598, 0.8889 -0.385 1.2598, 0.8487 -0.3879 1.2598, 0.7985 -0.3839 1.2598, -1.2205 0.4528 0.4252, -1.2205 0.3031 0.4252, -1.2205 0.4528 0.5197, -1.2205 0.3031 0.5197, 1.2205 -0.4528 0.4252, 1.2205 -0.3031 0.4252, 1.2205 -0.4528 0.5197, 1.2205 -0.3031 0.5197, 1.2205 0.4528 0.5197, 1.2205 0.3031 0.5197, 1.2205 0.4528 0.4252, 1.2205 0.3031 0.4252, -1.1811 0.4921 0.4252, 1.1811 0.4921 0.4252, -1.2205 -0.4528 0.5197, -1.2205 -0.3031 0.5197, -1.2205 -0.4528 0.4252, -1.2205 -0.3031 0.4252, 1.1811 -0.4921 0.5197, -1.1811 -0.4921 0.5197, 1.1811 -0.4921 0.4252, -1.1811 -0.4921 0.4252, 1.1589 -0.4698 0.0, 1.1982 0.4305 0.0, 1.1982 -0.4305 0.0, -1.1982 -0.4305 0.0, -1.1982 0.4305 0.0, -1.1589 0.4698 0.0, 1.1589 0.4698 0.0, -1.1968 0.4407 0.0, -1.1739 0.4669 0.0, -1.1691 0.4685 0.0, -1.1691 -0.4685 0.0, -1.1739 -0.4669 0.0, 1.1691 0.4685 0.0, 1.1952 0.4456 0.0, 1.1968 0.4407 0.0, 1.1968 -0.4407 0.0, 1.1739 -0.4669 0.0, 1.1691 -0.4685 0.0, -1.1589 -0.4698 0.0, -1.1952 0.4456 0.0, -1.1929 0.4502 0.0, -1.1785 0.4646 0.0, -1.1901 0.4545 0.0, -1.1828 0.4617 0.0, -1.1867 0.4583 0.0, 1.1739 0.4669 0.0, 1.1785 0.4646 0.0, 1.1929 0.4502 0.0, 1.1828 0.4617 0.0, 1.1901 0.4545 0.0, 1.1867 0.4583 0.0, 1.1952 -0.4456 0.0, 1.1929 -0.4502 0.0, 1.1785 -0.4646 0.0, 1.1901 -0.4545 0.0, 1.1828 -0.4617 0.0, 1.1867 -0.4583 0.0, -1.1867 -0.4583 0.0, -1.1901 -0.4545 0.0, -1.1828 -0.4617 0.0, -1.1929 -0.4502 0.0, -1.1785 -0.4646 0.0, -1.1952 -0.4456 0.0, -1.1968 -0.4407 0.0, -1.1968 -0.4407 0.0
            ]
        }
        coordIndex [
            0,1,2,-1,3,4,5,-1,6,7,8,-1,9,10,11,-1,12,13,14,-1,15,16,17,-1,18,19,20,-1,21,22,23,-1,24,25,26,-1,27,28,29,-1,29,28,30,-1,31,32,33,-1,33,32,29,-1,33,29,34,-1,34,29,35,-1,30,36,29,-1,29,36,37,-1,29,37,35,-1,38,39,40,-1,41,42,43,-1,39,44,40,-1,40,44,45,-1,40,45,46,-1,43,42,47,-1,42,48,49,-1,49,50,42,-1,42,50,51,-1,42,51,52,-1,42,53,47,-1,47,53,54,-1,47,54,55,-1,55,54,56,-1,55,56,57,-1,52,58,42,-1,42,58,59,-1,42,59,53,-1,60,61,62,-1,62,61,63,-1,60,62,64,-1,64,62,65,-1,64,65,66,-1,63,67,62,-1,62,67,68,-1,62,68,48,-1,48,68,69,-1,48,69,49,-1,70,71,62,-1,71,72,62,-1,62,72,73,-1,62,73,65,-1,6,74,7,-1,7,74,75,-1,7,75,76,-1,77,78,79,-1,62,77,70,-1,70,77,79,-1,70,79,80,-1,80,79,7,-1,80,7,81,-1,81,7,76,-1,82,83,6,-1,6,83,84,-1,84,85,6,-1,6,85,86,-1,6,86,74,-1,87,88,89,-1,90,91,92,-1,92,91,93,-1,87,89,94,-1,95,96,97,-1,98,99,91,-1,91,99,100,-1,91,100,101,-1,31,102,32,-1,32,102,103,-1,32,103,97,-1,97,103,104,-1,97,104,95,-1,88,105,89,-1,89,105,106,-1,89,106,107,-1,108,109,110,-1,110,109,111,-1,110,111,112,-1,113,101,114,-1,114,101,115,-1,114,115,110,-1,110,115,116,-1,110,116,108,-1,113,117,101,-1,101,117,118,-1,101,118,91,-1,91,118,119,-1,91,119,93,-1,96,120,97,-1,97,120,121,-1,97,121,122,-1,123,124,125,-1,125,124,126,-1,125,126,89,-1,89,126,127,-1,89,127,94,-1,128,129,89,-1,89,129,130,-1,89,130,91,-1,91,130,131,-1,91,131,98,-1,132,133,82,-1,133,134,82,-1,82,134,135,-1,82,135,136,-1,136,137,82,-1,82,137,138,-1,82,138,139,-1,139,138,123,-1,139,123,140,-1,140,123,125,-1,107,141,89,-1,89,141,142,-1,89,142,143,-1,143,144,89,-1,89,144,145,-1,89,145,128,-1,146,147,148,-1,147,149,148,-1,148,149,150,-1,148,150,151,-1,100,148,101,-1,101,148,152,-1,101,152,153,-1,154,155,156,-1,156,155,157,-1,156,157,158,-1,154,156,100,-1,100,156,159,-1,100,159,148,-1,148,159,160,-1,148,160,146,-1,161,162,163,-1,163,162,164,-1,163,164,165,-1,151,150,166,-1,166,150,167,-1,166,167,168,-1,168,167,169,-1,168,169,170,-1,153,171,101,-1,101,171,163,-1,101,163,172,-1,172,163,165,-1,173,174,175,-1,175,174,176,-1,175,176,177,-1,177,176,178,-1,179,180,181,-1,181,180,182,-1,181,182,183,-1,184,185,186,-1,186,185,176,-1,186,176,187,-1,187,176,174,-1,188,189,190,-1,190,189,191,-1,192,193,194,-1,194,193,195,-1,194,195,196,-1,191,189,197,-1,197,189,198,-1,197,198,199,-1,192,200,201,-1,201,200,202,-1,201,202,203,-1,204,205,206,-1,206,205,207,-1,206,207,208,-1,208,207,209,-1,208,209,198,-1,196,195,210,-1,210,195,211,-1,210,211,204,-1,26,25,211,-1,211,25,212,-1,211,212,213,-1,214,215,216,-1,216,215,205,-1,216,205,217,-1,217,205,218,-1,204,211,205,-1,205,211,213,-1,205,213,218,-1,218,213,219,-1,218,219,220,-1,220,219,221,-1,220,221,222,-1,223,224,225,-1,225,224,220,-1,225,220,226,-1,222,227,220,-1,220,227,228,-1,220,228,229,-1,230,231,220,-1,220,231,232,-1,220,232,226,-1,233,234,235,-1,236,237,225,-1,225,237,238,-1,225,238,223,-1,229,239,220,-1,220,239,240,-1,220,240,230,-1,233,235,225,-1,225,235,241,-1,225,241,236,-1,22,242,243,-1,243,242,244,-1,244,242,245,-1,244,245,246,-1,21,23,247,-1,248,249,23,-1,23,249,250,-1,23,250,247,-1,251,252,23,-1,23,252,253,-1,23,253,248,-1,254,255,256,-1,256,255,257,-1,256,257,251,-1,251,257,258,-1,251,258,252,-1,259,260,261,-1,260,262,261,-1,261,262,263,-1,261,263,264,-1,214,265,215,-1,215,265,266,-1,215,266,261,-1,261,266,267,-1,261,267,259,-1,268,269,270,-1,271,272,269,-1,273,274,275,-1,275,274,272,-1,2,18,276,-1,276,18,20,-1,276,20,277,-1,278,279,41,-1,280,281,282,-1,282,281,283,-1,284,285,286,-1,215,287,288,-1,280,289,281,-1,281,289,290,-1,281,290,291,-1,291,290,292,-1,293,294,292,-1,292,294,295,-1,292,295,291,-1,296,297,298,-1,298,297,299,-1,298,299,300,-1,301,302,286,-1,286,302,303,-1,286,303,304,-1,300,305,298,-1,298,305,306,-1,298,306,261,-1,261,306,283,-1,261,283,307,-1,307,283,281,-1,308,309,215,-1,215,309,310,-1,311,312,292,-1,292,312,313,-1,292,313,314,-1,310,315,215,-1,215,315,316,-1,215,316,287,-1,307,317,261,-1,261,317,318,-1,261,318,215,-1,215,318,319,-1,215,319,308,-1,314,320,292,-1,292,320,321,-1,292,321,293,-1,304,322,286,-1,286,322,323,-1,286,323,284,-1,284,323,324,-1,325,326,327,-1,327,326,328,-1,327,328,298,-1,298,328,329,-1,298,329,296,-1,330,331,284,-1,284,331,332,-1,333,334,215,-1,335,336,332,-1,336,333,332,-1,332,333,215,-1,332,215,284,-1,284,215,288,-1,284,288,285,-1,337,338,339,-1,339,338,340,-1,339,340,332,-1,332,340,341,-1,332,341,335,-1,342,343,344,-1,344,343,3,-1,344,3,345,-1,345,3,16,-1,16,3,346,-1,16,346,17,-1,347,348,17,-1,349,350,205,-1,334,351,215,-1,215,351,352,-1,215,352,205,-1,205,352,353,-1,205,353,349,-1,354,355,17,-1,17,355,356,-1,350,357,205,-1,205,357,358,-1,205,358,207,-1,207,358,359,-1,207,359,347,-1,360,361,348,-1,348,361,362,-1,348,362,17,-1,17,362,363,-1,17,363,354,-1,356,364,17,-1,17,364,365,-1,17,365,15,-1,366,367,368,-1,368,367,369,-1,368,369,370,-1,368,371,366,-1,366,371,372,-1,366,372,373,-1,373,374,366,-1,366,374,375,-1,366,375,376,-1,376,375,377,-1,376,377,378,-1,378,377,379,-1,378,379,348,-1,348,379,380,-1,348,380,360,-1,381,382,370,-1,370,382,383,-1,370,383,368,-1,384,385,337,-1,337,385,386,-1,337,386,338,-1,384,387,385,-1,385,387,388,-1,385,388,389,-1,389,388,390,-1,389,391,392,-1,390,393,389,-1,389,393,394,-1,389,394,395,-1,395,396,389,-1,389,396,397,-1,389,397,391,-1,392,398,389,-1,389,398,399,-1,389,399,400,-1,401,402,185,-1,403,404,405,-1,14,401,12,-1,12,401,209,-1,12,209,406,-1,406,209,407,-1,406,407,408,-1,408,407,403,-1,408,403,409,-1,409,403,405,-1,410,411,17,-1,347,17,207,-1,207,17,411,-1,207,411,209,-1,209,411,412,-1,209,412,407,-1,413,414,410,-1,415,416,417,-1,417,416,418,-1,417,418,413,-1,413,410,417,-1,417,410,17,-1,417,17,419,-1,419,17,346,-1,419,346,420,-1,419,421,417,-1,417,421,422,-1,417,422,423,-1,424,425,426,-1,426,425,427,-1,426,427,346,-1,346,427,428,-1,346,428,420,-1,423,429,417,-1,417,429,430,-1,417,430,415,-1,10,14,11,-1,11,14,13,-1,11,13,431,-1,431,13,432,-1,431,432,433,-1,433,434,431,-1,431,434,435,-1,431,435,426,-1,426,435,436,-1,426,436,424,-1,437,438,439,-1,439,438,440,-1,185,402,176,-1,176,402,441,-1,176,441,442,-1,440,438,443,-1,443,438,444,-1,443,444,445,-1,442,446,447,-1,447,446,448,-1,447,448,449,-1,8,450,6,-1,6,450,97,-1,6,97,82,-1,82,97,122,-1,82,122,132,-1,451,452,327,-1,327,452,324,-1,327,324,325,-1,325,324,323,-1,3,5,346,-1,346,5,453,-1,346,453,426,-1,426,453,454,-1,426,454,431,-1,455,1,456,-1,456,1,0,-1,456,0,457,-1,452,4,324,-1,324,4,3,-1,324,3,284,-1,284,3,343,-1,284,343,330,-1,330,343,342,-1,454,455,431,-1,431,455,456,-1,431,456,11,-1,11,456,457,-1,11,457,9,-1,9,457,444,-1,458,276,273,-1,273,276,277,-1,273,277,274,-1,459,460,256,-1,256,460,461,-1,461,460,462,-1,461,462,463,-1,450,461,97,-1,97,461,463,-1,97,463,32,-1,32,463,464,-1,32,464,256,-1,256,464,465,-1,256,465,459,-1,466,467,468,-1,468,467,460,-1,468,460,469,-1,469,460,459,-1,469,459,470,-1,470,459,471,-1,8,451,450,-1,450,451,327,-1,450,327,461,-1,461,327,298,-1,461,298,256,-1,256,298,261,-1,256,261,254,-1,254,261,264,-1,447,445,442,-1,442,445,444,-1,442,444,176,-1,176,444,457,-1,176,457,472,-1,458,473,474,-1,178,475,476,-1,458,477,478,-1,2,276,0,-1,0,276,458,-1,0,458,457,-1,457,458,474,-1,457,474,472,-1,478,479,458,-1,458,479,480,-1,458,480,473,-1,472,481,176,-1,176,481,482,-1,176,482,178,-1,178,482,483,-1,178,483,475,-1,476,484,178,-1,178,484,485,-1,178,485,486,-1,486,487,178,-1,178,487,488,-1,178,488,458,-1,458,488,489,-1,458,489,477,-1,490,491,458,-1,492,493,494,-1,458,491,178,-1,178,491,495,-1,178,495,496,-1,494,490,492,-1,492,490,458,-1,492,458,497,-1,497,458,273,-1,497,273,496,-1,496,273,275,-1,496,275,178,-1,498,499,500,-1,501,502,29,-1,29,502,498,-1,29,498,251,-1,251,498,500,-1,251,500,256,-1,256,500,503,-1,256,503,32,-1,32,503,501,-1,32,501,29,-1,504,505,209,-1,209,505,193,-1,209,193,198,-1,198,193,192,-1,198,192,199,-1,199,192,201,-1,506,507,185,-1,185,507,508,-1,401,185,209,-1,209,185,509,-1,209,509,504,-1,508,510,185,-1,185,510,511,-1,185,511,509,-1,505,512,193,-1,193,512,513,-1,193,513,514,-1,514,513,515,-1,514,515,516,-1,516,517,514,-1,514,517,518,-1,514,518,519,-1,519,520,514,-1,514,520,521,-1,514,521,522,-1,179,181,184,-1,184,181,514,-1,184,514,185,-1,185,514,522,-1,185,522,506,-1,272,271,275,-1,275,271,183,-1,275,183,178,-1,178,183,182,-1,178,182,177,-1,22,243,23,-1,23,243,523,-1,23,523,251,-1,251,523,40,-1,251,40,29,-1,29,40,46,-1,29,46,27,-1,269,268,271,-1,271,268,524,-1,271,524,183,-1,183,524,525,-1,183,525,181,-1,181,525,526,-1,181,526,514,-1,514,526,527,-1,514,527,193,-1,193,527,528,-1,193,528,195,-1,195,528,529,-1,195,529,211,-1,211,529,244,-1,211,244,26,-1,26,244,246,-1,26,246,24,-1,270,530,268,-1,268,530,531,-1,268,531,524,-1,524,531,532,-1,524,532,525,-1,525,532,533,-1,525,533,526,-1,526,533,534,-1,526,534,527,-1,527,534,535,-1,527,535,528,-1,528,535,536,-1,528,536,529,-1,529,536,537,-1,529,537,244,-1,244,537,538,-1,244,538,243,-1,243,538,539,-1,243,539,523,-1,523,539,278,-1,523,278,40,-1,40,278,41,-1,40,41,38,-1,38,41,43,-1,540,541,542,-1,542,541,543,-1,542,543,544,-1,545,546,547,-1,548,549,550,-1,551,552,553,-1,553,552,554,-1,553,554,555,-1,555,554,548,-1,554,556,548,-1,548,556,557,-1,548,557,549,-1,549,557,558,-1,549,558,559,-1,550,560,548,-1,548,560,561,-1,548,561,562,-1,563,564,558,-1,558,564,565,-1,558,565,566,-1,543,567,544,-1,544,567,568,-1,544,568,569,-1,545,547,570,-1,570,547,571,-1,570,571,572,-1,542,546,573,-1,573,546,545,-1,573,545,574,-1,574,545,575,-1,574,575,576,-1,576,575,548,-1,576,548,577,-1,577,548,562,-1,578,579,580,-1,580,579,581,-1,580,581,582,-1,582,581,583,-1,584,585,586,-1,586,585,587,-1,588,589,559,-1,590,591,592,-1,592,591,593,-1,592,593,594,-1,594,595,592,-1,592,595,596,-1,592,596,558,-1,558,596,597,-1,558,597,563,-1,566,598,558,-1,558,598,599,-1,558,599,559,-1,559,599,600,-1,559,600,588,-1,601,602,603,-1,604,605,606,-1,606,605,607,-1,606,607,608,-1,608,590,606,-1,606,590,592,-1,606,592,571,-1,571,592,583,-1,571,583,572,-1,572,583,581,-1,589,609,610,-1,611,612,613,-1,614,615,616,-1,616,615,604,-1,603,617,618,-1,618,617,619,-1,618,619,569,-1,569,619,620,-1,569,620,544,-1,544,620,621,-1,621,622,544,-1,544,622,623,-1,544,623,624,-1,540,542,587,-1,587,542,573,-1,587,573,586,-1,586,573,625,-1,586,625,603,-1,603,625,626,-1,603,626,601,-1,612,611,627,-1,627,611,628,-1,627,628,589,-1,589,628,629,-1,589,629,609,-1,602,630,603,-1,603,630,631,-1,603,631,617,-1,610,632,589,-1,589,632,633,-1,589,633,559,-1,606,634,604,-1,604,634,635,-1,604,635,616,-1,616,635,544,-1,616,544,636,-1,636,544,624,-1,613,637,611,-1,611,637,638,-1,611,638,616,-1,616,638,639,-1,616,639,614,-1,640,641,642,-1,642,641,643,-1,644,645,646,-1,646,645,647,-1,648,649,650,-1,650,649,651,-1,652,18,2,-1,2,1,652,-1,652,1,455,-1,652,455,653,-1,455,454,653,-1,653,454,453,-1,653,453,5,-1,5,4,653,-1,653,4,452,-1,653,452,451,-1,451,8,653,-1,653,8,7,-1,653,7,79,-1,654,655,656,-1,656,655,657,-1,658,659,660,-1,660,659,661,-1,662,663,664,-1,665,666,663,-1,663,666,667,-1,663,667,668,-1,669,670,666,-1,666,670,671,-1,666,671,667,-1,672,673,665,-1,674,675,668,-1,668,675,676,-1,668,676,663,-1,677,678,664,-1,664,678,679,-1,664,679,662,-1,663,662,665,-1,665,662,680,-1,665,680,672,-1,669,681,670,-1,670,681,682,-1,670,682,683,-1,683,682,684,-1,683,684,685,-1,685,684,686,-1,674,687,675,-1,675,687,688,-1,675,688,689,-1,689,688,690,-1,689,690,691,-1,691,690,692,-1,677,693,678,-1,678,693,694,-1,678,694,695,-1,695,694,696,-1,695,696,697,-1,697,696,698,-1,699,700,701,-1,701,700,702,-1,701,702,703,-1,703,702,704,-1,703,704,673,-1,673,704,705,-1,673,705,665,-1,
        ]
    }
}
Shape{
    appearance Appearance {
        material  Material 	{
            diffuseColor 0.9882352941176471 0.7372549019607844 0.5176470588235295
            specularColor 0.49411764705882355 0.3686274509803922 0.25882352941176473
            ambientIntensity 0.2
            transparency 0
            shininess 0.5
        }
    }
    geometry IndexedFaceSet {
        ccw TRUE
        solid FALSE
        coord DEF co Coordinate {
            point [
                -1.5764 -0.3031 -0.0492, -1.5893 -0.3031 -0.0492, -1.5764 0.3031 -0.0492, -1.6931 -0.1181 -0.0492, -1.5893 0.3031 -0.0492, -1.6931 0.1181 -0.0492, -1.8504 0.1181 -0.0492, -1.8504 -0.1181 -0.0492, -1.8504 0.1181 0.0492, -1.8504 -0.1181 0.0492, -1.5893 -0.3031 0.0492, -1.5764 -0.3031 0.0492, -1.6931 -0.1181 0.0492, -1.5764 0.3031 0.0492, -1.6931 0.1181 0.0492, -1.5893 0.3031 0.0492, -1.574 0.3031 0.0495, -1.574 -0.3031 0.0495, -1.5718 0.3031 0.0503, -1.5718 -0.3031 0.0503, -1.5698 0.3031 0.0517, -1.5698 -0.3031 0.0517, -1.5682 0.3031 0.0535, -1.5682 -0.3031 0.0535, -1.5671 0.3031 0.0556, -1.5671 -0.3031 0.0556, -1.4187 0.3031 0.4514, -1.4187 -0.3031 0.4514, -1.4066 -0.3031 0.4746, -1.4066 0.3031 0.4746, -1.3893 -0.3031 0.4943, -1.3893 0.3031 0.4943, -1.3678 -0.3031 0.5092, -1.3678 0.3031 0.5092, -1.3433 -0.3031 0.5185, -1.3433 0.3031 0.5185, -1.3173 -0.3031 0.5217, -1.3173 0.3031 0.5217, -1.2204 0.3031 0.5217, -1.2204 -0.3031 0.5217, -1.3173 0.3031 0.4232, -1.2204 0.3031 0.4232, -1.3173 -0.3031 0.4232, -1.2204 -0.3031 0.4232, -1.3197 0.3031 0.4229, -1.3197 -0.3031 0.4229, -1.3219 0.3031 0.4221, -1.3219 -0.3031 0.4221, -1.3239 0.3031 0.4207, -1.3239 -0.3031 0.4207, -1.3255 0.3031 0.419, -1.3255 -0.3031 0.419, -1.3266 0.3031 0.4168, -1.3266 -0.3031 0.4168, -1.475 0.3031 0.021, -1.475 -0.3031 0.021, -1.4871 -0.3031 -0.0022, -1.4871 0.3031 -0.0022, -1.5044 -0.3031 -0.0218, -1.5044 0.3031 -0.0218, -1.5259 -0.3031 -0.0367, -1.5259 0.3031 -0.0367, -1.5504 -0.3031 -0.046, -1.5504 0.3031 -0.046, -1.2205 0.3031 0.4252, -1.2205 0.3031 0.5197, -1.2205 -0.3031 0.4252, -1.2205 -0.3031 0.5197, 1.5893 0.3031 0.0492, 1.5764 0.3031 0.0492, 1.6931 0.1181 0.0492, 1.5764 -0.3031 0.0492, 1.8504 -0.1181 0.0492, 1.8504 0.1181 0.0492, 1.6931 -0.1181 0.0492, 1.5893 -0.3031 0.0492, 1.8504 -0.1181 -0.0492, 1.8504 0.1181 -0.0492, 1.5893 -0.3031 -0.0492, 1.5764 -0.3031 -0.0492, 1.6931 -0.1181 -0.0492, 1.5764 0.3031 -0.0492, 1.6931 0.1181 -0.0492, 1.5893 0.3031 -0.0492, 1.5504 -0.3031 -0.046, 1.5504 0.3031 -0.046, 1.5259 -0.3031 -0.0367, 1.5259 0.3031 -0.0367, 1.5044 -0.3031 -0.0218, 1.5044 0.3031 -0.0218, 1.4871 -0.3031 -0.0022, 1.4871 0.3031 -0.0022, 1.475 -0.3031 0.021, 1.475 0.3031 0.021, 1.3266 0.3031 0.4168, 1.3266 -0.3031 0.4168, 1.3255 0.3031 0.419, 1.3255 -0.3031 0.419, 1.3239 0.3031 0.4207, 1.3239 -0.3031 0.4207, 1.3219 0.3031 0.4221, 1.3219 -0.3031 0.4221, 1.3197 0.3031 0.4229, 1.3197 -0.3031 0.4229, 1.3173 0.3031 0.4232, 1.3173 -0.3031 0.4232, 1.2204 0.3031 0.4232, 1.2204 -0.3031 0.4232, 1.3173 0.3031 0.5217, 1.2204 0.3031 0.5217, 1.3173 -0.3031 0.5217, 1.2204 -0.3031 0.5217, 1.3433 -0.3031 0.5185, 1.3433 0.3031 0.5185, 1.3678 -0.3031 0.5092, 1.3678 0.3031 0.5092, 1.3893 -0.3031 0.4943, 1.3893 0.3031 0.4943, 1.4066 -0.3031 0.4746, 1.4066 0.3031 0.4746, 1.4187 -0.3031 0.4514, 1.4187 0.3031 0.4514, 1.5671 0.3031 0.0556, 1.5671 -0.3031 0.0556, 1.5682 0.3031 0.0535, 1.5682 -0.3031 0.0535, 1.5698 0.3031 0.0517, 1.5698 -0.3031 0.0517, 1.5718 0.3031 0.0503, 1.5718 -0.3031 0.0503, 1.574 0.3031 0.0495, 1.574 -0.3031 0.0495, 1.2205 0.3031 0.5197, 1.2205 0.3031 0.4252, 1.2205 -0.3031 0.4252, 1.2205 -0.3031 0.5197, 1.2205 -0.3031 0.5197
            ]
        }
        coordIndex [
            0,1,2,-1,2,1,3,-1,4,2,5,-1,5,2,3,-1,5,3,6,-1,6,3,7,-1,8,6,9,-1,9,6,7,-1,10,11,12,-1,12,11,13,-1,8,9,14,-1,14,9,12,-1,14,12,15,-1,15,12,13,-1,13,11,16,-1,16,11,17,-1,16,17,18,-1,18,17,19,-1,18,19,20,-1,20,19,21,-1,20,21,22,-1,22,21,23,-1,22,23,24,-1,24,23,25,-1,26,24,27,-1,27,24,25,-1,26,27,28,-1,26,28,29,-1,29,28,30,-1,29,30,31,-1,31,30,32,-1,31,32,33,-1,33,32,34,-1,33,34,35,-1,35,34,36,-1,35,36,37,-1,38,37,39,-1,39,37,36,-1,40,41,42,-1,42,41,43,-1,40,42,44,-1,44,42,45,-1,44,45,46,-1,46,45,47,-1,46,47,48,-1,48,47,49,-1,48,49,50,-1,50,49,51,-1,50,51,52,-1,52,51,53,-1,54,52,55,-1,55,52,53,-1,54,55,56,-1,54,56,57,-1,57,56,58,-1,57,58,59,-1,59,58,60,-1,59,60,61,-1,61,60,62,-1,61,62,63,-1,63,62,0,-1,63,0,2,-1,64,41,40,-1,64,40,65,-1,4,15,2,-1,2,15,13,-1,2,13,63,-1,63,13,16,-1,63,16,61,-1,61,16,18,-1,61,18,59,-1,59,18,20,-1,59,20,57,-1,57,20,22,-1,57,22,54,-1,54,22,24,-1,54,24,52,-1,52,24,26,-1,52,26,50,-1,50,26,29,-1,50,29,48,-1,48,29,31,-1,48,31,46,-1,46,31,33,-1,46,33,44,-1,44,33,35,-1,44,35,40,-1,40,35,37,-1,40,37,65,-1,65,37,38,-1,42,43,66,-1,42,36,45,-1,45,36,34,-1,45,34,47,-1,47,34,32,-1,47,32,49,-1,49,32,30,-1,49,30,51,-1,51,30,28,-1,51,28,53,-1,53,28,27,-1,53,27,55,-1,55,27,25,-1,55,25,56,-1,56,25,23,-1,56,23,58,-1,58,23,21,-1,58,21,60,-1,60,21,19,-1,60,19,62,-1,62,19,17,-1,62,17,0,-1,0,17,11,-1,0,11,1,-1,1,11,10,-1,42,66,36,-1,36,66,67,-1,36,67,39,-1,68,69,70,-1,70,69,71,-1,72,73,74,-1,74,73,70,-1,74,70,75,-1,75,70,71,-1,72,76,73,-1,73,76,77,-1,78,79,80,-1,80,79,81,-1,77,76,82,-1,82,76,80,-1,82,80,83,-1,83,80,81,-1,81,79,84,-1,81,84,85,-1,85,84,86,-1,85,86,87,-1,87,86,88,-1,87,88,89,-1,89,88,90,-1,89,90,91,-1,91,90,92,-1,91,92,93,-1,94,93,95,-1,95,93,92,-1,94,95,96,-1,96,95,97,-1,96,97,98,-1,98,97,99,-1,98,99,100,-1,100,99,101,-1,100,101,102,-1,102,101,103,-1,102,103,104,-1,104,103,105,-1,106,104,107,-1,107,104,105,-1,108,109,110,-1,110,109,111,-1,108,110,112,-1,108,112,113,-1,113,112,114,-1,113,114,115,-1,115,114,116,-1,115,116,117,-1,117,116,118,-1,117,118,119,-1,119,118,120,-1,119,120,121,-1,122,121,123,-1,123,121,120,-1,122,123,124,-1,124,123,125,-1,124,125,126,-1,126,125,127,-1,126,127,128,-1,128,127,129,-1,128,129,130,-1,130,129,131,-1,130,131,69,-1,69,131,71,-1,132,109,108,-1,132,108,133,-1,106,133,104,-1,104,133,108,-1,104,108,102,-1,102,108,113,-1,102,113,100,-1,100,113,115,-1,100,115,98,-1,98,115,117,-1,98,117,96,-1,96,117,119,-1,96,119,94,-1,94,119,121,-1,94,121,93,-1,93,121,122,-1,93,122,91,-1,91,122,124,-1,91,124,89,-1,89,124,126,-1,89,126,87,-1,87,126,128,-1,87,128,85,-1,85,128,130,-1,85,130,81,-1,81,130,69,-1,81,69,83,-1,83,69,68,-1,134,107,105,-1,134,105,135,-1,78,75,79,-1,79,75,71,-1,79,71,84,-1,84,71,131,-1,84,131,86,-1,86,131,129,-1,86,129,88,-1,88,129,127,-1,88,127,90,-1,90,127,125,-1,90,125,92,-1,92,125,123,-1,92,123,95,-1,95,123,120,-1,95,120,97,-1,97,120,118,-1,97,118,99,-1,99,118,116,-1,99,116,101,-1,101,116,114,-1,101,114,103,-1,103,114,112,-1,103,112,105,-1,105,112,110,-1,105,110,135,-1,135,110,111,-1,74,75,80,-1,80,75,78,-1,72,74,76,-1,76,74,80,-1,70,73,82,-1,82,73,77,-1,68,70,83,-1,83,70,82,-1,9,7,12,-1,12,7,3,-1,12,3,10,-1,10,3,1,-1,14,5,8,-1,8,5,6,-1,15,4,14,-1,14,4,5,-1,
        ]
    }
}
Shape{
    appearance Appearance {
        material  Material 	{
            diffuseColor 0.25098039215686274 0.25098039215686274 0.25098039215686274
            specularColor 0.12549019607843137 0.12549019607843137 0.12549019607843137
            ambientIntensity 0.2
            transparency 0
            shininess 0.5
        }
    }
    geometry IndexedFaceSet {
        ccw TRUE
        solid FALSE
        coord DEF co Coordinate {
            point [
                1.122 0.4331 1.2008, 1.1308 0.4321 1.2008, 1.1455 0.4564 1.2008, -1.1455 0.4564 1.2008, -1.1308 0.4321 1.2008, -1.122 0.4331 1.2008, 1.1575 0.4108 1.2008, 1.1604 0.4025 1.2008, 1.1848 0.4171 1.2008, 1.1614 0.3937 1.2008, 1.1848 -0.4171 1.2008, -1.1651 0.4512 1.2008, -1.1466 0.4245 1.2008, -1.1605 0.4534 1.2008, -1.1391 0.4292 1.2008, -1.1556 0.4551 1.2008, 1.1556 0.4551 1.2008, 1.1391 0.4292 1.2008, 1.1605 0.4534 1.2008, 1.1466 0.4245 1.2008, 1.1651 0.4512 1.2008, 1.1795 0.4368 1.2008, 1.1528 0.4182 1.2008, 1.1818 0.4322 1.2008, 1.1834 0.4273 1.2008, 1.1614 -0.3937 1.2008, 1.1604 -0.4025 1.2008, 1.1834 -0.4273 1.2008, 1.1575 -0.4108 1.2008, 1.1818 -0.4322 1.2008, 1.1528 -0.4182 1.2008, 1.1795 -0.4368 1.2008, 1.1651 -0.4512 1.2008, 1.1466 -0.4245 1.2008, 1.1605 -0.4534 1.2008, 1.1391 -0.4292 1.2008, 1.1556 -0.4551 1.2008, 1.1455 -0.4564 1.2008, -1.1795 -0.4368 1.2008, -1.1528 -0.4182 1.2008, -1.1818 -0.4322 1.2008, -1.1575 -0.4108 1.2008, -1.1834 -0.4273 1.2008, -1.1848 -0.4171 1.2008, -1.1604 -0.4025 1.2008, -1.1614 -0.3937 1.2008, -1.1848 0.4171 1.2008, 1.1308 -0.4321 1.2008, 1.122 -0.4331 1.2008, -1.1455 -0.4564 1.2008, -1.1614 0.3937 1.2008, -1.1604 0.4025 1.2008, -1.1834 0.4273 1.2008, -1.1575 0.4108 1.2008, -1.1818 0.4322 1.2008, -1.1528 0.4182 1.2008, -1.1795 0.4368 1.2008, 1.1694 -0.4483 1.2008, 1.1733 -0.4449 1.2008, 1.1767 -0.4411 1.2008, -1.122 -0.4331 1.2008, -1.1308 -0.4321 1.2008, -1.1556 -0.4551 1.2008, -1.1391 -0.4292 1.2008, -1.1605 -0.4534 1.2008, -1.1466 -0.4245 1.2008, -1.1651 -0.4512 1.2008, -1.1767 -0.4411 1.2008, -1.1733 -0.4449 1.2008, -1.1694 -0.4483 1.2008, -1.1694 0.4483 1.2008, -1.1733 0.4449 1.2008, -1.1767 0.4411 1.2008, 0.04 0.4564 1.2008, -0.0114 0.4564 1.2008, -0.0146 0.4564 1.2008, 1.1767 0.4411 1.2008, 1.1733 0.4449 1.2008, 1.1694 0.4483 1.2008, -0.0499 0.4564 1.2008, -0.0598 0.4564 1.2008, -0.0842 0.4564 1.2008, -0.0966 0.4564 1.2008, -0.1466 0.4564 1.2008, -0.1634 0.4564 1.2008, -0.2134 0.4564 1.2008, -0.722 0.4564 1.2008, -1.122 -0.4331 1.2598, -1.1308 -0.4321 1.2598, -1.1391 -0.4292 1.2598, -1.1466 -0.4245 1.2598, -1.1528 -0.4182 1.2598, -1.1575 -0.4108 1.2598, -1.1604 -0.4025 1.2598, -1.1614 -0.3937 1.2598, -1.1614 0.3937 1.2598, -1.1604 0.4025 1.2598, -1.1575 0.4108 1.2598, -1.1528 0.4182 1.2598, -1.1466 0.4245 1.2598, -1.1391 0.4292 1.2598, -1.1308 0.4321 1.2598, -1.122 0.4331 1.2598, 1.122 0.4331 1.2598, 1.1308 0.4321 1.2598, 1.1391 0.4292 1.2598, 1.1466 0.4245 1.2598, 1.1528 0.4182 1.2598, 1.1575 0.4108 1.2598, 1.1604 0.4025 1.2598, 1.1614 0.3937 1.2598, 1.1614 -0.3937 1.2598, 1.1604 -0.4025 1.2598, 1.1575 -0.4108 1.2598, 1.1528 -0.4182 1.2598, 1.1466 -0.4245 1.2598, 1.1391 -0.4292 1.2598, 1.1308 -0.4321 1.2598, 1.122 -0.4331 1.2598, -0.374 0.1969 1.063, -0.374 -0.1969 1.063, -0.0 0.1969 1.063, -0.0 -0.1969 1.063, -0.0 -0.1969 1.063
            ]
        }
        coordIndex [
            0,1,2,-1,3,4,5,-1,6,7,8,-1,8,7,9,-1,8,9,10,-1,11,12,13,-1,13,12,14,-1,4,3,14,-1,14,3,15,-1,14,15,13,-1,2,1,16,-1,16,1,17,-1,16,17,18,-1,18,17,19,-1,18,19,20,-1,21,22,23,-1,23,22,6,-1,23,6,24,-1,24,6,8,-1,9,25,10,-1,10,25,26,-1,10,26,27,-1,27,26,28,-1,27,28,29,-1,29,28,30,-1,29,30,31,-1,32,33,34,-1,34,33,35,-1,34,35,36,-1,36,35,37,-1,38,39,40,-1,40,39,41,-1,40,41,42,-1,42,41,43,-1,41,44,43,-1,43,44,45,-1,43,45,46,-1,35,47,37,-1,37,47,48,-1,37,48,49,-1,45,50,46,-1,46,50,51,-1,46,51,52,-1,52,51,53,-1,52,53,54,-1,54,53,55,-1,54,55,56,-1,32,57,33,-1,33,57,58,-1,33,58,30,-1,30,58,59,-1,30,59,31,-1,48,60,49,-1,49,60,61,-1,49,61,62,-1,62,61,63,-1,62,63,64,-1,64,63,65,-1,64,65,66,-1,38,67,39,-1,39,67,68,-1,39,68,65,-1,65,68,69,-1,65,69,66,-1,11,70,12,-1,12,70,71,-1,12,71,55,-1,55,71,72,-1,55,72,56,-1,2,73,0,-1,0,73,74,-1,0,74,5,-1,5,74,75,-1,21,76,22,-1,22,76,77,-1,22,77,19,-1,19,77,78,-1,19,78,20,-1,75,79,5,-1,5,79,80,-1,5,80,81,-1,81,82,5,-1,5,82,83,-1,5,83,84,-1,84,85,5,-1,5,85,86,-1,5,86,3,-1,60,87,88,-1,60,88,61,-1,61,88,89,-1,61,89,63,-1,63,89,90,-1,63,90,65,-1,65,90,91,-1,65,91,39,-1,39,91,92,-1,39,92,41,-1,41,92,93,-1,41,93,44,-1,44,93,94,-1,44,94,45,-1,50,45,95,-1,95,45,94,-1,50,95,96,-1,50,96,51,-1,51,96,97,-1,51,97,53,-1,53,97,98,-1,53,98,55,-1,55,98,99,-1,55,99,12,-1,12,99,100,-1,12,100,14,-1,14,100,101,-1,14,101,4,-1,4,101,102,-1,4,102,5,-1,0,5,103,-1,103,5,102,-1,0,103,104,-1,0,104,1,-1,1,104,105,-1,1,105,17,-1,17,105,106,-1,17,106,19,-1,19,106,107,-1,19,107,22,-1,22,107,108,-1,22,108,6,-1,6,108,109,-1,6,109,7,-1,7,109,110,-1,7,110,9,-1,25,9,111,-1,111,9,110,-1,25,111,112,-1,25,112,26,-1,26,112,113,-1,26,113,28,-1,28,113,114,-1,28,114,30,-1,30,114,115,-1,30,115,33,-1,33,115,116,-1,33,116,35,-1,35,116,117,-1,35,117,47,-1,47,117,118,-1,47,118,48,-1,60,48,87,-1,87,48,118,-1,119,120,121,-1,121,120,122,-1,
        ]
    }
}
Shape{
    appearance Appearance {
        material  Material 	{
            diffuseColor 1.0 1.0 1.0
            specularColor 0.5019607843137255 0.5019607843137255 0.5019607843137255
            ambientIntensity 0.2
            transparency 0
            shininess 0.5
        }
    }
    geometry IndexedFaceSet {
        ccw TRUE
        solid FALSE
        coord DEF co Coordinate {
            point [
                0.0 0.1969 1.4961, 0.0 -0.1969 1.4961, 0.374 0.1969 1.4961, 0.374 -0.1969 1.4961, -0.0 -0.1969 1.2598, -0.0 0.1969 1.2598, -0.0 -0.1969 1.063, -0.0 0.1969 1.063, 0.374 0.1969 1.2598, 0.374 -0.1969 1.2598, 0.374 0.1969 1.063, 0.374 -0.1969 1.063, 0.374 -0.1969 1.063
            ]
        }
        coordIndex [
            0,1,2,-1,2,1,3,-1,1,0,4,-1,4,0,5,-1,4,5,6,-1,6,5,7,-1,2,3,8,-1,8,3,9,-1,8,9,10,-1,10,9,11,-1,5,0,8,-1,8,0,2,-1,
        ]
    }
}
Shape{
    appearance Appearance {
        material  Material 	{
            diffuseColor 0.25098039215686274 0.25098039215686274 0.25098039215686274
            specularColor 0.12549019607843137 0.12549019607843137 0.12549019607843137
            ambientIntensity 0.2
            transparency 0
            shininess 0.5
        }
    }
    geometry IndexedFaceSet {
        ccw TRUE
        solid FALSE
        coord DEF co Coordinate {
            point [
                -0.5709 0.1969 1.2598, -0.374 0.1969 1.063, -0.0 0.1969 1.2598, -0.0 0.1969 1.063, -0.5709 -0.1969 1.2598, -0.374 -0.1969 1.063, -0.0 -0.1969 1.063, -0.0 -0.1969 1.2598, -0.0 -0.1969 1.2598
            ]
        }
        coordIndex [
            0,1,2,-1,2,1,3,-1,4,5,0,-1,0,5,1,-1,5,4,6,-1,6,4,7,-1,
        ]
    }
}
Shape{
    appearance Appearance {
        material  Material 	{
            diffuseColor 1.0 1.0 1.0
            specularColor 0.5019607843137255 0.5019607843137255 0.5019607843137255
            ambientIntensity 0.2
            transparency 0
            shininess 0.5
        }
    }
    geometry IndexedFaceSet {
        ccw TRUE
        solid FALSE
        coord DEF co Coordinate {
            point [
                0.374 -0.1969 1.2598, 0.374 -0.1969 1.4961, -0.0 -0.1969 1.2598, 0.0 -0.1969 1.4961, 0.0 -0.1969 1.4961
            ]
        }
        coordIndex [
            0,1,2,-1,2,1,3,-1,
        ]
    }
}
Shape{
    appearance Appearance {
        material  Material 	{
            diffuseColor 0.25098039215686274 0.25098039215686274 0.25098039215686274
            specularColor 0.12549019607843137 0.12549019607843137 0.12549019607843137
            ambientIntensity 0.2
            transparency 0
            shininess 0.5
        }
    }
    geometry IndexedFaceSet {
        ccw TRUE
        solid FALSE
        coord DEF co Coordinate {
            point [
                0.374 -0.1969 1.2598, 0.5709 -0.1969 1.2598, 0.374 -0.1969 1.063, 0.5709 0.1969 1.2598, 0.374 0.1969 1.063, 0.374 0.1969 1.2598, -1.2205 -0.4528 0.5197, -1.2205 -0.4528 0.5197, -1.1848 -0.4171 1.2008, -1.2205 0.4528 0.5197, -1.2205 0.3031 0.5197, -1.2204 0.3031 0.5217, -1.2205 -0.3031 0.5197, -1.2204 -0.3031 0.5217, -1.1848 0.4171 1.2008, -1.2205 0.4528 0.5197, -1.1455 -0.4564 1.2008, -1.1812 -0.4921 0.5197, -1.1811 -0.4921 0.5197, 1.1455 -0.4564 1.2008, 1.1811 -0.4921 0.5197, 1.1812 -0.4921 0.5197, 1.2205 0.4528 0.5197, 1.2205 0.4528 0.5197, 1.1848 0.4171 1.2008, 1.2205 -0.4528 0.5197, 1.2205 -0.3031 0.5197, 1.2204 -0.3031 0.5217, 1.2205 0.3031 0.5197, 1.2204 0.3031 0.5217, 1.1848 -0.4171 1.2008, 1.2205 -0.4528 0.5197, 1.1589 -0.4698 0.0, 1.1812 -0.4921 0.4252, 1.1811 -0.4921 0.4252, -1.1589 -0.4698 0.0, -1.1811 -0.4921 0.4252, -1.1812 -0.4921 0.4252, 1.2205 -0.4528 0.4252, 1.2205 -0.4528 0.4252, 1.1982 -0.4305 0.0, 1.2205 0.4528 0.4252, 1.2205 0.3031 0.4252, 1.2204 0.3031 0.4232, 1.2205 -0.3031 0.4252, 1.2204 -0.3031 0.4232, 1.1982 0.4305 0.0, 1.2205 0.4528 0.4252, -1.2205 0.4528 0.4252, -1.2205 0.4528 0.4252, -1.1982 0.4305 0.0, -1.2205 -0.4528 0.4252, -1.2205 -0.3031 0.4252, -1.2204 -0.3031 0.4232, -1.2205 0.3031 0.4252, -1.2204 0.3031 0.4232, -1.1982 -0.4305 0.0, -1.2205 -0.4528 0.4252, -1.1589 0.4698 0.0, -1.1812 0.4921 0.4252, -1.1811 0.4921 0.4252, 1.1589 0.4698 0.0, 1.1811 0.4921 0.4252, 1.1812 0.4921 0.4252, 1.2191 0.4629 0.425, 1.2191 0.463 0.425, 1.1968 0.4407 0.0, 1.1952 0.4456 0.0, 1.2152 0.4724 0.4248, 1.2152 0.4725 0.4248, 1.1929 0.4502 0.0, 1.1901 0.4545 0.0, 1.2089 0.4806 0.4248, 1.1867 0.4583 0.0, 1.2008 0.4868 0.4248, 1.1828 0.4617 0.0, 1.1785 0.4646 0.0, 1.2008 0.4868 0.4248, 1.1913 0.4908 0.425, 1.1691 0.4685 0.0, 1.1739 0.4669 0.0, 1.1913 0.4908 0.425, 1.2205 0.4528 0.4252, 1.2191 0.4629 0.5199, 1.2191 0.463 0.5199, 1.2152 0.4724 0.5201, 1.2152 0.4725 0.5201, 1.2089 0.4806 0.5201, 1.2008 0.4868 0.5201, 1.2008 0.4868 0.5201, 1.1913 0.4908 0.5199, 1.1913 0.4908 0.5199, 1.1812 0.4921 0.5197, 1.1811 0.4921 0.5197, 1.1767 0.4411 1.2008, 1.1795 0.4368 1.2008, 1.1818 0.4322 1.2008, 1.1834 0.4273 1.2008, 1.1733 0.4449 1.2008, 1.1694 0.4483 1.2008, 1.1651 0.4512 1.2008, 1.1556 0.4551 1.2008, 1.1605 0.4534 1.2008, 1.1688 0.4798 0.7552, 1.1526 0.4636 1.0649, 1.1455 0.4564 1.2008, 1.1677 0.4787 0.7763, 1.1641 0.4751 0.8453, 1.1604 0.4714 0.9151, 1.2191 -0.4629 0.5199, 1.2191 -0.463 0.5199, 1.1834 -0.4273 1.2008, 1.1818 -0.4322 1.2008, 1.2152 -0.4724 0.5201, 1.2152 -0.4725 0.5201, 1.1795 -0.4368 1.2008, 1.1767 -0.4411 1.2008, 1.2089 -0.4806 0.5201, 1.1733 -0.4449 1.2008, 1.2008 -0.4868 0.5201, 1.1694 -0.4483 1.2008, 1.1651 -0.4512 1.2008, 1.2008 -0.4868 0.5201, 1.1913 -0.4908 0.5199, 1.1556 -0.4551 1.2008, 1.1605 -0.4534 1.2008, 1.1913 -0.4908 0.5199, 1.2205 -0.4528 0.5197, 1.2191 -0.4629 0.425, 1.2191 -0.463 0.425, 1.2152 -0.4724 0.4248, 1.2152 -0.4725 0.4248, 1.2089 -0.4806 0.4248, 1.2008 -0.4868 0.4248, 1.2008 -0.4868 0.4248, 1.1913 -0.4908 0.425, 1.1913 -0.4908 0.425, 1.1901 -0.4545 0.0, 1.1929 -0.4502 0.0, 1.1952 -0.4456 0.0, 1.1968 -0.4407 0.0, 1.1867 -0.4583 0.0, 1.1828 -0.4617 0.0, 1.1785 -0.4646 0.0, 1.1691 -0.4685 0.0, 1.1739 -0.4669 0.0, -1.1913 -0.4908 0.5199, -1.1913 -0.4908 0.5199, -1.1556 -0.4551 1.2008, -1.1605 -0.4534 1.2008, -1.2008 -0.4868 0.5201, -1.2008 -0.4868 0.5201, -1.1651 -0.4512 1.2008, -1.1694 -0.4483 1.2008, -1.2089 -0.4806 0.5201, -1.1733 -0.4449 1.2008, -1.2152 -0.4725 0.5201, -1.1834 -0.4273 1.2008, -1.1767 -0.4411 1.2008, -1.1795 -0.4368 1.2008, -1.2152 -0.4724 0.5201, -1.1818 -0.4322 1.2008, -1.2191 -0.463 0.5199, -1.2191 -0.4629 0.5199, -1.1812 -0.4921 0.5197, -1.1913 -0.4908 0.425, -1.1913 -0.4908 0.425, -1.2008 -0.4868 0.4248, -1.2008 -0.4868 0.4248, -1.2089 -0.4806 0.4248, -1.2152 -0.4725 0.4248, -1.2152 -0.4724 0.4248, -1.2191 -0.463 0.425, -1.2191 -0.4629 0.425, -1.1968 -0.4407 0.0, -1.1952 -0.4456 0.0, -1.1929 -0.4502 0.0, -1.1901 -0.4545 0.0, -1.1867 -0.4583 0.0, -1.1828 -0.4617 0.0, -1.1785 -0.4646 0.0, -1.1739 -0.4669 0.0, -1.1691 -0.4685 0.0, -1.1812 -0.4921 0.4252, -1.2191 0.4629 0.5199, -1.2191 0.463 0.5199, -1.1834 0.4273 1.2008, -1.1818 0.4322 1.2008, -1.2152 0.4724 0.5201, -1.2152 0.4725 0.5201, -1.1795 0.4368 1.2008, -1.1767 0.4411 1.2008, -1.2089 0.4806 0.5201, -1.1733 0.4449 1.2008, -1.2008 0.4868 0.5201, -1.1694 0.4483 1.2008, -1.1651 0.4512 1.2008, -1.2008 0.4868 0.5201, -1.1605 0.4534 1.2008, -1.1913 0.4908 0.5199, -1.1556 0.4551 1.2008, -1.1913 0.4908 0.5199, -1.1688 0.4798 0.7552, -1.1812 0.4921 0.5197, -1.1455 0.4564 1.2008, -1.1526 0.4636 1.0649, -1.1604 0.4714 0.9151, -1.1641 0.4751 0.8453, -1.1677 0.4787 0.7763, -1.2205 0.4528 0.5197, -1.2191 0.4629 0.425, -1.2191 0.463 0.425, -1.2152 0.4724 0.4248, -1.2152 0.4725 0.4248, -1.2089 0.4806 0.4248, -1.2008 0.4868 0.4248, -1.2008 0.4868 0.4248, -1.1913 0.4908 0.425, -1.1913 0.4908 0.425, -1.1811 0.4921 0.5197, -1.1691 0.4685 0.0, -1.1739 0.4669 0.0, -1.1785 0.4646 0.0, -1.1828 0.4617 0.0, -1.1867 0.4583 0.0, -1.1901 0.4545 0.0, -1.1929 0.4502 0.0, -1.1952 0.4456 0.0, -1.1968 0.4407 0.0, -1.2205 0.4528 0.4252, -1.2205 0.4528 0.4252
            ]
        }
        coordIndex [
            0,1,2,-1,3,4,1,-1,1,4,2,-1,4,3,5,-1,6,7,8,-1,9,10,11,-1,12,6,13,-1,13,6,8,-1,13,8,11,-1,11,8,14,-1,11,14,9,-1,9,14,15,-1,16,17,18,-1,16,18,19,-1,19,18,20,-1,19,20,21,-1,22,23,24,-1,25,26,27,-1,28,22,29,-1,29,22,24,-1,29,24,27,-1,27,24,30,-1,27,30,25,-1,25,30,31,-1,32,33,34,-1,32,34,35,-1,35,34,36,-1,35,36,37,-1,38,39,40,-1,41,42,43,-1,44,38,45,-1,45,38,40,-1,45,40,43,-1,43,40,46,-1,43,46,41,-1,41,46,47,-1,48,49,50,-1,51,52,53,-1,54,48,55,-1,55,48,50,-1,55,50,53,-1,53,50,56,-1,53,56,51,-1,51,56,57,-1,58,59,60,-1,58,60,61,-1,61,60,62,-1,61,62,63,-1,64,47,46,-1,64,46,65,-1,46,66,65,-1,65,66,67,-1,65,67,68,-1,68,67,69,-1,67,70,69,-1,69,70,71,-1,69,71,72,-1,72,71,73,-1,72,73,74,-1,73,75,74,-1,74,75,76,-1,74,76,77,-1,77,76,78,-1,79,61,63,-1,76,80,78,-1,78,80,79,-1,78,79,81,-1,81,79,63,-1,22,41,23,-1,23,41,82,-1,23,82,83,-1,83,82,64,-1,83,64,84,-1,84,64,65,-1,84,65,85,-1,85,65,68,-1,85,68,86,-1,86,68,69,-1,86,69,87,-1,87,69,72,-1,87,72,88,-1,88,72,74,-1,88,74,89,-1,89,74,77,-1,89,77,90,-1,90,77,78,-1,90,78,91,-1,91,78,81,-1,91,81,92,-1,92,81,63,-1,92,63,93,-1,93,63,62,-1,94,95,86,-1,96,97,84,-1,24,23,97,-1,97,23,83,-1,97,83,84,-1,96,84,95,-1,95,84,85,-1,95,85,86,-1,94,86,98,-1,98,86,87,-1,98,87,99,-1,99,87,88,-1,99,88,100,-1,90,101,102,-1,100,88,102,-1,102,88,89,-1,102,89,90,-1,91,92,103,-1,104,105,101,-1,91,103,90,-1,103,106,90,-1,90,106,107,-1,90,107,101,-1,101,107,108,-1,101,108,104,-1,109,31,30,-1,109,30,110,-1,30,111,110,-1,110,111,112,-1,110,112,113,-1,113,112,114,-1,112,115,114,-1,114,115,116,-1,114,116,117,-1,117,116,118,-1,117,118,119,-1,118,120,119,-1,119,120,121,-1,119,121,122,-1,122,121,123,-1,124,19,21,-1,121,125,123,-1,123,125,124,-1,123,124,126,-1,126,124,21,-1,38,25,39,-1,39,25,127,-1,39,127,128,-1,128,127,109,-1,128,109,129,-1,129,109,110,-1,129,110,130,-1,130,110,113,-1,130,113,131,-1,131,113,114,-1,131,114,132,-1,132,114,117,-1,132,117,133,-1,133,117,119,-1,133,119,134,-1,134,119,122,-1,134,122,135,-1,135,122,123,-1,135,123,136,-1,136,123,126,-1,136,126,33,-1,33,126,21,-1,33,21,34,-1,34,21,20,-1,137,138,131,-1,139,140,129,-1,40,39,140,-1,140,39,128,-1,140,128,129,-1,139,129,138,-1,138,129,130,-1,138,130,131,-1,137,131,141,-1,141,131,132,-1,141,132,142,-1,142,132,133,-1,142,133,143,-1,135,144,145,-1,143,133,145,-1,145,133,134,-1,145,134,135,-1,144,135,32,-1,32,135,136,-1,32,136,33,-1,146,17,16,-1,146,16,147,-1,16,148,147,-1,147,148,149,-1,147,149,150,-1,150,149,151,-1,149,152,151,-1,151,152,153,-1,151,153,154,-1,154,153,155,-1,154,155,156,-1,157,8,7,-1,155,158,156,-1,156,158,159,-1,156,159,160,-1,160,159,161,-1,160,161,162,-1,162,161,157,-1,162,157,163,-1,163,157,7,-1,36,18,37,-1,37,18,164,-1,37,164,165,-1,165,164,146,-1,165,146,166,-1,166,146,147,-1,166,147,167,-1,167,147,150,-1,167,150,168,-1,168,150,151,-1,168,151,169,-1,169,151,154,-1,169,154,170,-1,170,154,156,-1,170,156,171,-1,171,156,160,-1,171,160,172,-1,172,160,162,-1,172,162,173,-1,173,162,163,-1,173,163,57,-1,57,163,7,-1,57,7,51,-1,51,7,6,-1,173,57,56,-1,173,56,172,-1,56,174,172,-1,172,174,175,-1,172,175,171,-1,171,175,170,-1,175,176,170,-1,170,176,177,-1,170,177,169,-1,169,177,178,-1,169,178,168,-1,178,179,168,-1,168,179,180,-1,168,180,167,-1,167,180,166,-1,180,181,166,-1,166,181,182,-1,166,182,165,-1,165,182,35,-1,165,35,183,-1,184,15,14,-1,184,14,185,-1,14,186,185,-1,185,186,187,-1,185,187,188,-1,188,187,189,-1,187,190,189,-1,189,190,191,-1,189,191,192,-1,192,191,193,-1,192,193,194,-1,193,195,194,-1,194,195,196,-1,194,196,197,-1,197,196,198,-1,197,198,199,-1,199,198,200,-1,199,200,201,-1,202,203,201,-1,200,204,205,-1,205,206,200,-1,200,206,207,-1,200,207,201,-1,201,207,208,-1,201,208,202,-1,48,9,49,-1,49,9,209,-1,49,209,210,-1,210,209,184,-1,210,184,211,-1,211,184,185,-1,211,185,212,-1,212,185,188,-1,212,188,213,-1,213,188,189,-1,213,189,214,-1,214,189,192,-1,214,192,215,-1,215,192,194,-1,215,194,216,-1,216,194,197,-1,216,197,217,-1,217,197,199,-1,217,199,218,-1,218,199,201,-1,218,201,59,-1,59,201,203,-1,59,203,60,-1,60,203,219,-1,218,59,58,-1,218,58,217,-1,58,220,217,-1,217,220,221,-1,217,221,216,-1,216,221,215,-1,221,222,215,-1,215,222,223,-1,215,223,214,-1,214,223,224,-1,214,224,213,-1,224,225,213,-1,213,225,226,-1,213,226,212,-1,212,226,211,-1,226,227,211,-1,211,227,228,-1,211,228,210,-1,210,228,50,-1,210,50,229,-1,
        ]
    }
}
Shape{
    appearance Appearance {
        material  Material 	{
            diffuseColor 0.7529411764705882 0.7529411764705882 0.7529411764705882
            specularColor 0.3764705882352941 0.3764705882352941 0.3764705882352941
            ambientIntensity 0.2
            transparency 0
            shininess 0.5
        }
    }
    geometry IndexedFaceSet {
        ccw TRUE
        solid FALSE
        coord DEF co Coordinate {
            point [
                -1.0029 0.1277 1.2598, -0.9645 0.1277 1.2598, -1.0029 0.1277 1.2598, -0.9645 0.1277 1.2598, -0.9645 0.0398 1.2598, -0.9645 0.0398 1.2598, -0.6689 0.0398 1.2598, -0.6689 0.0398 1.2598, -0.6689 0.1099 1.2598, -0.6689 0.1099 1.2598, -0.6377 0.1098 1.2598, -0.6377 0.1098 1.2598, -0.6097 0.0282 1.2598, -0.6097 0.0282 1.2598, -0.6273 0.0677 1.2598, -0.6273 0.0677 1.2598, -0.6097 -0.0087 1.2598, -0.6097 -0.0087 1.2598, -0.9645 -0.0087 1.2598, -0.9645 -0.0087 1.2598, -0.9645 -0.088 1.2598, -0.9645 -0.088 1.2598, -1.0029 -0.088 1.2598, -1.0029 -0.088 1.2598, 0.8394 -0.0134 1.2598, 0.8394 -0.0134 1.2598, 0.7875 -0.0184 1.2598, 0.7875 -0.0184 1.2598, 0.7451 -0.0321 1.2598, 0.7451 -0.0321 1.2598, 0.7088 -0.0541 1.2598, 0.7088 -0.0541 1.2598, 0.6798 -0.0827 1.2598, 0.6798 -0.0827 1.2598, 0.6595 -0.1151 1.2598, 0.6595 -0.1151 1.2598, 0.6471 -0.1522 1.2598, 0.6471 -0.1522 1.2598, 0.6424 -0.1989 1.2598, 0.6424 -0.1989 1.2598, 1.0457 -0.2053 1.2598, 1.0457 -0.2053 1.2598, 1.0416 -0.1604 1.2598, 1.0416 -0.1604 1.2598, 1.0295 -0.1208 1.2598, 1.0295 -0.1208 1.2598, 1.0071 -0.0838 1.2598, 1.0071 -0.0838 1.2598, 0.9751 -0.053 1.2598, 0.9751 -0.053 1.2598, 0.9376 -0.0315 1.2598, 0.9376 -0.0315 1.2598, 0.8894 -0.0175 1.2598, 0.8894 -0.0175 1.2598, 0.8487 -0.3879 1.2598, 0.8487 -0.3879 1.2598, 0.8889 -0.385 1.2598, 0.8889 -0.385 1.2598, 0.9327 -0.3737 1.2598, 0.9327 -0.3737 1.2598, 0.9719 -0.353 1.2598, 0.9719 -0.353 1.2598, 1.0046 -0.3238 1.2598, 1.0046 -0.3238 1.2598, 1.0276 -0.2893 1.2598, 1.0276 -0.2893 1.2598, 1.0407 -0.2519 1.2598, 1.0407 -0.2519 1.2598, 0.6482 -0.2512 1.2598, 0.6482 -0.2512 1.2598, 0.6618 -0.2886 1.2598, 0.6618 -0.2886 1.2598, 0.6827 -0.3204 1.2598, 0.6827 -0.3204 1.2598, 0.7143 -0.3498 1.2598, 0.7143 -0.3498 1.2598, 0.7512 -0.3704 1.2598, 0.7512 -0.3704 1.2598, 0.7985 -0.3839 1.2598, 0.7985 -0.3839 1.2598, 0.8436 -0.0663 1.2598, 0.7988 -0.0704 1.2598, 0.7628 -0.0817 1.2598, 0.7344 -0.0986 1.2598, 0.7123 -0.1198 1.2598, 0.6975 -0.143 1.2598, 0.6884 -0.1704 1.2598, 0.6856 -0.199 1.2598, 0.6893 -0.2344 1.2598, 0.6986 -0.2617 1.2598, 0.7133 -0.2847 1.2598, 0.7318 -0.3029 1.2598, 0.757 -0.3184 1.2598, 0.7943 -0.3306 1.2598, 0.8429 -0.3351 1.2598, 0.8876 -0.3315 1.2598, 0.9248 -0.3212 1.2598, 0.9545 -0.3048 1.2598, 0.9749 -0.2855 1.2598, 0.9893 -0.2636 1.2598, 0.9986 -0.2376 1.2598, 1.0024 -0.2023 1.2598, 0.9983 -0.1671 1.2598, 0.9882 -0.1407 1.2598, 0.972 -0.1171 1.2598, 0.9462 -0.0944 1.2598, 0.9154 -0.0783 1.2598, 0.8727 -0.0679 1.2598, 0.8436 -0.0663 1.2598, 0.8727 -0.0679 1.2598, 0.9154 -0.0783 1.2598, 0.9462 -0.0944 1.2598, 0.972 -0.1171 1.2598, 0.9882 -0.1407 1.2598, 0.9983 -0.1671 1.2598, 1.0024 -0.2023 1.2598, 0.9986 -0.2376 1.2598, 0.9893 -0.2636 1.2598, 0.9749 -0.2855 1.2598, 0.9545 -0.3048 1.2598, 0.9248 -0.3212 1.2598, 0.8876 -0.3315 1.2598, 0.8429 -0.3351 1.2598, 0.7943 -0.3306 1.2598, 0.757 -0.3184 1.2598, 0.7318 -0.3029 1.2598, 0.7133 -0.2847 1.2598, 0.6986 -0.2617 1.2598, 0.6893 -0.2344 1.2598, 0.6856 -0.199 1.2598, 0.6884 -0.1704 1.2598, 0.6975 -0.143 1.2598, 0.7123 -0.1198 1.2598, 0.7344 -0.0986 1.2598, 0.7628 -0.0817 1.2598, 0.7988 -0.0704 1.2598, 1.0409 0.0586 1.2598, 0.6472 0.0586 1.2598, 1.0409 0.0586 1.2598, 0.6472 0.0586 1.2598, 0.6472 0.1212 1.2598, 0.6472 0.1212 1.2598, 0.9528 0.3143 1.2598, 0.9528 0.3143 1.2598, 0.9784 0.3274 1.2598, 0.9784 0.3274 1.2598, 0.9653 0.3215 1.2598, 0.9653 0.3215 1.2598, 0.9784 0.329 1.2598, 0.9784 0.329 1.2598, 0.9234 0.3274 1.2598, 0.9234 0.3274 1.2598, 0.9509 0.3277 1.2598, 0.9509 0.3277 1.2598, 0.6472 0.3274 1.2598, 0.6472 0.3274 1.2598, 0.6472 0.3803 1.2598, 0.6472 0.3803 1.2598, 1.0409 0.3803 1.2598, 1.0409 0.3803 1.2598, 1.0409 0.313 1.2598, 1.0409 0.313 1.2598, 0.7415 0.1257 1.2598, 0.7415 0.1257 1.2598, 0.7144 0.1099 1.2598, 0.7144 0.1099 1.2598, 0.7281 0.1175 1.2598, 0.7281 0.1175 1.2598, 0.7144 0.1088 1.2598, 0.7144 0.1088 1.2598, 0.7715 0.1114 1.2598, 0.7715 0.1114 1.2598, 0.7429 0.111 1.2598, 0.7429 0.111 1.2598, 1.0409 0.1114 1.2598, 1.0409 0.1114 1.2598, 1.0409 0.1114 1.2598
            ]
        }
        coordIndex [
            0,1,2,-1,2,1,3,-1,1,4,3,-1,3,4,5,-1,4,6,5,-1,5,6,7,-1,6,8,7,-1,7,8,9,-1,8,10,9,-1,9,10,11,-1,12,13,14,-1,12,14,15,-1,15,14,11,-1,15,11,10,-1,12,16,13,-1,13,16,17,-1,16,18,17,-1,17,18,19,-1,18,20,19,-1,19,20,21,-1,20,22,21,-1,21,22,23,-1,22,0,23,-1,23,0,2,-1,0,22,18,-1,18,22,20,-1,10,8,15,-1,15,8,6,-1,15,6,12,-1,1,0,4,-1,4,0,18,-1,4,18,6,-1,6,18,16,-1,6,16,12,-1,24,25,26,-1,24,26,27,-1,27,26,28,-1,27,28,29,-1,29,28,30,-1,29,30,31,-1,31,30,32,-1,31,32,33,-1,33,32,34,-1,33,34,35,-1,35,34,36,-1,35,36,37,-1,37,36,38,-1,37,38,39,-1,40,41,42,-1,40,42,43,-1,43,42,44,-1,43,44,45,-1,45,44,46,-1,45,46,47,-1,47,46,48,-1,47,48,49,-1,49,48,50,-1,49,50,51,-1,51,50,52,-1,51,52,53,-1,53,52,25,-1,53,25,24,-1,54,55,56,-1,54,56,57,-1,57,56,58,-1,57,58,59,-1,59,58,60,-1,59,60,61,-1,61,60,62,-1,61,62,63,-1,63,62,64,-1,63,64,65,-1,65,64,66,-1,65,66,67,-1,67,66,41,-1,67,41,40,-1,39,38,68,-1,39,68,69,-1,69,68,70,-1,69,70,71,-1,71,70,72,-1,71,72,73,-1,73,72,74,-1,73,74,75,-1,75,74,76,-1,75,76,77,-1,77,76,78,-1,77,78,79,-1,79,78,55,-1,79,55,54,-1,80,24,81,-1,81,24,27,-1,81,27,82,-1,82,27,29,-1,82,29,83,-1,83,29,31,-1,83,31,84,-1,84,31,33,-1,84,33,85,-1,85,33,35,-1,85,35,86,-1,86,35,37,-1,86,37,87,-1,87,37,39,-1,87,39,88,-1,88,39,69,-1,88,69,89,-1,89,69,71,-1,89,71,90,-1,90,71,73,-1,90,73,91,-1,91,73,75,-1,91,75,92,-1,92,75,77,-1,92,77,93,-1,93,77,79,-1,93,79,94,-1,94,79,54,-1,94,54,95,-1,95,54,57,-1,95,57,96,-1,96,57,59,-1,96,59,97,-1,97,59,61,-1,97,61,98,-1,98,61,63,-1,98,63,99,-1,99,63,65,-1,99,65,100,-1,100,65,67,-1,100,67,101,-1,101,67,40,-1,101,40,102,-1,102,40,43,-1,102,43,103,-1,103,43,45,-1,103,45,104,-1,104,45,47,-1,104,47,105,-1,105,47,49,-1,105,49,106,-1,106,49,51,-1,106,51,107,-1,107,51,53,-1,107,53,80,-1,80,53,24,-1,80,108,109,-1,80,109,107,-1,107,109,110,-1,107,110,106,-1,106,110,111,-1,106,111,105,-1,105,111,112,-1,105,112,104,-1,104,112,113,-1,104,113,103,-1,103,113,114,-1,103,114,102,-1,102,114,115,-1,102,115,101,-1,101,115,116,-1,101,116,100,-1,100,116,117,-1,100,117,99,-1,99,117,118,-1,99,118,98,-1,98,118,119,-1,98,119,97,-1,97,119,120,-1,97,120,96,-1,96,120,121,-1,96,121,95,-1,95,121,122,-1,95,122,94,-1,94,122,123,-1,94,123,93,-1,93,123,124,-1,93,124,92,-1,92,124,125,-1,92,125,91,-1,91,125,126,-1,91,126,90,-1,90,126,127,-1,90,127,89,-1,89,127,128,-1,89,128,88,-1,88,128,129,-1,88,129,87,-1,87,129,130,-1,87,130,86,-1,86,130,131,-1,86,131,85,-1,85,131,132,-1,85,132,84,-1,84,132,133,-1,84,133,83,-1,83,133,134,-1,83,134,82,-1,82,134,135,-1,82,135,81,-1,81,135,108,-1,81,108,80,-1,136,137,138,-1,138,137,139,-1,137,140,139,-1,139,140,141,-1,140,142,141,-1,141,142,143,-1,144,145,146,-1,144,146,147,-1,147,146,143,-1,147,143,142,-1,144,148,145,-1,145,148,149,-1,150,151,152,-1,150,152,153,-1,153,152,149,-1,153,149,148,-1,150,154,151,-1,151,154,155,-1,154,156,155,-1,155,156,157,-1,156,158,157,-1,157,158,159,-1,158,160,159,-1,159,160,161,-1,160,162,161,-1,161,162,163,-1,164,165,166,-1,164,166,167,-1,167,166,163,-1,167,163,162,-1,164,168,165,-1,165,168,169,-1,170,171,172,-1,170,172,173,-1,173,172,169,-1,173,169,168,-1,170,174,171,-1,171,174,175,-1,174,136,175,-1,175,136,138,-1,136,174,137,-1,137,174,170,-1,156,154,158,-1,158,154,150,-1,150,153,158,-1,158,153,148,-1,158,148,160,-1,160,148,144,-1,170,173,137,-1,137,173,168,-1,137,168,140,-1,140,168,164,-1,164,167,140,-1,140,167,162,-1,140,162,142,-1,142,162,160,-1,142,160,147,-1,147,160,144,-1,
        ]
    }
}
Shape{
    appearance Appearance {
        material  Material 	{
            diffuseColor 0.25098039215686274 0.25098039215686274 0.25098039215686274
            specularColor 0.12549019607843137 0.12549019607843137 0.12549019607843137
            ambientIntensity 0.2
            transparency 0
            shininess 0.5
        }
    }
    geometry IndexedFaceSet {
        ccw TRUE
        solid FALSE
        coord DEF co Coordinate {
            point [
                0.9893 -0.2636 1.2598, 0.9986 -0.2376 1.2598, 0.8727 -0.0679 1.2598, 1.0024 -0.2023 1.2598, 0.9983 -0.1671 1.2598, 0.9882 -0.1407 1.2598, 0.7628 -0.0817 1.2598, 0.7344 -0.0986 1.2598, 0.6884 -0.1704 1.2598, 0.7123 -0.1198 1.2598, 0.6975 -0.143 1.2598, 0.6986 -0.2617 1.2598, 0.7133 -0.2847 1.2598, 0.8436 -0.0663 1.2598, 0.7318 -0.3029 1.2598, 0.757 -0.3184 1.2598, 0.7943 -0.3306 1.2598, 0.8429 -0.3351 1.2598, 0.8876 -0.3315 1.2598, 0.9248 -0.3212 1.2598, 0.972 -0.1171 1.2598, 0.9462 -0.0944 1.2598, 0.9154 -0.0783 1.2598, 0.7988 -0.0704 1.2598, 0.6856 -0.199 1.2598, 0.6893 -0.2344 1.2598, 0.9545 -0.3048 1.2598, 0.9749 -0.2855 1.2598, 0.9749 -0.2855 1.2598
            ]
        }
        coordIndex [
            0,1,2,-1,1,3,2,-1,2,3,4,-1,2,4,5,-1,6,7,8,-1,8,7,9,-1,8,9,10,-1,11,12,13,-1,13,12,14,-1,13,14,15,-1,15,16,13,-1,13,16,17,-1,13,17,2,-1,2,17,18,-1,2,18,19,-1,5,20,2,-1,2,20,21,-1,2,21,22,-1,6,8,23,-1,23,8,24,-1,23,24,13,-1,13,24,25,-1,13,25,11,-1,19,26,2,-1,2,26,27,-1,2,27,0,-1,
        ]
    }
}
Shape{
    appearance Appearance {
        material  Material 	{
            diffuseColor 1.0 1.0 1.0
            specularColor 0.5019607843137255 0.5019607843137255 0.5019607843137255
            ambientIntensity 0.2
            transparency 0
            shininess 0.5
        }
    }
    geometry IndexedFaceSet {
        ccw TRUE
        solid FALSE
        coord DEF co Coordinate {
            point [
                -0.01 0.4739 0.8674, -0.01 0.4743 0.8613, -0.01 0.4739 0.8674, -0.01 0.4742 0.8613, 0.0112 0.4739 0.8674, 0.0112 0.4739 0.8674, 0.0112 0.4715 0.9147, 0.0112 0.4714 0.9147, 0.0181 0.4715 0.9147, 0.0181 0.4714 0.9147, 0.0181 0.4743 0.8613, 0.0181 0.4742 0.8613, -0.0522 0.4741 0.8636, -0.0522 0.4741 0.8636, -0.0513 0.4742 0.8631, -0.0374 0.4743 0.8605, -0.0374 0.4743 0.8604, -0.0455 0.4742 0.8612, -0.0455 0.4743 0.8612, -0.0499 0.4742 0.8627, -0.0513 0.4741 0.8631, -0.0522 0.4738 0.8702, -0.0522 0.4738 0.8701, -0.0499 0.4738 0.8691, -0.0473 0.4739 0.8679, -0.0473 0.4739 0.8679, -0.0414 0.4739 0.8667, -0.0414 0.474 0.8667, -0.0384 0.4739 0.8666, -0.0384 0.474 0.8666, -0.0332 0.4739 0.8672, -0.0332 0.474 0.8672, -0.0293 0.4738 0.8686, -0.0293 0.4739 0.8686, -0.0258 0.4737 0.8711, -0.0258 0.4738 0.8711, -0.0247 0.4737 0.8722, -0.0247 0.4737 0.8722, -0.022 0.4735 0.876, -0.022 0.4735 0.876, -0.0203 0.4732 0.8803, -0.0203 0.4733 0.8803, -0.0194 0.4729 0.8868, -0.0194 0.4729 0.8868, -0.0194 0.4729 0.8874, -0.0194 0.4729 0.8874, -0.0201 0.4725 0.8936, -0.0201 0.4726 0.8936, -0.0217 0.4723 0.8985, -0.0217 0.4723 0.8985, -0.0241 0.4721 0.9024, -0.0241 0.4721 0.9024, -0.025 0.472 0.9034, -0.025 0.4721 0.9034, -0.0288 0.4719 0.9065, -0.0288 0.4719 0.9065, -0.033 0.4718 0.9084, -0.033 0.4718 0.9084, -0.0377 0.4717 0.9093, -0.0377 0.4717 0.9093, -0.0396 0.4717 0.9093, -0.0396 0.4717 0.9093, -0.0522 0.4719 0.9062, -0.0522 0.4719 0.9062, -0.051 0.4719 0.9068, -0.0455 0.4717 0.9087, -0.0455 0.4718 0.9087, -0.0499 0.4718 0.9072, -0.051 0.4718 0.9068, -0.0522 0.4715 0.9134, -0.0522 0.4715 0.9134, -0.0395 0.4714 0.9156, -0.0395 0.4714 0.9156, -0.0403 0.4714 0.9155, -0.0499 0.4715 0.9141, -0.0472 0.4715 0.9149, -0.0472 0.4714 0.9149, -0.0449 0.4714 0.9151, -0.0403 0.4714 0.9155, -0.0358 0.4714 0.9151, -0.0319 0.4715 0.9146, -0.0319 0.4714 0.9146, -0.0263 0.4715 0.9125, -0.0263 0.4716 0.9125, -0.0211 0.4717 0.9089, -0.0211 0.4718 0.9089, -0.0199 0.4718 0.9077, -0.0199 0.4718 0.9077, -0.0164 0.472 0.9033, -0.0164 0.4721 0.9033, -0.0146 0.4722 0.8993, -0.0137 0.4724 0.8975, -0.0137 0.4723 0.8975, -0.0124 0.4727 0.8907, -0.0124 0.4727 0.8907, -0.0122 0.4729 0.887, -0.0122 0.4729 0.887, -0.0132 0.4733 0.8784, -0.0132 0.4734 0.8784, -0.0146 0.4735 0.8749, -0.0154 0.4737 0.8728, -0.0154 0.4736 0.8728, -0.0186 0.4739 0.8683, -0.0186 0.4739 0.8683, -0.019 0.4739 0.8677, -0.019 0.4739 0.8677, -0.0231 0.4741 0.8643, -0.0231 0.4741 0.8643, -0.0281 0.4742 0.8619, -0.0281 0.4742 0.8619, -0.0338 0.4743 0.8606, -0.0338 0.4743 0.8606, -0.0916 0.4739 0.8674, -0.0916 0.4743 0.8613, -0.0916 0.4739 0.8674, -0.0916 0.4742 0.8613, -0.0697 0.4739 0.8674, -0.0697 0.4739 0.8674, -0.0842 0.4739 0.8674, -0.0697 0.473 0.8854, -0.0697 0.473 0.8854, -0.0888 0.473 0.8854, -0.0888 0.473 0.8854, -0.0842 0.473 0.8854, -0.0888 0.4727 0.8915, -0.0888 0.4726 0.8915, -0.0697 0.4726 0.8915, -0.0697 0.4727 0.8915, -0.0842 0.4726 0.8915, -0.0697 0.4718 0.9085, -0.0697 0.4717 0.9085, -0.0903 0.4717 0.9085, -0.0903 0.4718 0.9085, -0.0842 0.4717 0.9085, -0.0903 0.4715 0.9147, -0.0903 0.4714 0.9147, -0.0628 0.4714 0.9147, -0.0628 0.4715 0.9147, -0.0842 0.4714 0.9147, -0.0628 0.4743 0.8613, -0.0628 0.4742 0.8613, -0.0842 0.4742 0.8613, -0.1234 0.4718 0.9078, -0.1179 0.4715 0.9146, -0.1166 0.4718 0.9085, -0.1169 0.4715 0.9147, -0.1085 0.4718 0.9085, -0.1016 0.4715 0.9147, -0.1085 0.4739 0.8674, -0.1016 0.4743 0.8613, -0.1163 0.4739 0.8674, -0.1163 0.4743 0.8613, -0.1226 0.4739 0.868, -0.1253 0.4742 0.8624, -0.1273 0.4738 0.8696, -0.1314 0.4741 0.8648, -0.1309 0.4737 0.8719, -0.137 0.4739 0.8688, -0.1322 0.4736 0.873, -0.1349 0.4735 0.8765, -0.1407 0.4736 0.873, -0.1367 0.4733 0.8805, -0.1435 0.4734 0.8785, -0.1377 0.473 0.8855, -0.1449 0.473 0.8846, -0.1379 0.4728 0.8885, -0.1451 0.4728 0.8887, -0.1372 0.4725 0.8945, -0.1445 0.4725 0.8949, -0.1358 0.4723 0.8985, -0.1427 0.4722 0.9002, -0.1338 0.4721 0.9016, -0.1396 0.472 0.905, -0.132 0.472 0.9035, -0.137 0.4718 0.9076, -0.128 0.4719 0.9061, -0.1323 0.4717 0.911, -0.126 0.4715 0.9135, -0.1163 0.4742 0.8613, -0.1016 0.4742 0.8613, -0.1253 0.4742 0.8624, -0.1314 0.474 0.8648, -0.137 0.4738 0.8688, -0.1407 0.4736 0.873, -0.1435 0.4733 0.8785, -0.1449 0.473 0.8846, -0.1451 0.4728 0.8887, -0.1445 0.4725 0.8949, -0.1427 0.4722 0.9002, -0.1396 0.4719 0.905, -0.137 0.4718 0.9076, -0.1323 0.4716 0.911, -0.126 0.4715 0.9135, -0.1179 0.4714 0.9146, -0.1169 0.4714 0.9147, -0.1016 0.4714 0.9147, -0.1016 0.4714 0.9147, -0.1166 0.4717 0.9085, -0.1085 0.4717 0.9085, -0.1085 0.4717 0.9085, -0.1085 0.4739 0.8674, -0.1163 0.4739 0.8674, -0.1322 0.4736 0.873, -0.1309 0.4737 0.8719, -0.1273 0.4738 0.8696, -0.1226 0.4739 0.868, -0.1379 0.4728 0.8885, -0.1377 0.473 0.8855, -0.1367 0.4732 0.8805, -0.1349 0.4734 0.8765, -0.132 0.472 0.9035, -0.1338 0.4721 0.9016, -0.1358 0.4723 0.8985, -0.1372 0.4725 0.8945, -0.1234 0.4718 0.9078, -0.128 0.4719 0.9061, -0.128 0.4719 0.9061
            ]
        }
        coordIndex [
            0,1,2,-1,2,1,3,-1,4,0,5,-1,5,0,2,-1,6,4,7,-1,7,4,5,-1,8,6,9,-1,9,6,7,-1,10,8,11,-1,11,8,9,-1,1,10,3,-1,3,10,11,-1,6,8,4,-1,4,8,10,-1,4,10,0,-1,0,10,1,-1,12,13,14,-1,15,16,17,-1,15,17,18,-1,18,17,19,-1,18,19,14,-1,14,19,20,-1,14,20,12,-1,21,13,22,-1,22,13,12,-1,21,22,23,-1,21,23,24,-1,23,25,24,-1,24,25,26,-1,24,26,27,-1,27,26,28,-1,27,28,29,-1,29,28,30,-1,29,30,31,-1,31,30,32,-1,31,32,33,-1,33,32,34,-1,33,34,35,-1,35,34,36,-1,35,36,37,-1,37,36,38,-1,37,38,39,-1,39,38,40,-1,39,40,41,-1,41,40,42,-1,41,42,43,-1,43,42,44,-1,43,44,45,-1,45,44,46,-1,45,46,47,-1,47,46,48,-1,47,48,49,-1,49,48,50,-1,49,50,51,-1,51,50,52,-1,51,52,53,-1,53,52,54,-1,53,54,55,-1,55,54,56,-1,55,56,57,-1,57,56,58,-1,57,58,59,-1,59,58,60,-1,59,60,61,-1,62,63,64,-1,61,60,65,-1,61,65,66,-1,66,65,67,-1,66,67,64,-1,64,67,68,-1,64,68,62,-1,69,63,70,-1,70,63,62,-1,71,72,73,-1,69,70,74,-1,69,74,75,-1,74,76,75,-1,75,76,77,-1,75,77,73,-1,73,77,78,-1,73,78,71,-1,72,71,79,-1,72,79,80,-1,79,81,80,-1,80,81,82,-1,80,82,83,-1,83,82,84,-1,83,84,85,-1,85,84,86,-1,85,86,87,-1,87,86,88,-1,87,88,89,-1,89,88,90,-1,89,90,91,-1,90,92,91,-1,91,92,93,-1,91,93,94,-1,94,93,95,-1,94,95,96,-1,96,95,97,-1,96,97,98,-1,98,97,99,-1,98,99,100,-1,99,101,100,-1,100,101,102,-1,100,102,103,-1,103,102,104,-1,103,104,105,-1,105,104,106,-1,105,106,107,-1,107,106,108,-1,107,108,109,-1,109,108,110,-1,109,110,111,-1,111,110,16,-1,111,16,15,-1,64,63,69,-1,55,57,80,-1,39,41,98,-1,47,49,89,-1,80,57,72,-1,64,69,66,-1,98,41,96,-1,89,49,87,-1,57,59,72,-1,72,59,61,-1,72,61,73,-1,73,61,66,-1,73,66,75,-1,75,66,69,-1,80,83,55,-1,55,83,85,-1,55,85,53,-1,53,85,87,-1,53,87,51,-1,51,87,49,-1,98,100,39,-1,39,100,103,-1,39,103,37,-1,37,103,105,-1,37,105,35,-1,35,105,107,-1,35,107,33,-1,33,107,109,-1,33,109,31,-1,31,109,111,-1,31,111,29,-1,29,111,15,-1,29,15,27,-1,27,15,18,-1,27,18,24,-1,24,18,14,-1,24,14,21,-1,21,14,13,-1,41,43,96,-1,96,43,45,-1,96,45,94,-1,94,45,47,-1,94,47,91,-1,91,47,89,-1,112,113,114,-1,114,113,115,-1,116,117,118,-1,118,117,112,-1,118,112,114,-1,119,117,120,-1,120,117,116,-1,121,122,123,-1,123,122,119,-1,123,119,120,-1,124,122,125,-1,125,122,121,-1,126,127,128,-1,128,127,124,-1,128,124,125,-1,129,127,130,-1,130,127,126,-1,131,132,133,-1,133,132,129,-1,133,129,130,-1,134,132,135,-1,135,132,131,-1,136,137,138,-1,138,137,134,-1,138,134,135,-1,139,137,140,-1,140,137,136,-1,115,113,141,-1,141,113,139,-1,141,139,140,-1,132,134,129,-1,129,134,137,-1,129,137,127,-1,113,112,139,-1,139,112,117,-1,139,117,119,-1,122,124,119,-1,119,124,127,-1,119,127,139,-1,139,127,137,-1,142,143,144,-1,144,143,145,-1,144,145,146,-1,146,145,147,-1,146,147,148,-1,148,147,149,-1,148,149,150,-1,150,149,151,-1,150,151,152,-1,152,151,153,-1,152,153,154,-1,154,153,155,-1,154,155,156,-1,156,155,157,-1,156,157,158,-1,158,157,159,-1,159,157,160,-1,159,160,161,-1,161,160,162,-1,161,162,163,-1,163,162,164,-1,163,164,165,-1,165,164,166,-1,165,166,167,-1,167,166,168,-1,167,168,169,-1,169,168,170,-1,169,170,171,-1,171,170,172,-1,171,172,173,-1,173,172,174,-1,173,174,175,-1,175,174,176,-1,175,176,142,-1,142,176,177,-1,142,177,143,-1,151,149,178,-1,178,149,179,-1,151,178,180,-1,151,180,153,-1,153,180,181,-1,153,181,155,-1,155,181,182,-1,155,182,157,-1,157,182,183,-1,157,183,160,-1,160,183,184,-1,160,184,162,-1,162,184,185,-1,162,185,164,-1,164,185,186,-1,164,186,166,-1,166,186,187,-1,166,187,168,-1,168,187,188,-1,168,188,170,-1,170,188,189,-1,170,189,172,-1,172,189,190,-1,172,190,174,-1,174,190,191,-1,174,191,176,-1,176,191,192,-1,176,192,177,-1,177,192,193,-1,177,193,143,-1,143,193,194,-1,143,194,145,-1,147,145,195,-1,195,145,194,-1,149,147,179,-1,179,147,196,-1,144,146,197,-1,197,146,198,-1,146,148,199,-1,199,148,200,-1,148,150,200,-1,200,150,201,-1,158,202,203,-1,158,203,156,-1,156,203,204,-1,156,204,154,-1,154,204,205,-1,154,205,152,-1,152,205,201,-1,152,201,150,-1,165,206,207,-1,165,207,163,-1,163,207,208,-1,163,208,161,-1,161,208,209,-1,161,209,159,-1,159,209,202,-1,159,202,158,-1,173,210,211,-1,173,211,171,-1,171,211,212,-1,171,212,169,-1,169,212,213,-1,169,213,167,-1,167,213,206,-1,167,206,165,-1,144,197,214,-1,144,214,142,-1,142,214,215,-1,142,215,175,-1,175,215,210,-1,175,210,173,-1,
        ]
    }
}
Shape{
    appearance Appearance {
        material  Material 	{
            diffuseColor 0.25098039215686274 0.25098039215686274 0.25098039215686274
            specularColor 0.12549019607843137 0.12549019607843137 0.12549019607843137
            ambientIntensity 0.2
            transparency 0
            shininess 0.5
        }
    }
    geometry IndexedFaceSet {
        ccw TRUE
        solid FALSE
        coord DEF co Coordinate {
            point [
                -0.1085 0.4717 0.9085, -0.1085 0.4739 0.8674, -0.1166 0.4717 0.9085, -0.1163 0.4739 0.8674, -0.1226 0.4739 0.868, -0.1273 0.4738 0.8696, -0.1309 0.4737 0.8719, -0.1322 0.4736 0.873, -0.1349 0.4734 0.8765, -0.1367 0.4732 0.8805, -0.1377 0.473 0.8855, -0.1379 0.4728 0.8885, -0.1372 0.4725 0.8945, -0.1358 0.4723 0.8985, -0.1338 0.4721 0.9016, -0.132 0.472 0.9035, -0.1234 0.4718 0.9078, -0.128 0.4719 0.9061, -0.128 0.4719 0.9061
            ]
        }
        coordIndex [
            0,1,2,-1,2,1,3,-1,2,3,4,-1,4,5,2,-1,2,5,6,-1,2,6,7,-1,7,8,2,-1,2,8,9,-1,2,9,10,-1,10,11,2,-1,2,11,12,-1,2,12,13,-1,13,14,2,-1,2,14,15,-1,2,15,16,-1,16,15,17,-1,
        ]
    }
}
Shape{
    appearance Appearance {
        material  Material 	{
            diffuseColor 1.0 1.0 1.0
            specularColor 0.5019607843137255 0.5019607843137255 0.5019607843137255
            ambientIntensity 0.2
            transparency 0
            shininess 0.5
        }
    }
    geometry IndexedFaceSet {
        ccw TRUE
        solid FALSE
        coord DEF co Coordinate {
            point [
                -0.163 0.4732 0.882, -0.171 0.472 0.9041, -0.1684 0.4715 0.9147, -0.1481 0.4743 0.8613, -0.1557 0.4743 0.8613, -0.1608 0.4735 0.8759, -0.1714 0.4719 0.9057, -0.1718 0.4718 0.9078, -0.1758 0.4715 0.9147, -0.172 0.4718 0.9078, -0.1724 0.4719 0.9056, -0.1728 0.472 0.9041, -0.1809 0.4732 0.882, -0.1961 0.4743 0.8613, -0.1885 0.4743 0.8613, -0.183 0.4735 0.8759, -0.1758 0.4714 0.9147, -0.1961 0.4742 0.8613, -0.1684 0.4714 0.9147, -0.1481 0.4742 0.8613, -0.1634 0.4721 0.9017, -0.1557 0.4742 0.8613, -0.1608 0.4735 0.8759, -0.183 0.4735 0.8759, -0.1634 0.4735 0.8759, -0.1885 0.4742 0.8613, -0.163 0.4731 0.882, -0.1809 0.4731 0.882, -0.1728 0.472 0.9041, -0.172 0.4718 0.9078, -0.1724 0.4719 0.9056, -0.1718 0.4718 0.9078, -0.171 0.472 0.9041, -0.1714 0.4719 0.9057, -0.1714 0.4719 0.9057
            ]
        }
        coordIndex [
            0,1,2,-1,3,4,5,-1,1,6,2,-1,2,6,7,-1,2,7,8,-1,8,7,9,-1,8,9,10,-1,10,11,8,-1,8,11,12,-1,8,12,13,-1,14,13,15,-1,15,13,12,-1,15,12,5,-1,5,12,0,-1,5,0,3,-1,3,0,2,-1,8,13,16,-1,16,13,17,-1,2,8,18,-1,18,8,16,-1,19,3,20,-1,20,3,2,-1,20,2,18,-1,4,3,21,-1,21,3,19,-1,5,4,22,-1,22,4,21,-1,23,15,24,-1,24,15,5,-1,24,5,22,-1,14,15,25,-1,25,15,23,-1,13,14,17,-1,17,14,25,-1,0,12,26,-1,26,12,27,-1,12,11,27,-1,27,11,28,-1,9,29,30,-1,9,30,10,-1,10,30,28,-1,10,28,11,-1,9,7,29,-1,29,7,31,-1,1,32,33,-1,1,33,6,-1,6,33,31,-1,6,31,7,-1,1,0,32,-1,32,0,26,-1,
        ]
    }
}
Shape{
    appearance Appearance {
        material  Material 	{
            diffuseColor 0.25098039215686274 0.25098039215686274 0.25098039215686274
            specularColor 0.12549019607843137 0.12549019607843137 0.12549019607843137
            ambientIntensity 0.2
            transparency 0
            shininess 0.5
        }
    }
    geometry IndexedFaceSet {
        ccw TRUE
        solid FALSE
        coord DEF co Coordinate {
            point [
                -0.172 0.4718 0.9078, -0.1718 0.4718 0.9078, -0.1724 0.4719 0.9056, -0.1714 0.4719 0.9057, -0.1728 0.472 0.9041, -0.171 0.472 0.9041, -0.1809 0.4731 0.882, -0.163 0.4731 0.882, -0.163 0.4731 0.882
            ]
        }
        coordIndex [
            0,1,2,-1,2,1,3,-1,2,3,4,-1,4,3,5,-1,4,5,6,-1,6,5,7,-1,
        ]
    }
}
Shape{
    appearance Appearance {
        material  Material 	{
            diffuseColor 1.0 1.0 1.0
            specularColor 0.5019607843137255 0.5019607843137255 0.5019607843137255
            ambientIntensity 0.2
            transparency 0
            shininess 0.5
        }
    }
    geometry IndexedFaceSet {
        ccw TRUE
        solid FALSE
        coord DEF co Coordinate {
            point [
                -0.0106 0.4784 0.7829, -0.0106 0.4787 0.7768, -0.0106 0.4783 0.7829, -0.0106 0.4787 0.7768, 0.0112 0.4784 0.7829, 0.0112 0.4783 0.7829, 0.0112 0.4774 0.8008, 0.0112 0.4774 0.8008, -0.0078 0.4774 0.8008, -0.0078 0.4774 0.8008, -0.0078 0.4771 0.8069, -0.0078 0.4771 0.8069, 0.0112 0.4771 0.8069, 0.0112 0.4771 0.8069, 0.0112 0.4762 0.824, 0.0112 0.4762 0.824, -0.0094 0.4762 0.824, -0.0094 0.4762 0.824, -0.0094 0.4759 0.8301, -0.0094 0.4759 0.8301, 0.0181 0.4759 0.8301, 0.0181 0.4759 0.8301, 0.0181 0.4787 0.7768, 0.0181 0.4787 0.7768, -0.0409 0.4787 0.7768, -0.0476 0.4787 0.7768, -0.0409 0.4784 0.7827, -0.0476 0.4774 0.8013, -0.0409 0.4774 0.801, -0.0264 0.4778 0.793, -0.0281 0.4778 0.7938, -0.032 0.4778 0.7947, -0.0409 0.4777 0.7959, -0.0409 0.4779 0.7922, -0.0407 0.4773 0.8039, -0.047 0.4771 0.8068, -0.04 0.4771 0.8063, -0.0459 0.477 0.8097, -0.0392 0.4771 0.8077, -0.0445 0.4769 0.8117, -0.0382 0.477 0.8088, -0.043 0.4768 0.8131, -0.037 0.477 0.8095, -0.0409 0.4767 0.8144, -0.0355 0.4769 0.8101, -0.0381 0.4767 0.8153, -0.0332 0.4769 0.8103, -0.0338 0.4767 0.8157, -0.0293 0.477 0.8099, -0.0279 0.4767 0.8151, -0.0252 0.477 0.8085, -0.0228 0.4768 0.8133, -0.0207 0.4772 0.8057, -0.0207 0.4768 0.8122, -0.0409 0.4779 0.7918, -0.0405 0.4781 0.7888, -0.0395 0.4782 0.7864, -0.0407 0.4784 0.7827, -0.0381 0.4783 0.7845, -0.0397 0.4785 0.7811, -0.0372 0.4783 0.7837, -0.0376 0.4786 0.7788, -0.0353 0.4784 0.7824, -0.0352 0.4787 0.7772, -0.0333 0.4784 0.7816, -0.0325 0.4787 0.7763, -0.0308 0.4785 0.7814, -0.0291 0.4787 0.7759, -0.0285 0.4784 0.7816, -0.0251 0.4787 0.7763, -0.027 0.4784 0.7822, -0.0225 0.4787 0.7773, -0.0257 0.4784 0.7831, -0.0202 0.4786 0.7789, -0.0251 0.4783 0.7837, -0.0296 0.4775 0.7994, -0.0242 0.4776 0.798, -0.0255 0.4779 0.7923, -0.0215 0.4777 0.7966, -0.0247 0.4779 0.7914, -0.0195 0.4777 0.7948, -0.0241 0.478 0.7901, -0.0181 0.4779 0.7926, -0.0238 0.4781 0.7886, -0.0173 0.478 0.7902, -0.0238 0.4781 0.7875, -0.017 0.4782 0.787, -0.0239 0.4782 0.786, -0.0173 0.4783 0.784, -0.0244 0.4783 0.7848, -0.0181 0.4784 0.7817, -0.0195 0.4785 0.7796, -0.0338 0.4766 0.8157, -0.0279 0.4766 0.8151, -0.0228 0.4767 0.8133, -0.0207 0.4768 0.8122, -0.0207 0.4771 0.8057, -0.0252 0.477 0.8085, -0.0293 0.4769 0.8099, -0.0332 0.4769 0.8103, -0.0355 0.4769 0.8101, -0.037 0.4769 0.8095, -0.0382 0.477 0.8088, -0.0392 0.477 0.8077, -0.04 0.4771 0.8063, -0.0407 0.4772 0.8039, -0.0409 0.4774 0.801, -0.0296 0.4775 0.7994, -0.0242 0.4775 0.798, -0.0215 0.4776 0.7966, -0.0195 0.4777 0.7948, -0.0181 0.4778 0.7926, -0.0173 0.478 0.7902, -0.017 0.4781 0.787, -0.0173 0.4783 0.7839, -0.0181 0.4784 0.7817, -0.0195 0.4785 0.7796, -0.0202 0.4785 0.7789, -0.0291 0.4787 0.7759, -0.0252 0.4787 0.7763, -0.0251 0.4787 0.7763, -0.0225 0.4786 0.7773, -0.0325 0.4787 0.7763, -0.0327 0.4787 0.7763, -0.0352 0.4786 0.7772, -0.0376 0.4785 0.7788, -0.0397 0.4784 0.7811, -0.0407 0.4783 0.7827, -0.0409 0.4783 0.7827, -0.0409 0.4787 0.7768, -0.0476 0.4787 0.7768, -0.0476 0.4774 0.8013, -0.047 0.4771 0.8068, -0.0459 0.4769 0.8097, -0.0445 0.4768 0.8117, -0.043 0.4767 0.8131, -0.0409 0.4767 0.8144, -0.0381 0.4766 0.8153, -0.0255 0.4778 0.7923, -0.0264 0.4778 0.793, -0.0281 0.4778 0.7938, -0.032 0.4777 0.7947, -0.0238 0.4781 0.7875, -0.0238 0.478 0.7886, -0.0241 0.478 0.7901, -0.0247 0.4779 0.7914, -0.0257 0.4783 0.7831, -0.0251 0.4783 0.7836, -0.0244 0.4782 0.7848, -0.0239 0.4782 0.786, -0.0308 0.4784 0.7814, -0.0285 0.4784 0.7816, -0.027 0.4784 0.7822, -0.0381 0.4782 0.7845, -0.0372 0.4783 0.7836, -0.0353 0.4784 0.7824, -0.0333 0.4784 0.7816, -0.0409 0.4778 0.7922, -0.0409 0.4779 0.7918, -0.0405 0.478 0.7888, -0.0395 0.4781 0.7864, -0.0409 0.4777 0.7959, -0.0409 0.4777 0.7959
            ]
        }
        coordIndex [
            0,1,2,-1,2,1,3,-1,4,0,5,-1,5,0,2,-1,6,4,7,-1,7,4,5,-1,8,6,9,-1,9,6,7,-1,10,8,11,-1,11,8,9,-1,12,10,13,-1,13,10,11,-1,14,12,15,-1,15,12,13,-1,16,14,17,-1,17,14,15,-1,18,16,19,-1,19,16,17,-1,20,18,21,-1,21,18,19,-1,22,20,23,-1,23,20,21,-1,1,22,3,-1,3,22,23,-1,16,18,14,-1,14,18,20,-1,14,20,12,-1,1,0,22,-1,22,0,4,-1,22,4,6,-1,8,10,6,-1,6,10,12,-1,6,12,22,-1,22,12,20,-1,24,25,26,-1,26,25,27,-1,28,29,30,-1,31,32,27,-1,27,32,33,-1,30,31,28,-1,28,31,27,-1,28,27,34,-1,34,27,35,-1,34,35,36,-1,36,35,37,-1,36,37,38,-1,38,37,39,-1,38,39,40,-1,40,39,41,-1,40,41,42,-1,42,41,43,-1,42,43,44,-1,44,43,45,-1,44,45,46,-1,46,45,47,-1,46,47,48,-1,48,47,49,-1,48,49,50,-1,50,49,51,-1,50,51,52,-1,52,51,53,-1,33,54,27,-1,27,54,55,-1,27,55,26,-1,26,55,56,-1,26,56,57,-1,57,56,58,-1,57,58,59,-1,59,58,60,-1,59,60,61,-1,61,60,62,-1,61,62,63,-1,63,62,64,-1,63,64,65,-1,65,64,66,-1,65,66,67,-1,67,66,68,-1,67,68,69,-1,69,68,70,-1,69,70,71,-1,71,70,72,-1,71,72,73,-1,73,72,74,-1,28,75,29,-1,29,75,76,-1,29,76,77,-1,77,76,78,-1,77,78,79,-1,79,78,80,-1,79,80,81,-1,81,80,82,-1,81,82,83,-1,83,82,84,-1,83,84,85,-1,85,84,86,-1,85,86,87,-1,87,86,88,-1,87,88,89,-1,89,88,90,-1,89,90,74,-1,74,90,91,-1,74,91,73,-1,47,92,93,-1,47,93,49,-1,49,93,94,-1,49,94,51,-1,51,94,95,-1,51,95,53,-1,52,53,96,-1,96,53,95,-1,52,96,97,-1,52,97,50,-1,50,97,98,-1,50,98,48,-1,48,98,99,-1,48,99,46,-1,46,99,100,-1,46,100,44,-1,44,100,101,-1,44,101,42,-1,42,101,102,-1,42,102,40,-1,40,102,103,-1,40,103,38,-1,38,103,104,-1,38,104,36,-1,36,104,105,-1,36,105,34,-1,34,105,106,-1,34,106,28,-1,75,28,107,-1,107,28,106,-1,75,107,108,-1,75,108,76,-1,76,108,109,-1,76,109,78,-1,78,109,110,-1,78,110,80,-1,80,110,111,-1,80,111,82,-1,82,111,112,-1,82,112,84,-1,84,112,113,-1,84,113,86,-1,86,113,114,-1,86,114,88,-1,88,114,115,-1,88,115,90,-1,90,115,116,-1,90,116,91,-1,91,116,117,-1,91,117,73,-1,118,67,119,-1,119,67,69,-1,119,69,120,-1,120,69,71,-1,120,71,121,-1,121,71,73,-1,121,73,117,-1,67,118,122,-1,67,122,65,-1,65,122,123,-1,65,123,63,-1,123,124,63,-1,63,124,125,-1,63,125,61,-1,61,125,126,-1,61,126,59,-1,59,126,127,-1,59,127,57,-1,26,57,128,-1,128,57,127,-1,24,26,129,-1,129,26,128,-1,25,24,130,-1,130,24,129,-1,27,25,131,-1,131,25,130,-1,27,131,132,-1,27,132,35,-1,35,132,133,-1,35,133,37,-1,37,133,134,-1,37,134,39,-1,39,134,135,-1,39,135,41,-1,41,135,136,-1,41,136,43,-1,43,136,137,-1,43,137,45,-1,45,137,92,-1,45,92,47,-1,77,138,139,-1,77,139,29,-1,29,139,140,-1,29,140,30,-1,30,140,141,-1,30,141,31,-1,85,142,143,-1,85,143,83,-1,83,143,144,-1,83,144,81,-1,81,144,145,-1,81,145,79,-1,79,145,138,-1,79,138,77,-1,72,146,147,-1,72,147,74,-1,74,147,148,-1,74,148,89,-1,89,148,149,-1,89,149,87,-1,87,149,142,-1,87,142,85,-1,66,150,151,-1,66,151,68,-1,68,151,152,-1,68,152,70,-1,70,152,146,-1,70,146,72,-1,58,153,154,-1,58,154,60,-1,60,154,155,-1,60,155,62,-1,62,155,156,-1,62,156,64,-1,64,156,150,-1,64,150,66,-1,33,157,158,-1,33,158,54,-1,54,158,159,-1,54,159,55,-1,55,159,160,-1,55,160,56,-1,56,160,153,-1,56,153,58,-1,33,32,157,-1,157,32,161,-1,32,31,161,-1,161,31,141,-1,
        ]
    }
}
Shape{
    appearance Appearance {
        material  Material 	{
            diffuseColor 0.25098039215686274 0.25098039215686274 0.25098039215686274
            specularColor 0.12549019607843137 0.12549019607843137 0.12549019607843137
            ambientIntensity 0.2
            transparency 0
            shininess 0.5
        }
    }
    geometry IndexedFaceSet {
        ccw TRUE
        solid FALSE
        coord DEF co Coordinate {
            point [
                -0.0409 0.4777 0.7959, -0.032 0.4777 0.7947, -0.0409 0.4778 0.7922, -0.0281 0.4778 0.7938, -0.0264 0.4778 0.793, -0.0255 0.4778 0.7923, -0.0409 0.4779 0.7918, -0.0405 0.478 0.7888, -0.0247 0.4779 0.7914, -0.0395 0.4781 0.7864, -0.0251 0.4783 0.7836, -0.0257 0.4783 0.7831, -0.0372 0.4783 0.7836, -0.0244 0.4782 0.7848, -0.0353 0.4784 0.7824, -0.0333 0.4784 0.7816, -0.0308 0.4784 0.7814, -0.0241 0.478 0.7901, -0.0238 0.478 0.7886, -0.0381 0.4782 0.7845, -0.0238 0.4781 0.7875, -0.0239 0.4782 0.786, -0.027 0.4784 0.7822, -0.0285 0.4784 0.7816, -0.0285 0.4784 0.7816
            ]
        }
        coordIndex [
            0,1,2,-1,2,1,3,-1,3,4,2,-1,2,4,5,-1,2,5,6,-1,6,5,7,-1,7,5,8,-1,7,8,9,-1,10,11,12,-1,10,12,13,-1,14,12,15,-1,15,12,16,-1,8,17,9,-1,9,17,18,-1,9,18,19,-1,19,18,20,-1,19,20,12,-1,12,20,21,-1,12,21,13,-1,11,22,12,-1,12,22,23,-1,12,23,16,-1,
        ]
    }
}
Shape{
    appearance Appearance {
        material  Material 	{
            diffuseColor 1.0 1.0 1.0
            specularColor 0.5019607843137255 0.5019607843137255 0.5019607843137255
            ambientIntensity 0.2
            transparency 0
            shininess 0.5
        }
    }
    geometry IndexedFaceSet {
        ccw TRUE
        solid FALSE
        coord DEF co Coordinate {
            point [
                -0.0567 0.4782 0.785, -0.0567 0.4783 0.785, -0.0589 0.4783 0.7836, -0.0677 0.4785 0.7813, -0.0677 0.4784 0.7813, -0.063 0.4784 0.7819, -0.063 0.4784 0.7819, -0.0598 0.4783 0.7833, -0.0589 0.4783 0.7836, -0.0567 0.4786 0.7781, -0.0567 0.4786 0.7781, -0.0613 0.4787 0.7765, -0.0598 0.4786 0.777, -0.067 0.4787 0.7759, -0.067 0.4787 0.7759, -0.0627 0.4787 0.7763, -0.0613 0.4787 0.7765, -0.0727 0.4787 0.7765, -0.0711 0.4787 0.7763, -0.0727 0.4787 0.7765, -0.0763 0.4786 0.7778, -0.0763 0.4786 0.7778, -0.0781 0.4785 0.7789, -0.0781 0.4786 0.7789, -0.08 0.4785 0.7806, -0.08 0.4785 0.7806, -0.0813 0.4784 0.7823, -0.0813 0.4784 0.7823, -0.0821 0.4783 0.7845, -0.0821 0.4783 0.7845, -0.0824 0.4781 0.7871, -0.0824 0.4781 0.7871, -0.0821 0.478 0.7896, -0.0821 0.478 0.7896, -0.0814 0.4779 0.7916, -0.0814 0.4779 0.7916, -0.0802 0.4778 0.7934, -0.0802 0.4778 0.7934, -0.0786 0.4777 0.7949, -0.0786 0.4777 0.7949, -0.0741 0.4776 0.7973, -0.0741 0.4776 0.7973, -0.0716 0.4775 0.7984, -0.0716 0.4776 0.7984, -0.0674 0.4774 0.8002, -0.0674 0.4775 0.8002, -0.0651 0.4773 0.8016, -0.0651 0.4774 0.8016, -0.0644 0.4773 0.8024, -0.0644 0.4774 0.8024, -0.0639 0.4773 0.8033, -0.0639 0.4773 0.8033, -0.0637 0.4772 0.8043, -0.0637 0.4772 0.8043, -0.0636 0.4772 0.8052, -0.0636 0.4772 0.8052, -0.0637 0.4771 0.8062, -0.0637 0.4771 0.8062, -0.064 0.4771 0.8071, -0.064 0.4771 0.8071, -0.0646 0.477 0.808, -0.0646 0.4771 0.808, -0.0656 0.477 0.8089, -0.0656 0.477 0.8089, -0.0671 0.4769 0.8097, -0.0671 0.477 0.8097, -0.0689 0.4769 0.8102, -0.0689 0.4769 0.8102, -0.0709 0.4769 0.8103, -0.0709 0.4769 0.8103, -0.0757 0.4769 0.8097, -0.0757 0.477 0.8097, -0.0795 0.477 0.8082, -0.0795 0.477 0.8082, -0.0806 0.477 0.8076, -0.0806 0.4771 0.8076, -0.0806 0.4767 0.814, -0.0806 0.4767 0.814, -0.0757 0.4766 0.8154, -0.0757 0.4767 0.8154, -0.0716 0.4766 0.8157, -0.0716 0.4767 0.8157, -0.0663 0.4766 0.8151, -0.0663 0.4767 0.8151, -0.0627 0.4767 0.8138, -0.0627 0.4768 0.8138, -0.061 0.4768 0.8127, -0.061 0.4768 0.8127, -0.059 0.4769 0.8109, -0.0598 0.4768 0.8116, -0.059 0.4769 0.8109, -0.0578 0.477 0.8091, -0.0578 0.477 0.8091, -0.057 0.4771 0.807, -0.057 0.4771 0.807, -0.0567 0.4772 0.8046, -0.0567 0.4772 0.8046, -0.057 0.4773 0.802, -0.057 0.4774 0.802, -0.0577 0.4774 0.7999, -0.0577 0.4775 0.8, -0.0586 0.4775 0.7986, -0.0586 0.4776 0.7986, -0.0668 0.4778 0.7935, -0.0668 0.4778 0.7935, -0.0628 0.4777 0.7953, -0.0597 0.4776 0.7974, -0.0597 0.4776 0.7974, -0.0598 0.4776 0.7974, -0.0628 0.4777 0.7953, -0.0712 0.4779 0.7917, -0.0712 0.4779 0.7917, -0.0738 0.478 0.7901, -0.0738 0.478 0.7901, -0.0747 0.478 0.7892, -0.0747 0.478 0.7892, -0.0752 0.478 0.7884, -0.0752 0.4781 0.7884, -0.0755 0.4781 0.7873, -0.0755 0.4781 0.7873, -0.0756 0.4781 0.7865, -0.0756 0.4782 0.7865, -0.0754 0.4782 0.7852, -0.0754 0.4782 0.7852, -0.0751 0.4783 0.7843, -0.0751 0.4783 0.7843, -0.0745 0.4783 0.7834, -0.0745 0.4783 0.7834, -0.0737 0.4783 0.7827, -0.0737 0.4784 0.7827, -0.0731 0.4784 0.7823, -0.0731 0.4784 0.7824, -0.0714 0.4784 0.7817, -0.0714 0.4784 0.7817, -0.068 0.4784 0.7813, -0.068 0.4785 0.7813, -0.1156 0.4767 0.8149, -0.1225 0.4767 0.8149, -0.1156 0.4767 0.8149, -0.1225 0.4767 0.8149, -0.1051 0.4782 0.7862, -0.1051 0.4782 0.7862, -0.1046 0.4783 0.7844, -0.1046 0.4783 0.7844, -0.1043 0.4783 0.7831, -0.1043 0.4784 0.7831, -0.1042 0.4784 0.7831, -0.1042 0.4783 0.7831, -0.1033 0.4782 0.7862, -0.1033 0.4782 0.7862, -0.0934 0.4767 0.8149, -0.0934 0.4767 0.8149, -0.0966 0.4771 0.8056, -0.0859 0.4767 0.8149, -0.0859 0.4767 0.8149, -0.1008 0.4786 0.7769, -0.1008 0.4787 0.7769, -0.0966 0.4781 0.7877, -0.0979 0.479 0.7699, -0.0979 0.4791 0.7699, -0.1006 0.4787 0.7763, -0.0966 0.4791 0.7675, -0.0966 0.4792 0.7675, -0.0966 0.4791 0.7675, -0.0954 0.4792 0.7662, -0.0954 0.4792 0.7662, -0.0941 0.4793 0.7653, -0.0941 0.4793 0.7653, -0.0927 0.4793 0.7648, -0.0927 0.4793 0.7648, -0.0911 0.4793 0.7646, -0.0911 0.4793 0.7646, -0.0886 0.4793 0.7649, -0.0886 0.4793 0.7649, -0.0873 0.4793 0.7653, -0.0873 0.4793 0.7653, -0.0873 0.4796 0.7594, -0.0873 0.4796 0.7594, -0.0901 0.4796 0.7589, -0.0901 0.4796 0.7589, -0.0916 0.4796 0.7588, -0.0916 0.4796 0.7589, -0.0943 0.4796 0.7592, -0.0943 0.4796 0.7592, -0.0966 0.4795 0.76, -0.0969 0.4796 0.7602, -0.0969 0.4795 0.7602, -0.0993 0.4794 0.7618, -0.0993 0.4795 0.7618, -0.0997 0.4794 0.7622, -0.0997 0.4795 0.7622, -0.1022 0.4793 0.7651, -0.1022 0.4793 0.7651, -0.1052 0.479 0.771, -0.1052 0.479 0.771, -0.1073 0.4787 0.7763, -0.1584 0.4784 0.7829, -0.1584 0.4787 0.7768, -0.1584 0.4783 0.7829, -0.1584 0.4787 0.7768, -0.1366 0.4783 0.7829, -0.1366 0.4784 0.7829, -0.1466 0.4783 0.7829, -0.1366 0.4774 0.8008, -0.1366 0.4774 0.8008, -0.1557 0.4774 0.8008, -0.1557 0.4774 0.8008, -0.1466 0.4774 0.8008, -0.1557 0.4771 0.8069, -0.1557 0.4771 0.8069, -0.1366 0.4771 0.8069, -0.1366 0.4771 0.8069, -0.1466 0.4771 0.8069, -0.1366 0.4762 0.824, -0.1366 0.4762 0.824, -0.1572 0.4762 0.824, -0.1572 0.4762 0.824, -0.1466 0.4762 0.824, -0.1572 0.4759 0.8301, -0.1572 0.4759 0.8301, -0.1297 0.4759 0.8301, -0.1297 0.4759 0.8301, -0.1466 0.4759 0.8301, -0.1297 0.4787 0.7768, -0.1297 0.4787 0.7768, -0.1466 0.4787 0.7768, -0.1902 0.4763 0.8232, -0.1848 0.4759 0.8301, -0.1834 0.4762 0.824, -0.1837 0.4759 0.8301, -0.1754 0.4762 0.824, -0.1685 0.4759 0.8301, -0.1754 0.4784 0.7829, -0.1685 0.4787 0.7768, -0.1831 0.4784 0.7829, -0.1832 0.4787 0.7768, -0.1894 0.4783 0.7835, -0.1921 0.4786 0.7779, -0.1941 0.4783 0.785, -0.1982 0.4785 0.7802, -0.1977 0.4781 0.7873, -0.2039 0.4783 0.7843, -0.199 0.4781 0.7884, -0.2018 0.4779 0.7919, -0.2075 0.4781 0.7885, -0.2036 0.4777 0.7959, -0.2103 0.4778 0.7939, -0.2046 0.4774 0.8009, -0.2117 0.4775 0.8001, -0.2047 0.4773 0.8039, -0.2119 0.4773 0.8041, -0.2041 0.477 0.8099, -0.2113 0.4769 0.8103, -0.2027 0.4767 0.814, -0.2095 0.4767 0.8156, -0.2007 0.4766 0.8171, -0.2064 0.4764 0.8205, -0.1988 0.4765 0.8189, -0.2039 0.4763 0.823, -0.1949 0.4763 0.8216, -0.1991 0.4761 0.8264, -0.1928 0.476 0.829, -0.1832 0.4787 0.7768, -0.1685 0.4787 0.7768, -0.1921 0.4786 0.7779, -0.1982 0.4785 0.7802, -0.2039 0.4783 0.7842, -0.2075 0.478 0.7885, -0.2103 0.4778 0.7939, -0.2117 0.4774 0.8001, -0.2119 0.4772 0.8041, -0.2113 0.4769 0.8103, -0.2095 0.4766 0.8156, -0.2064 0.4764 0.8205, -0.2039 0.4762 0.823, -0.1991 0.4761 0.8264, -0.1928 0.4759 0.8289, -0.1848 0.4759 0.8301, -0.1837 0.4759 0.8301, -0.1685 0.4759 0.8301, -0.1685 0.4759 0.8301, -0.1834 0.4762 0.824, -0.1754 0.4762 0.824, -0.1754 0.4762 0.824, -0.1754 0.4783 0.7829, -0.1831 0.4783 0.7829, -0.199 0.478 0.7884, -0.1977 0.4781 0.7873, -0.1941 0.4782 0.785, -0.1894 0.4783 0.7835, -0.2047 0.4772 0.8039, -0.2046 0.4774 0.8009, -0.2036 0.4776 0.7959, -0.2018 0.4779 0.7919, -0.1988 0.4764 0.8189, -0.2007 0.4765 0.8171, -0.2027 0.4767 0.814, -0.2041 0.4769 0.8099, -0.1902 0.4762 0.8232, -0.1949 0.4763 0.8216, -0.1949 0.4763 0.8216
            ]
        }
        coordIndex [
            0,1,2,-1,3,4,5,-1,3,5,6,-1,6,5,7,-1,6,7,2,-1,2,7,8,-1,2,8,0,-1,9,1,10,-1,10,1,0,-1,11,9,12,-1,12,9,10,-1,13,14,15,-1,15,14,11,-1,15,11,16,-1,16,11,12,-1,17,14,18,-1,18,14,13,-1,18,19,17,-1,17,19,20,-1,17,20,21,-1,21,20,22,-1,21,22,23,-1,23,22,24,-1,23,24,25,-1,25,24,26,-1,25,26,27,-1,27,26,28,-1,27,28,29,-1,29,28,30,-1,29,30,31,-1,31,30,32,-1,31,32,33,-1,33,32,34,-1,33,34,35,-1,35,34,36,-1,35,36,37,-1,37,36,38,-1,37,38,39,-1,39,38,40,-1,39,40,41,-1,41,40,42,-1,41,42,43,-1,43,42,44,-1,43,44,45,-1,45,44,46,-1,45,46,47,-1,47,46,48,-1,47,48,49,-1,49,48,50,-1,49,50,51,-1,51,50,52,-1,51,52,53,-1,53,52,54,-1,53,54,55,-1,55,54,56,-1,55,56,57,-1,57,56,58,-1,57,58,59,-1,59,58,60,-1,59,60,61,-1,61,60,62,-1,61,62,63,-1,63,62,64,-1,63,64,65,-1,65,64,66,-1,65,66,67,-1,67,66,68,-1,67,68,69,-1,69,68,70,-1,69,70,71,-1,71,70,72,-1,71,72,73,-1,73,72,74,-1,73,74,75,-1,76,75,77,-1,77,75,74,-1,76,77,78,-1,76,78,79,-1,79,78,80,-1,79,80,81,-1,81,80,82,-1,81,82,83,-1,83,82,84,-1,83,84,85,-1,85,84,86,-1,85,86,87,-1,88,87,89,-1,89,87,86,-1,89,90,88,-1,88,90,91,-1,88,91,92,-1,92,91,93,-1,92,93,94,-1,94,93,95,-1,94,95,96,-1,96,95,97,-1,96,97,98,-1,98,97,99,-1,98,99,100,-1,100,99,101,-1,100,101,102,-1,103,104,105,-1,102,101,106,-1,102,106,107,-1,107,106,108,-1,107,108,105,-1,105,108,109,-1,105,109,103,-1,104,103,110,-1,104,110,111,-1,111,110,112,-1,111,112,113,-1,113,112,114,-1,113,114,115,-1,115,114,116,-1,115,116,117,-1,117,116,118,-1,117,118,119,-1,119,118,120,-1,119,120,121,-1,121,120,122,-1,121,122,123,-1,123,122,124,-1,123,124,125,-1,125,124,126,-1,125,126,127,-1,127,126,128,-1,127,128,129,-1,129,128,130,-1,129,130,131,-1,131,130,132,-1,131,132,133,-1,133,132,134,-1,133,134,135,-1,135,134,4,-1,135,4,3,-1,61,63,85,-1,85,63,83,-1,111,43,104,-1,104,43,45,-1,14,3,11,-1,11,3,6,-1,11,6,9,-1,9,6,2,-1,9,2,1,-1,63,65,83,-1,83,65,67,-1,83,67,81,-1,81,67,69,-1,81,69,79,-1,79,69,71,-1,79,71,76,-1,76,71,73,-1,76,73,75,-1,21,23,127,-1,127,23,25,-1,127,25,125,-1,125,25,27,-1,125,27,123,-1,123,27,29,-1,123,29,121,-1,121,29,31,-1,121,31,119,-1,119,31,33,-1,119,33,117,-1,117,33,35,-1,117,35,115,-1,115,35,37,-1,115,37,113,-1,113,37,39,-1,113,39,111,-1,111,39,41,-1,111,41,43,-1,127,129,21,-1,21,129,131,-1,21,131,17,-1,17,131,133,-1,17,133,14,-1,14,133,135,-1,14,135,3,-1,85,87,61,-1,61,87,88,-1,61,88,59,-1,59,88,92,-1,59,92,57,-1,57,92,94,-1,57,94,55,-1,55,94,96,-1,55,96,53,-1,53,96,98,-1,53,98,51,-1,51,98,100,-1,51,100,49,-1,49,100,102,-1,49,102,47,-1,47,102,107,-1,47,107,45,-1,45,107,105,-1,45,105,104,-1,136,137,138,-1,138,137,139,-1,140,136,141,-1,141,136,138,-1,140,141,142,-1,140,142,143,-1,143,142,144,-1,143,144,145,-1,146,145,147,-1,147,145,144,-1,148,146,149,-1,149,146,147,-1,150,151,152,-1,152,151,148,-1,152,148,149,-1,153,151,154,-1,154,151,150,-1,155,156,157,-1,157,156,153,-1,157,153,154,-1,158,159,160,-1,160,159,156,-1,160,156,155,-1,159,158,161,-1,159,161,162,-1,162,161,163,-1,162,163,164,-1,163,165,164,-1,164,165,166,-1,164,166,167,-1,167,166,168,-1,167,168,169,-1,169,168,170,-1,169,170,171,-1,171,170,172,-1,171,172,173,-1,173,172,174,-1,173,174,175,-1,176,175,177,-1,177,175,174,-1,176,177,178,-1,176,178,179,-1,179,178,180,-1,179,180,181,-1,181,180,182,-1,181,182,183,-1,183,182,184,-1,183,184,185,-1,184,186,185,-1,185,186,187,-1,185,187,188,-1,188,187,189,-1,188,189,190,-1,190,189,191,-1,190,191,192,-1,192,191,193,-1,192,193,194,-1,139,137,195,-1,195,137,194,-1,195,194,193,-1,143,145,194,-1,137,136,194,-1,194,136,140,-1,194,140,143,-1,151,153,148,-1,148,153,156,-1,148,156,146,-1,192,162,190,-1,190,162,164,-1,175,176,173,-1,173,176,179,-1,173,179,171,-1,171,179,181,-1,171,181,169,-1,169,181,183,-1,169,183,167,-1,167,183,185,-1,167,185,164,-1,164,185,188,-1,164,188,190,-1,145,146,194,-1,194,146,156,-1,194,156,192,-1,192,156,159,-1,192,159,162,-1,196,197,198,-1,198,197,199,-1,200,201,202,-1,202,201,196,-1,202,196,198,-1,203,201,204,-1,204,201,200,-1,205,206,207,-1,207,206,203,-1,207,203,204,-1,208,206,209,-1,209,206,205,-1,210,211,212,-1,212,211,208,-1,212,208,209,-1,213,211,214,-1,214,211,210,-1,215,216,217,-1,217,216,213,-1,217,213,214,-1,218,216,219,-1,219,216,215,-1,220,221,222,-1,222,221,218,-1,222,218,219,-1,223,221,224,-1,224,221,220,-1,199,197,225,-1,225,197,223,-1,225,223,224,-1,223,197,196,-1,196,201,223,-1,223,201,203,-1,223,203,221,-1,216,218,213,-1,213,218,221,-1,213,221,211,-1,211,221,203,-1,211,203,208,-1,208,203,206,-1,226,227,228,-1,228,227,229,-1,228,229,230,-1,230,229,231,-1,230,231,232,-1,232,231,233,-1,232,233,234,-1,234,233,235,-1,234,235,236,-1,236,235,237,-1,236,237,238,-1,238,237,239,-1,238,239,240,-1,240,239,241,-1,240,241,242,-1,242,241,243,-1,243,241,244,-1,243,244,245,-1,245,244,246,-1,245,246,247,-1,247,246,248,-1,247,248,249,-1,249,248,250,-1,249,250,251,-1,251,250,252,-1,251,252,253,-1,253,252,254,-1,253,254,255,-1,255,254,256,-1,255,256,257,-1,257,256,258,-1,257,258,259,-1,259,258,260,-1,259,260,226,-1,226,260,261,-1,226,261,227,-1,235,233,262,-1,262,233,263,-1,235,262,264,-1,235,264,237,-1,237,264,265,-1,237,265,239,-1,239,265,266,-1,239,266,241,-1,241,266,267,-1,241,267,244,-1,244,267,268,-1,244,268,246,-1,246,268,269,-1,246,269,248,-1,248,269,270,-1,248,270,250,-1,250,270,271,-1,250,271,252,-1,252,271,272,-1,252,272,254,-1,254,272,273,-1,254,273,256,-1,256,273,274,-1,256,274,258,-1,258,274,275,-1,258,275,260,-1,260,275,276,-1,260,276,261,-1,261,276,277,-1,261,277,227,-1,227,277,278,-1,227,278,229,-1,231,229,279,-1,279,229,278,-1,233,231,263,-1,263,231,280,-1,228,230,281,-1,281,230,282,-1,230,232,283,-1,283,232,284,-1,232,234,284,-1,284,234,285,-1,242,286,287,-1,242,287,240,-1,240,287,288,-1,240,288,238,-1,238,288,289,-1,238,289,236,-1,236,289,285,-1,236,285,234,-1,249,290,291,-1,249,291,247,-1,247,291,292,-1,247,292,245,-1,245,292,293,-1,245,293,243,-1,243,293,286,-1,243,286,242,-1,257,294,295,-1,257,295,255,-1,255,295,296,-1,255,296,253,-1,253,296,297,-1,253,297,251,-1,251,297,290,-1,251,290,249,-1,228,281,298,-1,228,298,226,-1,226,298,299,-1,226,299,259,-1,259,299,294,-1,259,294,257,-1,
        ]
    }
}
Shape{
    appearance Appearance {
        material  Material 	{
            diffuseColor 0.25098039215686274 0.25098039215686274 0.25098039215686274
            specularColor 0.12549019607843137 0.12549019607843137 0.12549019607843137
            ambientIntensity 0.2
            transparency 0
            shininess 0.5
        }
    }
    geometry IndexedFaceSet {
        ccw TRUE
        solid FALSE
        coord DEF co Coordinate {
            point [
                -0.1754 0.4762 0.824, -0.1754 0.4783 0.7829, -0.1834 0.4762 0.824, -0.1831 0.4783 0.7829, -0.1894 0.4783 0.7835, -0.1941 0.4782 0.785, -0.1977 0.4781 0.7873, -0.199 0.478 0.7884, -0.2018 0.4779 0.7919, -0.2036 0.4776 0.7959, -0.2046 0.4774 0.8009, -0.2047 0.4772 0.8039, -0.2041 0.4769 0.8099, -0.2027 0.4767 0.814, -0.2007 0.4765 0.8171, -0.1988 0.4764 0.8189, -0.1902 0.4762 0.8232, -0.1949 0.4763 0.8216, -0.1949 0.4763 0.8216
            ]
        }
        coordIndex [
            0,1,2,-1,2,1,3,-1,2,3,4,-1,4,5,2,-1,2,5,6,-1,2,6,7,-1,7,8,2,-1,2,8,9,-1,2,9,10,-1,10,11,2,-1,2,11,12,-1,2,12,13,-1,13,14,2,-1,2,14,15,-1,2,15,16,-1,16,15,17,-1,
        ]
    }
}
Shape{
    appearance Appearance {
        material  Material 	{
            diffuseColor 1.0 1.0 1.0
            specularColor 0.5019607843137255 0.5019607843137255 0.5019607843137255
            ambientIntensity 0.2
            transparency 0
            shininess 0.5
        }
    }
    geometry IndexedFaceSet {
        ccw TRUE
        solid FALSE
        coord DEF co Coordinate {
            point [
                -0.2298 0.4776 0.7974, -0.2378 0.4765 0.8195, -0.2352 0.4759 0.8301, -0.2149 0.4787 0.7768, -0.2225 0.4787 0.7768, -0.2277 0.4779 0.7914, -0.2383 0.4764 0.8211, -0.2387 0.4763 0.8233, -0.2426 0.4759 0.8301, -0.2389 0.4763 0.8233, -0.2393 0.4764 0.821, -0.2397 0.4765 0.8195, -0.2478 0.4776 0.7974, -0.2629 0.4787 0.7768, -0.2553 0.4787 0.7768, -0.2499 0.4779 0.7914, -0.2426 0.4759 0.8301, -0.2629 0.4787 0.7768, -0.2352 0.4759 0.8301, -0.2149 0.4787 0.7768, -0.2225 0.4787 0.7768, -0.2277 0.4779 0.7914, -0.2499 0.4779 0.7914, -0.2553 0.4787 0.7768, -0.2298 0.4776 0.7974, -0.2478 0.4776 0.7974, -0.2397 0.4764 0.8195, -0.2389 0.4762 0.8233, -0.2393 0.4763 0.821, -0.2387 0.4762 0.8233, -0.2378 0.4764 0.8195, -0.2383 0.4763 0.8211, -0.2383 0.4763 0.8211
            ]
        }
        coordIndex [
            0,1,2,-1,3,4,5,-1,1,6,2,-1,2,6,7,-1,2,7,8,-1,8,7,9,-1,8,9,10,-1,10,11,8,-1,8,11,12,-1,8,12,13,-1,14,13,15,-1,15,13,12,-1,15,12,5,-1,5,12,0,-1,5,0,3,-1,3,0,2,-1,8,13,16,-1,16,13,17,-1,2,8,18,-1,18,8,16,-1,3,2,19,-1,19,2,18,-1,4,3,20,-1,20,3,19,-1,5,4,21,-1,21,4,20,-1,15,5,22,-1,22,5,21,-1,14,15,23,-1,23,15,22,-1,13,14,17,-1,17,14,23,-1,0,12,24,-1,24,12,25,-1,12,11,25,-1,25,11,26,-1,9,27,28,-1,9,28,10,-1,10,28,26,-1,10,26,11,-1,9,7,27,-1,27,7,29,-1,1,30,31,-1,1,31,6,-1,6,31,29,-1,6,29,7,-1,1,0,30,-1,30,0,24,-1,
        ]
    }
}
Shape{
    appearance Appearance {
        material  Material 	{
            diffuseColor 0.25098039215686274 0.25098039215686274 0.25098039215686274
            specularColor 0.12549019607843137 0.12549019607843137 0.12549019607843137
            ambientIntensity 0.2
            transparency 0
            shininess 0.5
        }
    }
    geometry IndexedFaceSet {
        ccw TRUE
        solid FALSE
        coord DEF co Coordinate {
            point [
                -0.2389 0.4762 0.8233, -0.2387 0.4762 0.8233, -0.2393 0.4763 0.821, -0.2383 0.4763 0.8211, -0.2397 0.4764 0.8195, -0.2378 0.4764 0.8195, -0.2478 0.4776 0.7974, -0.2298 0.4776 0.7974, -0.2298 0.4776 0.7974
            ]
        }
        coordIndex [
            0,1,2,-1,2,1,3,-1,2,3,4,-1,4,3,5,-1,4,5,6,-1,6,5,7,-1,
        ]
    }
}
Shape{
    appearance Appearance {
        material  Material 	{
            diffuseColor 1.0 1.0 1.0
            specularColor 0.5019607843137255 0.5019607843137255 0.5019607843137255
            ambientIntensity 0.2
            transparency 0
            shininess 0.5
        }
    }
    geometry IndexedFaceSet {
        ccw TRUE
        solid FALSE
        coord DEF co Coordinate {
            point [
                0.2539 0.4791 0.7692, 0.2482 0.4795 0.7623, 0.2573 0.4773 0.8028, 0.1305 0.4764 0.8213, 0.1423 0.4753 0.8414, 0.1932 0.4767 0.8149, 0.2189 0.4773 0.8035, 0.2153 0.4774 0.8023, 0.2639 0.4739 0.8686, 0.2555 0.4736 0.8731, 0.2575 0.4724 0.8964, 0.2338 0.4724 0.8975, 0.222 0.4738 0.8698, 0.2162 0.4732 0.8818, 0.2656 0.4771 0.8078, 0.2625 0.4786 0.7788, 0.2577 0.4787 0.7774, 0.2425 0.4723 0.8983, 0.2123 0.4775 0.8002, 0.2098 0.4776 0.7975, 0.1837 0.4778 0.7933, 0.2257 0.4773 0.8034, 0.2307 0.4761 0.8266, 0.229 0.4774 0.8021, 0.2391 0.4762 0.8234, 0.232 0.4775 0.8, 0.2469 0.4765 0.818, 0.2335 0.4776 0.7984, 0.2531 0.4769 0.8109, 0.2355 0.4777 0.7953, 0.2366 0.4779 0.7917, 0.2368 0.4781 0.788, 0.2079 0.4762 0.8252, 0.217 0.476 0.8275, 0.2216 0.476 0.8278, 0.118 0.4744 0.8588, 0.115 0.4744 0.8588, 0.0994 0.4733 0.8793, 0.1078 0.4744 0.8579, 0.0976 0.4734 0.8787, 0.1011 0.4746 0.8554, 0.0863 0.4736 0.8731, 0.076 0.4741 0.8644, 0.226 0.4719 0.9065, 0.2077 0.4727 0.892, 0.2171 0.4715 0.9142, 0.1975 0.4723 0.8994, 0.2078 0.4712 0.9199, 0.2461 0.4735 0.8753, 0.2421 0.4735 0.8755, 0.2381 0.4723 0.898, 0.2332 0.4736 0.8744, 0.2247 0.4737 0.8713, 0.2082 0.4778 0.7944, 0.2073 0.478 0.7909, 0.1837 0.478 0.7895, 0.2073 0.4781 0.7874, 0.1839 0.4782 0.7855, 0.0759 0.4778 0.7937, 0.0936 0.477 0.8087, 0.0862 0.4783 0.7849, 0.0992 0.4773 0.8041, 0.0978 0.4786 0.7793, 0.1059 0.4774 0.801, 0.1104 0.4787 0.7766, 0.1127 0.4775 0.7997, 0.1328 0.4787 0.7766, 0.1298 0.4775 0.7997, 0.135 0.4787 0.7769, 0.222 0.4773 0.8039, 0.1998 0.4764 0.8209, 0.0952 0.4748 0.8513, 0.0909 0.475 0.8465, 0.0682 0.4747 0.8536, 0.0874 0.4754 0.8399, 0.0636 0.4753 0.8421, 0.0856 0.4758 0.8327, 0.0619 0.4759 0.8297, 0.0854 0.4759 0.8293, 0.0636 0.4766 0.8161, 0.0863 0.4763 0.8219, 0.0684 0.4773 0.8041, 0.0889 0.4767 0.8151, 0.0931 0.477 0.8092, 0.1199 0.4717 0.9093, 0.1348 0.4727 0.8919, 0.1073 0.4725 0.8947, 0.1262 0.4732 0.8817, 0.1204 0.4738 0.8695, 0.2789 0.475 0.8468, 0.3039 0.4754 0.8405, 0.2801 0.4755 0.8376, 0.304 0.4755 0.8369, 0.2796 0.4758 0.8317, 0.3021 0.4763 0.822, 0.2769 0.4763 0.8225, 0.2967 0.4771 0.8079, 0.2724 0.4767 0.8148, 0.288 0.4777 0.7955, 0.2762 0.4782 0.7855, 0.2361 0.4783 0.7845, 0.2346 0.4785 0.7813, 0.1903 0.4708 0.9267, 0.1851 0.472 0.9044, 0.1715 0.4707 0.929, 0.1712 0.4719 0.9062, 0.1559 0.4708 0.9273, 0.1583 0.472 0.9046, 0.1368 0.4712 0.9206, 0.1464 0.4722 0.9001, 0.1357 0.4726 0.8927, 0.2715 0.4727 0.891, 0.2836 0.4732 0.8825, 0.2704 0.4742 0.8628, 0.2862 0.4733 0.8801, 0.2757 0.4746 0.8553, 0.2953 0.4739 0.8684, 0.3013 0.4746 0.8547, 0.1861 0.4787 0.7761, 0.2082 0.4783 0.7838, 0.1906 0.4792 0.7677, 0.21 0.4785 0.7805, 0.1964 0.4795 0.7612, 0.212 0.4786 0.7782, 0.204 0.4798 0.756, 0.2149 0.4787 0.7761, 0.2124 0.48 0.7527, 0.2182 0.4788 0.7748, 0.2216 0.48 0.7516, 0.222 0.4788 0.7743, 0.2231 0.48 0.7516, 0.2227 0.4788 0.7743, 0.232 0.4799 0.753, 0.2261 0.4788 0.7749, 0.2408 0.4797 0.7567, 0.2295 0.4787 0.7764, 0.2324 0.4786 0.7786, 0.1317 0.4775 0.8001, 0.1408 0.4785 0.7806, 0.1399 0.4785 0.7797, 0.1306 0.4775 0.7998, 0.1375 0.4786 0.7779, 0.1438 0.4781 0.7883, 0.1435 0.4782 0.7855, 0.1425 0.4784 0.783, 0.135 0.4775 0.7997, 0.1376 0.4775 0.7987, 0.1437 0.478 0.7898, 0.1399 0.4776 0.797, 0.1415 0.4777 0.7953, 0.143 0.4779 0.7927, 0.1321 0.4775 0.8001, 0.0619 0.4759 0.8297, 0.0636 0.4752 0.8421, 0.0649 0.4751 0.8453, 0.0682 0.4746 0.8536, 0.076 0.4741 0.8644, 0.0863 0.4736 0.8731, 0.0976 0.4733 0.8787, 0.0994 0.4733 0.8793, 0.1073 0.4725 0.8947, 0.1199 0.4717 0.9092, 0.1286 0.4714 0.9151, 0.1368 0.4711 0.9206, 0.1559 0.4708 0.9273, 0.1715 0.4707 0.929, 0.2171 0.4715 0.9142, 0.2156 0.4714 0.9151, 0.2078 0.4712 0.9199, 0.1903 0.4708 0.9266, 0.226 0.4719 0.9065, 0.2338 0.4723 0.8975, 0.2381 0.4723 0.898, 0.2425 0.4723 0.8983, 0.2575 0.4724 0.8964, 0.2715 0.4727 0.891, 0.2836 0.4731 0.8825, 0.2862 0.4732 0.8801, 0.304 0.4755 0.8369, 0.2953 0.4739 0.8684, 0.3013 0.4746 0.8547, 0.303 0.4751 0.8453, 0.3039 0.4753 0.8405, 0.3021 0.4763 0.822, 0.2967 0.477 0.8079, 0.288 0.4777 0.7955, 0.2762 0.4782 0.7855, 0.2625 0.4785 0.7788, 0.2577 0.4786 0.7774, 0.2572 0.4787 0.7763, 0.2539 0.479 0.7692, 0.2482 0.4794 0.7623, 0.2408 0.4797 0.7567, 0.2373 0.4798 0.7552, 0.232 0.4799 0.753, 0.2231 0.48 0.7516, 0.2216 0.48 0.7516, 0.1837 0.478 0.7895, 0.2124 0.4799 0.7527, 0.2059 0.4798 0.7552, 0.204 0.4797 0.756, 0.1964 0.4795 0.7612, 0.1906 0.4791 0.7677, 0.1861 0.4787 0.7761, 0.1861 0.4787 0.7763, 0.1839 0.4782 0.7855, 0.1837 0.4778 0.7933, 0.1305 0.4763 0.8213, 0.1423 0.4753 0.8414, 0.1932 0.4767 0.8149, 0.1998 0.4763 0.8209, 0.2079 0.4761 0.8252, 0.217 0.476 0.8275, 0.2216 0.476 0.8278, 0.2307 0.476 0.8266, 0.2391 0.4762 0.8234, 0.2469 0.4765 0.818, 0.2531 0.4769 0.8109, 0.2573 0.4773 0.8027, 0.2656 0.477 0.8078, 0.2724 0.4767 0.8148, 0.2769 0.4763 0.8225, 0.2796 0.4758 0.8317, 0.2801 0.4755 0.8376, 0.2791 0.4751 0.8453, 0.2789 0.475 0.8468, 0.2757 0.4745 0.8553, 0.2704 0.4741 0.8628, 0.2639 0.4738 0.8686, 0.2555 0.4736 0.8731, 0.2461 0.4735 0.8753, 0.2421 0.4735 0.8755, 0.2332 0.4735 0.8744, 0.2247 0.4737 0.8713, 0.222 0.4738 0.8698, 0.2162 0.4731 0.8818, 0.2077 0.4726 0.892, 0.1975 0.4722 0.8994, 0.1851 0.472 0.9044, 0.1712 0.4719 0.9062, 0.1583 0.472 0.9046, 0.1464 0.4722 0.9001, 0.1357 0.4726 0.8927, 0.1348 0.4726 0.8919, 0.1262 0.4732 0.8817, 0.1204 0.4738 0.8695, 0.118 0.4744 0.8588, 0.115 0.4744 0.8588, 0.1078 0.4744 0.8579, 0.1011 0.4745 0.8554, 0.0952 0.4747 0.8513, 0.0909 0.475 0.8465, 0.0903 0.4751 0.8453, 0.0874 0.4753 0.8399, 0.0856 0.4757 0.8327, 0.0854 0.4759 0.8293, 0.0863 0.4763 0.8219, 0.0889 0.4766 0.8151, 0.0931 0.477 0.8092, 0.0936 0.477 0.8087, 0.0992 0.4772 0.8041, 0.1059 0.4774 0.801, 0.1127 0.4774 0.7997, 0.1298 0.4774 0.7997, 0.1306 0.4774 0.7998, 0.1317 0.4774 0.8001, 0.1321 0.4774 0.8001, 0.135 0.4774 0.7997, 0.1376 0.4775 0.7987, 0.1399 0.4776 0.797, 0.1415 0.4777 0.7953, 0.143 0.4778 0.7927, 0.1437 0.478 0.7898, 0.1438 0.478 0.7883, 0.1435 0.4782 0.7855, 0.1425 0.4783 0.783, 0.1408 0.4785 0.7806, 0.1399 0.4785 0.7797, 0.1375 0.4786 0.7779, 0.135 0.4786 0.7769, 0.1328 0.4787 0.7766, 0.1104 0.4787 0.7766, 0.0978 0.4785 0.7793, 0.0862 0.4782 0.7849, 0.0759 0.4778 0.7937, 0.0684 0.4772 0.8041, 0.0636 0.4766 0.8161, 0.222 0.4772 0.8039, 0.2189 0.4772 0.8035, 0.2153 0.4773 0.8023, 0.2123 0.4774 0.8002, 0.2098 0.4776 0.7975, 0.2082 0.4777 0.7944, 0.2073 0.4779 0.7909, 0.2073 0.4781 0.7874, 0.2082 0.4783 0.7838, 0.21 0.4785 0.7805, 0.212 0.4786 0.7782, 0.2149 0.4787 0.7761, 0.2182 0.4788 0.7748, 0.222 0.4788 0.7743, 0.2227 0.4788 0.7743, 0.2261 0.4788 0.7749, 0.2295 0.4787 0.7764, 0.2324 0.4786 0.7786, 0.2346 0.4784 0.7813, 0.2361 0.4782 0.7845, 0.2368 0.4781 0.788, 0.2366 0.4779 0.7917, 0.2355 0.4777 0.7953, 0.2335 0.4775 0.7984, 0.232 0.4774 0.8, 0.229 0.4773 0.8021, 0.2257 0.4773 0.8034, 0.2257 0.4773 0.8034
            ]
        }
        coordIndex [
            0,1,2,-1,3,4,5,-1,6,7,3,-1,8,9,10,-1,11,12,13,-1,14,15,2,-1,2,15,16,-1,2,16,0,-1,10,9,17,-1,7,18,3,-1,3,18,19,-1,3,19,20,-1,21,22,23,-1,23,22,24,-1,23,24,25,-1,25,24,26,-1,25,26,27,-1,27,26,28,-1,27,28,29,-1,29,28,2,-1,29,2,30,-1,30,2,31,-1,32,33,21,-1,21,33,34,-1,21,34,22,-1,35,36,37,-1,37,36,38,-1,37,38,39,-1,39,38,40,-1,39,40,41,-1,41,40,42,-1,11,13,43,-1,43,13,44,-1,43,44,45,-1,45,44,46,-1,45,46,47,-1,9,48,17,-1,17,48,49,-1,17,49,50,-1,50,49,51,-1,50,51,11,-1,11,51,52,-1,11,52,12,-1,19,53,20,-1,20,53,54,-1,20,54,55,-1,55,54,56,-1,55,56,57,-1,58,59,60,-1,60,59,61,-1,60,61,62,-1,62,61,63,-1,62,63,64,-1,64,63,65,-1,64,65,66,-1,66,65,67,-1,66,67,68,-1,6,3,69,-1,69,3,5,-1,69,5,21,-1,21,5,70,-1,21,70,32,-1,40,71,42,-1,42,71,72,-1,42,72,73,-1,73,72,74,-1,73,74,75,-1,75,74,76,-1,75,76,77,-1,77,76,78,-1,77,78,79,-1,79,78,80,-1,79,80,81,-1,81,80,82,-1,81,82,58,-1,58,82,83,-1,58,83,59,-1,84,85,86,-1,86,85,87,-1,86,87,37,-1,37,87,88,-1,37,88,35,-1,89,90,91,-1,91,90,92,-1,91,92,93,-1,93,92,94,-1,93,94,95,-1,95,94,96,-1,95,96,97,-1,97,96,98,-1,97,98,14,-1,14,98,99,-1,14,99,15,-1,31,2,100,-1,100,2,1,-1,100,1,101,-1,47,46,102,-1,102,46,103,-1,102,103,104,-1,104,103,105,-1,104,105,106,-1,106,105,107,-1,106,107,108,-1,108,107,109,-1,108,109,84,-1,84,109,110,-1,84,110,85,-1,10,111,8,-1,8,111,112,-1,8,112,113,-1,113,112,114,-1,113,114,115,-1,115,114,116,-1,115,116,89,-1,89,116,117,-1,89,117,90,-1,57,56,118,-1,118,56,119,-1,118,119,120,-1,120,119,121,-1,120,121,122,-1,122,121,123,-1,122,123,124,-1,124,123,125,-1,124,125,126,-1,126,125,127,-1,126,127,128,-1,128,127,129,-1,128,129,130,-1,130,129,131,-1,130,131,132,-1,132,131,133,-1,132,133,134,-1,134,133,135,-1,134,135,1,-1,1,135,136,-1,1,136,101,-1,137,138,139,-1,67,140,68,-1,68,140,137,-1,68,137,141,-1,141,137,139,-1,142,143,137,-1,137,143,144,-1,137,144,138,-1,145,146,147,-1,146,148,147,-1,147,148,149,-1,147,149,150,-1,142,137,147,-1,147,137,151,-1,147,151,145,-1,77,152,153,-1,77,153,75,-1,75,153,154,-1,75,154,73,-1,154,155,73,-1,73,155,156,-1,73,156,42,-1,42,156,157,-1,42,157,41,-1,41,157,158,-1,41,158,39,-1,39,158,159,-1,39,159,37,-1,37,159,160,-1,37,160,86,-1,86,160,161,-1,86,161,84,-1,84,161,162,-1,84,162,108,-1,162,163,108,-1,108,163,164,-1,108,164,106,-1,106,164,165,-1,106,165,104,-1,166,45,167,-1,167,45,47,-1,167,47,168,-1,168,47,102,-1,168,102,169,-1,169,102,104,-1,169,104,165,-1,45,166,170,-1,45,170,43,-1,43,170,171,-1,43,171,11,-1,11,171,172,-1,11,172,50,-1,50,172,173,-1,50,173,17,-1,17,173,174,-1,17,174,10,-1,10,174,175,-1,10,175,111,-1,111,175,176,-1,111,176,112,-1,112,176,177,-1,112,177,114,-1,178,92,90,-1,114,177,179,-1,114,179,116,-1,116,179,180,-1,116,180,117,-1,117,180,181,-1,117,181,90,-1,90,181,182,-1,90,182,178,-1,92,178,183,-1,92,183,94,-1,94,183,184,-1,94,184,96,-1,96,184,185,-1,96,185,98,-1,98,185,186,-1,98,186,99,-1,99,186,187,-1,99,187,15,-1,15,187,188,-1,15,188,16,-1,16,188,189,-1,16,189,0,-1,189,190,0,-1,0,190,191,-1,0,191,1,-1,1,191,192,-1,1,192,134,-1,134,192,193,-1,134,193,132,-1,193,194,132,-1,132,194,195,-1,132,195,130,-1,130,195,196,-1,130,196,128,-1,197,55,57,-1,128,196,198,-1,128,198,126,-1,126,198,199,-1,126,199,124,-1,199,200,124,-1,124,200,201,-1,124,201,122,-1,122,201,202,-1,122,202,120,-1,120,202,203,-1,120,203,118,-1,118,203,204,-1,118,204,57,-1,57,204,205,-1,57,205,197,-1,20,55,206,-1,206,55,197,-1,3,20,207,-1,207,20,206,-1,4,3,208,-1,208,3,207,-1,5,4,209,-1,209,4,208,-1,5,209,210,-1,5,210,70,-1,70,210,211,-1,70,211,32,-1,32,211,212,-1,32,212,33,-1,33,212,213,-1,33,213,34,-1,34,213,214,-1,34,214,22,-1,22,214,215,-1,22,215,24,-1,24,215,216,-1,24,216,26,-1,26,216,217,-1,26,217,28,-1,28,217,218,-1,28,218,2,-1,2,218,219,-1,2,219,14,-1,14,219,220,-1,14,220,97,-1,97,220,221,-1,97,221,95,-1,95,221,222,-1,95,222,93,-1,93,222,223,-1,93,223,91,-1,89,91,224,-1,224,91,223,-1,224,225,89,-1,89,225,226,-1,89,226,115,-1,115,226,227,-1,115,227,113,-1,113,227,228,-1,113,228,8,-1,8,228,229,-1,8,229,9,-1,9,229,230,-1,9,230,48,-1,48,230,231,-1,48,231,49,-1,49,231,232,-1,49,232,51,-1,51,232,233,-1,51,233,52,-1,52,233,234,-1,52,234,12,-1,12,234,235,-1,12,235,13,-1,13,235,236,-1,13,236,44,-1,44,236,237,-1,44,237,46,-1,46,237,238,-1,46,238,103,-1,103,238,239,-1,103,239,105,-1,105,239,240,-1,105,240,107,-1,107,240,241,-1,107,241,109,-1,109,241,242,-1,109,242,110,-1,110,242,243,-1,110,243,85,-1,85,243,244,-1,85,244,87,-1,87,244,245,-1,87,245,88,-1,88,245,246,-1,88,246,35,-1,36,35,247,-1,247,35,246,-1,36,247,248,-1,36,248,38,-1,38,248,249,-1,38,249,40,-1,40,249,250,-1,40,250,71,-1,71,250,251,-1,71,251,72,-1,72,251,252,-1,72,252,74,-1,252,253,74,-1,74,253,254,-1,74,254,76,-1,76,254,255,-1,76,255,78,-1,78,255,256,-1,78,256,80,-1,80,256,257,-1,80,257,82,-1,82,257,258,-1,82,258,83,-1,83,258,259,-1,83,259,59,-1,59,259,260,-1,59,260,61,-1,61,260,261,-1,61,261,63,-1,63,261,262,-1,63,262,65,-1,67,65,263,-1,263,65,262,-1,67,263,264,-1,67,264,140,-1,140,264,265,-1,140,265,137,-1,137,265,266,-1,137,266,151,-1,151,266,267,-1,151,267,145,-1,145,267,268,-1,145,268,146,-1,146,268,269,-1,146,269,148,-1,148,269,270,-1,148,270,149,-1,149,270,271,-1,149,271,150,-1,150,271,272,-1,150,272,147,-1,147,272,273,-1,147,273,142,-1,142,273,274,-1,142,274,143,-1,143,274,275,-1,143,275,144,-1,144,275,276,-1,144,276,138,-1,138,276,277,-1,138,277,139,-1,139,277,278,-1,139,278,141,-1,141,278,279,-1,141,279,68,-1,68,279,280,-1,68,280,66,-1,64,66,281,-1,281,66,280,-1,64,281,282,-1,64,282,62,-1,62,282,283,-1,62,283,60,-1,60,283,284,-1,60,284,58,-1,58,284,285,-1,58,285,81,-1,81,285,286,-1,81,286,79,-1,79,286,152,-1,79,152,77,-1,69,287,288,-1,69,288,6,-1,6,288,289,-1,6,289,7,-1,7,289,290,-1,7,290,18,-1,18,290,291,-1,18,291,19,-1,19,291,292,-1,19,292,53,-1,53,292,293,-1,53,293,54,-1,54,293,294,-1,54,294,56,-1,56,294,295,-1,56,295,119,-1,119,295,296,-1,119,296,121,-1,121,296,297,-1,121,297,123,-1,123,297,298,-1,123,298,125,-1,125,298,299,-1,125,299,127,-1,127,299,300,-1,127,300,129,-1,129,300,301,-1,129,301,131,-1,131,301,302,-1,131,302,133,-1,133,302,303,-1,133,303,135,-1,135,303,304,-1,135,304,136,-1,136,304,305,-1,136,305,101,-1,101,305,306,-1,101,306,100,-1,100,306,307,-1,100,307,31,-1,31,307,308,-1,31,308,30,-1,30,308,309,-1,30,309,29,-1,29,309,310,-1,29,310,27,-1,27,310,311,-1,27,311,25,-1,25,311,312,-1,25,312,23,-1,23,312,313,-1,23,313,21,-1,21,313,287,-1,21,287,69,-1,
        ]
    }
}
Shape{
    appearance Appearance {
        material  Material 	{
            diffuseColor 0.25098039215686274 0.25098039215686274 0.25098039215686274
            specularColor 0.12549019607843137 0.12549019607843137 0.12549019607843137
            ambientIntensity 0.2
            transparency 0
            shininess 0.5
        }
    }
    geometry IndexedFaceSet {
        ccw TRUE
        solid FALSE
        coord DEF co Coordinate {
            point [
                0.2227 0.4788 0.7743, 0.232 0.4774 0.8, 0.2335 0.4775 0.7984, 0.2182 0.4788 0.7748, 0.2149 0.4787 0.7761, 0.2189 0.4772 0.8035, 0.222 0.4772 0.8039, 0.2257 0.4773 0.8034, 0.229 0.4773 0.8021, 0.2361 0.4782 0.7845, 0.2346 0.4784 0.7813, 0.2324 0.4786 0.7786, 0.222 0.4788 0.7743, 0.2355 0.4777 0.7953, 0.2366 0.4779 0.7917, 0.2368 0.4781 0.788, 0.2295 0.4787 0.7764, 0.2261 0.4788 0.7749, 0.212 0.4786 0.7782, 0.21 0.4785 0.7805, 0.2082 0.4783 0.7838, 0.2073 0.4781 0.7874, 0.2073 0.4779 0.7909, 0.2082 0.4777 0.7944, 0.2098 0.4776 0.7975, 0.2123 0.4774 0.8002, 0.2153 0.4773 0.8023, 0.2153 0.4773 0.8023
            ]
        }
        coordIndex [
            0,1,2,-1,3,4,5,-1,6,7,0,-1,0,7,8,-1,0,8,1,-1,9,10,2,-1,2,10,11,-1,6,0,5,-1,5,0,12,-1,5,12,3,-1,13,14,2,-1,2,14,15,-1,2,15,9,-1,11,16,2,-1,2,16,17,-1,2,17,0,-1,4,18,5,-1,5,18,19,-1,5,19,20,-1,20,21,5,-1,5,21,22,-1,5,22,23,-1,23,24,5,-1,5,24,25,-1,5,25,26,-1,
        ]
    }
}