ISO-10303-21;
HEADER;
FILE_DESCRIPTION (( 'STEP AP214' ),
    '1' );
FILE_NAME ('WDFN-12_L3.0-W3.0-P0.45-BL-EP.STEP',
    '2021-12-28T02:36:51',
    ( 'PC' ),
    ( 'Microsoft' ),
    'SwSTEP 2.0',
    'SolidWorks 2020',
    '' );
FILE_SCHEMA (( 'AUTOMOTIVE_DESIGN' ));
ENDSEC;

DATA;
#1 =( NAMED_UNIT ( * ) PLANE_ANGLE_UNIT ( ) SI_UNIT ( $, .RADIAN. ) );
#2 = SURFACE_STYLE_USAGE ( .BOTH. , #5640 ) ;
#3 =( GEOMETRIC_REPRESENTATION_CONTEXT ( 3 ) GLOBAL_UNCERTAINTY_ASSIGNED_CONTEXT ( ( #736 ) ) GLOBAL_UNIT_ASSIGNED_CONTEXT ( ( #4830, #273, #1998 ) ) REPRESENTATION_CONTEXT ( 'NONE', 'WORKASPACE' ) );
#4 =( NAMED_UNIT ( * ) SI_UNIT ( $, .STERADIAN. ) SOLID_ANGLE_UNIT ( ) );
#5 = VECTOR ( 'NONE', #5379, 1000.000000000000000 ) ;
#6 = PRESENTATION_LAYER_ASSIGNMENT (  '', '', ( #262 ) ) ;
#7 = CARTESIAN_POINT ( 'NONE',  ( 0.0000000000000000000, -0.1901373170059216522, -0.01000000000000000021 ) ) ;
#8 =( NAMED_UNIT ( * ) PLANE_ANGLE_UNIT ( ) SI_UNIT ( $, .RADIAN. ) );
#9 = MECHANICAL_DESIGN_GEOMETRIC_PRESENTATION_REPRESENTATION (  '', ( #1723 ), #4029 ) ;
#10 = CARTESIAN_POINT ( 'NONE',  ( -1.499999999999999334, -1.500000000000000000, 0.0000000000000000000 ) ) ;
#11 = ORIENTED_EDGE ( 'NONE', *, *, #150, .T. ) ;
#12 = ORIENTED_EDGE ( 'NONE', *, *, #2963, .T. ) ;
#13 = CARTESIAN_POINT ( 'NONE',  ( -0.5076511652077771997, -0.08706942400399626802, -0.009999999999999995004 ) ) ;
#14 = CARTESIAN_POINT ( 'NONE',  ( -1.222311323609513556, -1.208820028646933720, 0.7299999999999999822 ) ) ;
#15 = ORIENTED_EDGE ( 'NONE', *, *, #2830, .F. ) ;
#16 = EDGE_CURVE ( 'NONE', #6365, #4389, #5828, .T. ) ;
#17 = PRESENTATION_STYLE_ASSIGNMENT (( #6428 ) ) ;
#18 =( NAMED_UNIT ( * ) PLANE_ANGLE_UNIT ( ) SI_UNIT ( $, .RADIAN. ) );
#19 = CIRCLE ( 'NONE', #1969, 0.1150000000000000883 ) ;
#20 = UNCERTAINTY_MEASURE_WITH_UNIT (LENGTH_MEASURE( 1.000000000000000082E-05 ), #5924, 'distance_accuracy_value', 'NONE');
#21 = VERTEX_POINT ( 'NONE', #1123 ) ;
#22 = DIRECTION ( 'NONE',  ( 0.0000000000000000000, 0.0000000000000000000, 1.000000000000000000 ) ) ;
#23 = EDGE_CURVE ( 'NONE', #525, #4053, #566, .T. ) ;
#24 = CARTESIAN_POINT ( 'NONE',  ( -0.4536839454086449841, -0.08109993055416618579, -0.01000000000000000021 ) ) ;
#25 = EDGE_CURVE ( 'NONE', #5089, #4316, #1837, .T. ) ;
#26 = PLANE ( 'NONE',  #1987 ) ;
#27 = SURFACE_STYLE_USAGE ( .BOTH. , #5232 ) ;
#28 = CARTESIAN_POINT ( 'NONE',  ( 0.3900599307874906274, 0.08832232577858174782, -0.01000000000000000021 ) ) ;
#29 = PRESENTATION_STYLE_ASSIGNMENT (( #635 ) ) ;
#30 =( LENGTH_UNIT ( ) NAMED_UNIT ( * ) SI_UNIT ( .MILLI., .METRE. ) );
#31 = CARTESIAN_POINT ( 'NONE',  ( 0.3877408071955816826, 0.1702318828774309345, -0.02000000000000000042 ) ) ;
#32 = SURFACE_SIDE_STYLE ('',( #7082 ) ) ;
#33 =( NAMED_UNIT ( * ) SI_UNIT ( $, .STERADIAN. ) SOLID_ANGLE_UNIT ( ) );
#34 = CARTESIAN_POINT ( 'NONE',  ( 0.6750000000000000444, 1.215000000000000080, -0.02000000000000000042 ) ) ;
#35 = ORIENTED_EDGE ( 'NONE', *, *, #2635, .F. ) ;
#36 = SURFACE_STYLE_FILL_AREA ( #687 ) ;
#37 = CARTESIAN_POINT ( 'NONE',  ( 0.6450834526955699921, 0.0000000000000000000, -0.01000000000000000021 ) ) ;
#38 = PRESENTATION_STYLE_ASSIGNMENT (( #4071 ) ) ;
#39 = EDGE_LOOP ( 'NONE', ( #5577, #7498, #3417, #2647 ) ) ;
#40 = CYLINDRICAL_SURFACE ( 'NONE', #2927, 0.1150000000000000883 ) ;
#41 = STYLED_ITEM ( 'NONE', ( #4604 ), #2903 ) ;
#42 =( GEOMETRIC_REPRESENTATION_CONTEXT ( 3 ) GLOBAL_UNCERTAINTY_ASSIGNED_CONTEXT ( ( #5367 ) ) GLOBAL_UNIT_ASSIGNED_CONTEXT ( ( #7522, #1106, #2320 ) ) REPRESENTATION_CONTEXT ( 'NONE', 'WORKASPACE' ) );
#43 = VECTOR ( 'NONE', #5333, 1000.000000000000000 ) ;
#44 =( LENGTH_UNIT ( ) NAMED_UNIT ( * ) SI_UNIT ( .MILLI., .METRE. ) );
#45 = CARTESIAN_POINT ( 'NONE',  ( 1.240000000000000213, 0.0000000000000000000, 0.0000000000000000000 ) ) ;
#46 = FACE_OUTER_BOUND ( 'NONE', #2885, .T. ) ;
#47 = EDGE_LOOP ( 'NONE', ( #7332, #3374, #6294, #1760 ) ) ;
#48 = ORIENTED_EDGE ( 'NONE', *, *, #3518, .T. ) ;
#49 = CARTESIAN_POINT ( 'NONE',  ( -0.4850961211666596218, -0.1198674648523793546, -0.009999999999999995004 ) ) ;
#50 = CARTESIAN_POINT ( 'NONE',  ( 0.2504703067301669583, -0.1509244703065557580, -0.02000000000000000042 ) ) ;
#51 = ORIENTED_EDGE ( 'NONE', *, *, #7107, .T. ) ;
#52 = CARTESIAN_POINT ( 'NONE',  ( -0.7296878887678448500, 0.1330334147013954305, -0.02000000000000000042 ) ) ;
#53 =( LENGTH_UNIT ( ) NAMED_UNIT ( * ) SI_UNIT ( .MILLI., .METRE. ) );
#54 = CARTESIAN_POINT ( 'NONE',  ( 0.2562877209882529206, 0.2147407317745662070, -0.02000000000000000042 ) ) ;
#55 = EDGE_CURVE ( 'NONE', #1874, #2988, #5166, .T. ) ;
#56 = CARTESIAN_POINT ( 'NONE',  ( -0.3212275229141862143, 0.1659602439696881704, -0.02000000000000000042 ) ) ;
#57 = VERTEX_POINT ( 'NONE', #7530 ) ;
#58 = FACE_OUTER_BOUND ( 'NONE', #450, .T. ) ;
#59 =( NAMED_UNIT ( * ) SI_UNIT ( $, .STERADIAN. ) SOLID_ANGLE_UNIT ( ) );
#60 =( LENGTH_UNIT ( ) NAMED_UNIT ( * ) SI_UNIT ( .MILLI., .METRE. ) );
#61 = FILL_AREA_STYLE_COLOUR ( '', #287 ) ;
#62 =( GEOMETRIC_REPRESENTATION_CONTEXT ( 3 ) GLOBAL_UNCERTAINTY_ASSIGNED_CONTEXT ( ( #359 ) ) GLOBAL_UNIT_ASSIGNED_CONTEXT ( ( #4891, #1462, #6117 ) ) REPRESENTATION_CONTEXT ( 'NONE', 'WORKASPACE' ) );
#63 = CARTESIAN_POINT ( 'NONE',  ( 0.4277271393508673691, 0.1250652259538937161, -0.02000000000000000042 ) ) ;
#64 = PRESENTATION_STYLE_ASSIGNMENT (( #6476 ) ) ;
#65 =( LENGTH_UNIT ( ) NAMED_UNIT ( * ) SI_UNIT ( .MILLI., .METRE. ) );
#66 = MECHANICAL_DESIGN_GEOMETRIC_PRESENTATION_REPRESENTATION (  '', ( #3361 ), #1048 ) ;
#67 = CARTESIAN_POINT ( 'NONE',  ( 0.2800508066877112068, -0.1507204933050893814, -0.01000000000000000021 ) ) ;
#68 = DIRECTION ( 'NONE',  ( 0.0000000000000000000, 0.0000000000000000000, -1.000000000000000000 ) ) ;
#69 = VERTEX_POINT ( 'NONE', #1202 ) ;
#70 = SURFACE_STYLE_USAGE ( .BOTH. , #2978 ) ;
#71 = EDGE_CURVE ( 'NONE', #3931, #2847, #6298, .T. ) ;
#72 = MECHANICAL_DESIGN_GEOMETRIC_PRESENTATION_REPRESENTATION (  '', ( #4706 ), #3486 ) ;
#73 = EDGE_CURVE ( 'NONE', #5015, #3724, #5280, .T. ) ;
#74 =( GEOMETRIC_REPRESENTATION_CONTEXT ( 3 ) GLOBAL_UNCERTAINTY_ASSIGNED_CONTEXT ( ( #2240 ) ) GLOBAL_UNIT_ASSIGNED_CONTEXT ( ( #6550, #7124, #1273 ) ) REPRESENTATION_CONTEXT ( 'NONE', 'WORKASPACE' ) );
#75 = CARTESIAN_POINT ( 'NONE',  ( -1.010000000000000009, -1.510000000000000009, 0.2000000000000000111 ) ) ;
#76 = CARTESIAN_POINT ( 'NONE',  ( -0.1100000000000000699, -1.215000000000000080, 0.2000000000000000111 ) ) ;
#77 =( LENGTH_UNIT ( ) NAMED_UNIT ( * ) SI_UNIT ( .MILLI., .METRE. ) );
#78 = CARTESIAN_POINT ( 'NONE',  ( -0.4711353013393111411, -0.1344040877596149874, -0.02000000000000000042 ) ) ;
#79 = CARTESIAN_POINT ( 'NONE',  ( -0.4712855530890534550, -0.03815459257875054161, -0.01000000000000000021 ) ) ;
#80 = AXIS2_PLACEMENT_3D ( 'NONE', #1644, #5061, #1611 ) ;
#81 = DIRECTION ( 'NONE',  ( -1.000000000000000000, 0.0000000000000000000, 0.0000000000000000000 ) ) ;
#82 = CARTESIAN_POINT ( 'NONE',  ( -1.240000000000000213, 1.215000000000000080, 0.0000000000000000000 ) ) ;
#83 = LINE ( 'NONE', #120, #6988 ) ;
#84 = ORIENTED_EDGE ( 'NONE', *, *, #2024, .T. ) ;
#85 = ORIENTED_EDGE ( 'NONE', *, *, #7041, .T. ) ;
#86 = LINE ( 'NONE', #5922, #1262 ) ;
#87 = VECTOR ( 'NONE', #958, 1000.000000000000000 ) ;
#88 = CARTESIAN_POINT ( 'NONE',  ( -1.499999999999999778, 1.500000000000000000, 0.1999999999999999833 ) ) ;
#89 = ORIENTED_EDGE ( 'NONE', *, *, #5546, .T. ) ;
#90 = CARTESIAN_POINT ( 'NONE',  ( -0.7356238948032522984, 0.1582338382739120197, -0.02000000000000000042 ) ) ;
#91 = CARTESIAN_POINT ( 'NONE',  ( -0.8217610594995520268, -0.07794219505470212361, -0.02000000000000000042 ) ) ;
#92 = SURFACE_STYLE_USAGE ( .BOTH. , #2996 ) ;
#93 = PLANE ( 'NONE',  #5596 ) ;
#94 = FILL_AREA_STYLE_COLOUR ( '', #2458 ) ;
#95 = ORIENTED_EDGE ( 'NONE', *, *, #6602, .T. ) ;
#96 = LINE ( 'NONE', #3614, #6854 ) ;
#97 = CARTESIAN_POINT ( 'NONE',  ( 0.5600000000000000533, 1.510000000000000009, 0.2000000000000000111 ) ) ;
#98 = FACE_OUTER_BOUND ( 'NONE', #1081, .T. ) ;
#99 = CARTESIAN_POINT ( 'NONE',  ( 0.3718243443249449887, 0.1821600520004694190, -0.009999999999999995004 ) ) ;
#100 = CARTESIAN_POINT ( 'NONE',  ( -0.4109573832482169564, 0.1447075533712673667, -0.02000000000000000042 ) ) ;
#101 = CARTESIAN_POINT ( 'NONE',  ( 0.5600000000000000533, 1.510000000000000009, 0.2000000000000000111 ) ) ;
#102 = STYLED_ITEM ( 'NONE', ( #2267 ), #1020 ) ;
#103 = FILL_AREA_STYLE_COLOUR ( '', #4979 ) ;
#104 = FILL_AREA_STYLE ('',( #4767 ) ) ;
#105 = ORIENTED_EDGE ( 'NONE', *, *, #5550, .T. ) ;
#106 = CARTESIAN_POINT ( 'NONE',  ( 0.6987419892809358934, -0.1901373170059216522, -0.01000000000000000021 ) ) ;
#107 = PLANE ( 'NONE',  #1502 ) ;
#108 = EDGE_CURVE ( 'NONE', #3999, #2872, #7046, .T. ) ;
#109 = VECTOR ( 'NONE', #4300, 1000.000000000000000 ) ;
#110 = COLOUR_RGB ( '',0.0000000000000000000, 0.0000000000000000000, 0.0000000000000000000 ) ;
#111 = EDGE_CURVE ( 'NONE', #6855, #1310, #4039, .T. ) ;
#112 = FILL_AREA_STYLE_COLOUR ( '', #3786 ) ;
#113 = CARTESIAN_POINT ( 'NONE',  ( -0.7435598399873570852, 0.1330334147013954582, -0.01000000000000000021 ) ) ;
#114 = AXIS2_PLACEMENT_3D ( 'NONE', #1830, #68, #2401 ) ;
#115 = FACE_OUTER_BOUND ( 'NONE', #2250, .T. ) ;
#116 = CARTESIAN_POINT ( 'NONE',  ( -0.4123257307972503227, -0.1228103921547681610, -0.01000000000000000021 ) ) ;
#117 = VECTOR ( 'NONE', #3431, 1000.000000000000000 ) ;
#118 = FACE_OUTER_BOUND ( 'NONE', #4846, .T. ) ;
#119 = LINE ( 'NONE', #5253, #5099 ) ;
#120 = CARTESIAN_POINT ( 'NONE',  ( 0.3399999999999999134, -1.510000000000000009, 0.2000000000000000111 ) ) ;
#121 = ORIENTED_EDGE ( 'NONE', *, *, #6868, .F. ) ;
#122 = ORIENTED_EDGE ( 'NONE', *, *, #1196, .T. ) ;
#123 = STYLED_ITEM ( 'NONE', ( #6783 ), #2507 ) ;
#124 = VECTOR ( 'NONE', #5344, 1000.000000000000000 ) ;
#125 = CARTESIAN_POINT ( 'NONE',  ( -0.4850961211666596218, -0.1198674648523793546, -0.02000000000000000042 ) ) ;
#126 = PRESENTATION_LAYER_ASSIGNMENT (  '', '', ( #3419 ) ) ;
#127 = CARTESIAN_POINT ( 'NONE',  ( 0.1658335554788118171, -0.1275741923356732421, -0.01000000000000000021 ) ) ;
#128 = ORIENTED_EDGE ( 'NONE', *, *, #445, .T. ) ;
#129 = CARTESIAN_POINT ( 'NONE',  ( -0.7332553688297644978, 0.1453134642965548950, -0.01000000000000000021 ) ) ;
#130 = MECHANICAL_DESIGN_GEOMETRIC_PRESENTATION_REPRESENTATION (  '', ( #3668 ), #3295 ) ;
#131 = STYLED_ITEM ( 'NONE', ( #4755 ), #3885 ) ;
#132 = VECTOR ( 'NONE', #3228, 1000.000000000000000 ) ;
#133 = FILL_AREA_STYLE ('',( #3502 ) ) ;
#134 = PLANE ( 'NONE',  #6327 ) ;
#135 = EDGE_LOOP ( 'NONE', ( #1076, #2225, #2221, #2810 ) ) ;
#136 = LINE ( 'NONE', #2476, #2493 ) ;
#137 = DIRECTION ( 'NONE',  ( -1.000000000000000000, 0.0000000000000000000, 0.0000000000000000000 ) ) ;
#138 = UNCERTAINTY_MEASURE_WITH_UNIT (LENGTH_MEASURE( 1.000000000000000082E-05 ), #842, 'distance_accuracy_value', 'NONE');
#139 = CARTESIAN_POINT ( 'NONE',  ( 0.2562877209882529206, 0.2147407317745662070, -0.02000000000000000042 ) ) ;
#140 = VECTOR ( 'NONE', #1559, 1000.000000000000000 ) ;
#141 = CARTESIAN_POINT ( 'NONE',  ( -0.1100000000000000699, 1.510000000000000009, 0.2000000000000000111 ) ) ;
#142 = CARTESIAN_POINT ( 'NONE',  ( -0.3543018399325878476, 0.1638326417273195390, -0.02000000000000000042 ) ) ;
#143 = PRESENTATION_STYLE_ASSIGNMENT (( #1304 ) ) ;
#144 = FILL_AREA_STYLE_COLOUR ( '', #4252 ) ;
#145 = CYLINDRICAL_SURFACE ( 'NONE', #4646, 0.1150000000000000050 ) ;
#146 = EDGE_LOOP ( 'NONE', ( #5801, #1169, #4541, #4474 ) ) ;
#147 = SURFACE_STYLE_USAGE ( .BOTH. , #4220 ) ;
#148 = FILL_AREA_STYLE ('',( #3058 ) ) ;
#149 = EDGE_CURVE ( 'NONE', #4669, #6471, #5719, .T. ) ;
#150 = EDGE_CURVE ( 'NONE', #6717, #7028, #4659, .T. ) ;
#151 = CARTESIAN_POINT ( 'NONE',  ( -1.010000000000000009, -1.500000000000000000, 0.0000000000000000000 ) ) ;
#152 = LINE ( 'NONE', #6445, #6454 ) ;
#153 = CARTESIAN_POINT ( 'NONE',  ( -0.4026807919109991474, -0.1764536436331018143, -0.02000000000000000042 ) ) ;
#154 = VECTOR ( 'NONE', #3171, 1000.000000000000000 ) ;
#155 = CARTESIAN_POINT ( 'NONE',  ( -0.4536839454086449841, -0.08109993055416618579, -0.02000000000000000042 ) ) ;
#156 = PRESENTATION_STYLE_ASSIGNMENT (( #6035 ) ) ;
#157 = EDGE_LOOP ( 'NONE', ( #3678, #2207, #1142, #6078, #1991 ) ) ;
#158 = EDGE_LOOP ( 'NONE', ( #1160, #3232, #1924, #3819 ) ) ;
#159 = DIRECTION ( 'NONE',  ( 0.3222024856061125875, -0.9466707760722534726, 0.0000000000000000000 ) ) ;
#160 = CYLINDRICAL_SURFACE ( 'NONE', #2575, 0.1150000000000000050 ) ;
#161 = LINE ( 'NONE', #2960, #1232 ) ;
#162 = ORIENTED_EDGE ( 'NONE', *, *, #2120, .F. ) ;
#163 = CARTESIAN_POINT ( 'NONE',  ( -0.5300544269266496133, 0.03632197112974424463, -0.02000000000000000042 ) ) ;
#164 = SURFACE_STYLE_FILL_AREA ( #3081 ) ;
#165 = FACE_OUTER_BOUND ( 'NONE', #5013, .T. ) ;
#166 = EDGE_CURVE ( 'NONE', #4579, #1407, #3556, .T. ) ;
#167 = LINE ( 'NONE', #1371, #6026 ) ;
#168 = VERTEX_POINT ( 'NONE', #75 ) ;
#169 = LINE ( 'NONE', #5306, #1402 ) ;
#170 = CARTESIAN_POINT ( 'NONE',  ( 0.2718794449609584496, 0.1704932089854381827, -0.009999999999999995004 ) ) ;
#171 = DIRECTION ( 'NONE',  ( 0.0000000000000000000, 0.0000000000000000000, -1.000000000000000000 ) ) ;
#172 = DIRECTION ( 'NONE',  ( 1.000000000000000000, 0.0000000000000000000, 0.0000000000000000000 ) ) ;
#173 = CARTESIAN_POINT ( 'NONE',  ( -0.5600000000000000533, 1.510000000000000009, -0.02000000000000000042 ) ) ;
#174 = CARTESIAN_POINT ( 'NONE',  ( -0.4744993801899172747, 0.04905978680085293364, -0.01000000000000000021 ) ) ;
#175 = CARTESIAN_POINT ( 'NONE',  ( -1.499999999999999778, 1.500000000000000000, 0.7299999999999999822 ) ) ;
#176 = UNCERTAINTY_MEASURE_WITH_UNIT (LENGTH_MEASURE( 1.000000000000000082E-05 ), #5439, 'distance_accuracy_value', 'NONE');
#177 = ORIENTED_EDGE ( 'NONE', *, *, #343, .T. ) ;
#178 = FACE_OUTER_BOUND ( 'NONE', #325, .T. ) ;
#179 = DIRECTION ( 'NONE',  ( 0.0000000000000000000, 0.0000000000000000000, 1.000000000000000000 ) ) ;
#180 = MECHANICAL_DESIGN_GEOMETRIC_PRESENTATION_REPRESENTATION (  '', ( #3607 ), #681 ) ;
#181 =( NAMED_UNIT ( * ) SI_UNIT ( $, .STERADIAN. ) SOLID_ANGLE_UNIT ( ) );
#182 = SURFACE_STYLE_USAGE ( .BOTH. , #6520 ) ;
#183 = CIRCLE ( 'NONE', #1308, 0.1150000000000000050 ) ;
#184 =( GEOMETRIC_REPRESENTATION_CONTEXT ( 3 ) GLOBAL_UNCERTAINTY_ASSIGNED_CONTEXT ( ( #3310 ) ) GLOBAL_UNIT_ASSIGNED_CONTEXT ( ( #1905, #5319, #1799 ) ) REPRESENTATION_CONTEXT ( 'NONE', 'WORKASPACE' ) );
#185 = UNCERTAINTY_MEASURE_WITH_UNIT (LENGTH_MEASURE( 1.000000000000000082E-05 ), #6993, 'distance_accuracy_value', 'NONE');
#186 =( NAMED_UNIT ( * ) PLANE_ANGLE_UNIT ( ) SI_UNIT ( $, .RADIAN. ) );
#187 = SURFACE_STYLE_FILL_AREA ( #3103 ) ;
#188 = EDGE_CURVE ( 'NONE', #966, #6075, #2408, .T. ) ;
#189 = CARTESIAN_POINT ( 'NONE',  ( 0.03044930635410657283, -0.009649512127872853645, -0.01000000000000000021 ) ) ;
#190 = AXIS2_PLACEMENT_3D ( 'NONE', #5867, #6438, #4221 ) ;
#191 = EDGE_LOOP ( 'NONE', ( #122, #5266, #4445, #6134 ) ) ;
#192 = ORIENTED_EDGE ( 'NONE', *, *, #690, .F. ) ;
#193 = LINE ( 'NONE', #4859, #6704 ) ;
#194 =( LENGTH_UNIT ( ) NAMED_UNIT ( * ) SI_UNIT ( .MILLI., .METRE. ) );
#195 = VECTOR ( 'NONE', #1721, 1000.000000000000000 ) ;
#196 = CARTESIAN_POINT ( 'NONE',  ( 0.1849448633547338405, -0.1368392811292742650, -0.02000000000000000042 ) ) ;
#197 = ORIENTED_EDGE ( 'NONE', *, *, #1930, .T. ) ;
#198 = CARTESIAN_POINT ( 'NONE',  ( -0.4972244129537780610, 0.1284123966942695705, -0.02000000000000000042 ) ) ;
#199 =( NAMED_UNIT ( * ) PLANE_ANGLE_UNIT ( ) SI_UNIT ( $, .RADIAN. ) );
#200 =( NAMED_UNIT ( * ) SI_UNIT ( $, .STERADIAN. ) SOLID_ANGLE_UNIT ( ) );
#201 = DIRECTION ( 'NONE',  ( 1.000000000000000000, 0.0000000000000000000, 0.0000000000000000000 ) ) ;
#202 = DIRECTION ( 'NONE',  ( 0.0000000000000000000, 0.0000000000000000000, -1.000000000000000000 ) ) ;
#203 = VERTEX_POINT ( 'NONE', #6934 ) ;
#204 = CARTESIAN_POINT ( 'NONE',  ( 0.2249999999999998945, -1.215000000000000080, 0.2000000000000000111 ) ) ;
#205 = PRESENTATION_STYLE_ASSIGNMENT (( #5497 ) ) ;
#206 = EDGE_CURVE ( 'NONE', #4316, #5069, #3666, .T. ) ;
#207 = CARTESIAN_POINT ( 'NONE',  ( 0.2044424022246131845, 0.2108740180864995817, -0.01000000000000000021 ) ) ;
#208 = SURFACE_STYLE_FILL_AREA ( #6581 ) ;
#209 = CARTESIAN_POINT ( 'NONE',  ( 0.0000000000000000000, 0.2098626829940784255, -0.01000000000000000021 ) ) ;
#210 = CARTESIAN_POINT ( 'NONE',  ( -0.3212275229141862143, 0.1659602439696881704, -0.01000000000000000021 ) ) ;
#211 = PRESENTATION_STYLE_ASSIGNMENT (( #6137 ) ) ;
#212 = EDGE_CURVE ( 'NONE', #5462, #3716, #3739, .T. ) ;
#213 = CARTESIAN_POINT ( 'NONE',  ( -0.3173403277922349219, -0.1901373170059216522, -0.02000000000000000042 ) ) ;
#214 = LINE ( 'NONE', #796, #6447 ) ;
#215 = ORIENTED_EDGE ( 'NONE', *, *, #6602, .F. ) ;
#216 = CARTESIAN_POINT ( 'NONE',  ( 0.2516369767387244827, 0.2147073940003228210, -0.02000000000000000042 ) ) ;
#217 = CARTESIAN_POINT ( 'NONE',  ( 1.240000000000000435, 1.500000000000000000, 0.7299999999999999822 ) ) ;
#218 = FACE_OUTER_BOUND ( 'NONE', #4970, .T. ) ;
#219 = DIRECTION ( 'NONE',  ( 1.000000000000000000, 0.0000000000000000000, 0.0000000000000000000 ) ) ;
#220 = MECHANICAL_DESIGN_GEOMETRIC_PRESENTATION_REPRESENTATION (  '', ( #5823 ), #1075 ) ;
#221 = PLANE ( 'NONE',  #5713 ) ;
#222 = DIRECTION ( 'NONE',  ( 0.0000000000000000000, -1.000000000000000000, 0.0000000000000000000 ) ) ;
#223 = CARTESIAN_POINT ( 'NONE',  ( 0.2504703067301669583, -0.1509244703065557580, -0.01000000000000000021 ) ) ;
#224 = FILL_AREA_STYLE ('',( #3105 ) ) ;
#225 = STYLED_ITEM ( 'NONE', ( #5522 ), #6673 ) ;
#226 = SURFACE_STYLE_FILL_AREA ( #3712 ) ;
#227 = ORIENTED_EDGE ( 'NONE', *, *, #299, .F. ) ;
#228 = ORIENTED_EDGE ( 'NONE', *, *, #5372, .F. ) ;
#229 = SURFACE_SIDE_STYLE ('',( #1953 ) ) ;
#230 = STYLED_ITEM ( 'NONE', ( #2809 ), #5233 ) ;
#231 = SURFACE_STYLE_FILL_AREA ( #3715 ) ;
#232 = ORIENTED_EDGE ( 'NONE', *, *, #3341, .T. ) ;
#233 = PLANE ( 'NONE',  #1784 ) ;
#234 = FILL_AREA_STYLE_COLOUR ( '', #6633 ) ;
#235 = COLOUR_RGB ( '',0.7529411764705882248, 0.7529411764705882248, 0.7529411764705882248 ) ;
#236 = PRESENTATION_STYLE_ASSIGNMENT (( #3688 ) ) ;
#237 = MECHANICAL_DESIGN_GEOMETRIC_PRESENTATION_REPRESENTATION (  '', ( #5475 ), #1110 ) ;
#238 = CARTESIAN_POINT ( 'NONE',  ( 0.4060590624516675629, 0.005594390311151550138, -0.02000000000000000042 ) ) ;
#239 = ORIENTED_EDGE ( 'NONE', *, *, #1054, .T. ) ;
#240 = PLANE ( 'NONE',  #3787 ) ;
#241 = EDGE_CURVE ( 'NONE', #4086, #2057, #6066, .T. ) ;
#242 = SURFACE_SIDE_STYLE ('',( #2079 ) ) ;
#243 = DIRECTION ( 'NONE',  ( -1.000000000000000000, 0.0000000000000000000, 0.0000000000000000000 ) ) ;
#244 = CARTESIAN_POINT ( 'NONE',  ( 0.3812806193728585091, -0.1648971914615527390, -0.02000000000000000042 ) ) ;
#245 = AXIS2_PLACEMENT_3D ( 'NONE', #3558, #4150, #5794 ) ;
#246 = VECTOR ( 'NONE', #1625, 1000.000000000000000 ) ;
#247 = EDGE_CURVE ( 'NONE', #3399, #1138, #1349, .T. ) ;
#248 =( NAMED_UNIT ( * ) PLANE_ANGLE_UNIT ( ) SI_UNIT ( $, .RADIAN. ) );
#249 = LINE ( 'NONE', #4411, #3822 ) ;
#250 = EDGE_CURVE ( 'NONE', #4397, #7123, #6481, .T. ) ;
#251 = LINE ( 'NONE', #7485, #1239 ) ;
#252 = UNCERTAINTY_MEASURE_WITH_UNIT (LENGTH_MEASURE( 1.000000000000000082E-05 ), #3436, 'distance_accuracy_value', 'NONE');
#253 = PRESENTATION_LAYER_ASSIGNMENT (  '', '', ( #3536 ) ) ;
#254 = DIRECTION ( 'NONE',  ( 1.000000000000000000, 0.0000000000000000000, 0.0000000000000000000 ) ) ;
#255 =( NAMED_UNIT ( * ) PLANE_ANGLE_UNIT ( ) SI_UNIT ( $, .RADIAN. ) );
#256 = SURFACE_STYLE_USAGE ( .BOTH. , #875 ) ;
#257 = EDGE_LOOP ( 'NONE', ( #4305, #545, #466, #593, #4672, #2266 ) ) ;
#258 = CARTESIAN_POINT ( 'NONE',  ( 1.500000000000000666, -1.500000000000000000, 0.7299999999999999822 ) ) ;
#259 = DIRECTION ( 'NONE',  ( 0.0000000000000000000, 0.0000000000000000000, -1.000000000000000000 ) ) ;
#260 = CARTESIAN_POINT ( 'NONE',  ( 0.3657076879803294323, -0.1742307636193598241, -0.009999999999999991535 ) ) ;
#261 = LINE ( 'NONE', #4887, #7047 ) ;
#262 = STYLED_ITEM ( 'NONE', ( #6874 ), #4919 ) ;
#263 =( LENGTH_UNIT ( ) NAMED_UNIT ( * ) SI_UNIT ( .MILLI., .METRE. ) );
#264 = DIRECTION ( 'NONE',  ( 0.0000000000000000000, 1.000000000000000000, 0.0000000000000000000 ) ) ;
#265 = SURFACE_STYLE_USAGE ( .BOTH. , #3283 ) ;
#266 = ORIENTED_EDGE ( 'NONE', *, *, #4986, .T. ) ;
#267 = CARTESIAN_POINT ( 'NONE',  ( 0.1099999999999999034, -1.215000000000000080, 0.2000000000000000111 ) ) ;
#268 =( NAMED_UNIT ( * ) PLANE_ANGLE_UNIT ( ) SI_UNIT ( $, .RADIAN. ) );
#269 = VECTOR ( 'NONE', #3474, 1000.000000000000000 ) ;
#270 =( NAMED_UNIT ( * ) SI_UNIT ( $, .STERADIAN. ) SOLID_ANGLE_UNIT ( ) );
#271 = ORIENTED_EDGE ( 'NONE', *, *, #5082, .T. ) ;
#272 = UNCERTAINTY_MEASURE_WITH_UNIT (LENGTH_MEASURE( 1.000000000000000082E-05 ), #992, 'distance_accuracy_value', 'NONE');
#273 =( NAMED_UNIT ( * ) PLANE_ANGLE_UNIT ( ) SI_UNIT ( $, .RADIAN. ) );
#274 = AXIS2_PLACEMENT_3D ( 'NONE', #7476, #393, #4594 ) ;
#275 = CARTESIAN_POINT ( 'NONE',  ( 0.4938639405004481286, -0.1462348779815314248, -0.02000000000000000042 ) ) ;
#276 = ORIENTED_EDGE ( 'NONE', *, *, #111, .F. ) ;
#277 =( NAMED_UNIT ( * ) SI_UNIT ( $, .STERADIAN. ) SOLID_ANGLE_UNIT ( ) );
#278 = CARTESIAN_POINT ( 'NONE',  ( 1.010000000000000009, -1.510000000000000009, -0.02000000000000000042 ) ) ;
#279 = LINE ( 'NONE', #902, #1190 ) ;
#280 = SURFACE_SIDE_STYLE ('',( #2080 ) ) ;
#281 = CARTESIAN_POINT ( 'NONE',  ( 0.1659099797372729779, -0.1714773095568056793, -0.01000000000000000021 ) ) ;
#282 = EDGE_CURVE ( 'NONE', #6715, #6020, #1979, .T. ) ;
#283 = VERTEX_POINT ( 'NONE', #692 ) ;
#284 = ADVANCED_FACE ( 'NONE', ( #2597 ), #107, .T. ) ;
#285 = CARTESIAN_POINT ( 'NONE',  ( 0.3399999999999999134, -1.215000000000000080, 0.2000000000000000111 ) ) ;
#286 = DIRECTION ( 'NONE',  ( -0.0000000000000000000, 0.0000000000000000000, -1.000000000000000000 ) ) ;
#287 = COLOUR_RGB ( '',0.7529411764705882248, 0.7529411764705882248, 0.7529411764705882248 ) ;
#288 = CARTESIAN_POINT ( 'NONE',  ( 0.3672588477105215299, -0.1089408353880772506, -0.01000000000000000021 ) ) ;
#289 = LINE ( 'NONE', #4879, #7415 ) ;
#290 = PLANE ( 'NONE',  #5664 ) ;
#291 = EDGE_LOOP ( 'NONE', ( #5440, #5057, #5112, #3649 ) ) ;
#292 = CARTESIAN_POINT ( 'NONE',  ( -1.499999999999999778, 1.500000000000000000, 0.0000000000000000000 ) ) ;
#293 = SURFACE_STYLE_USAGE ( .BOTH. , #952 ) ;
#294 =( LENGTH_UNIT ( ) NAMED_UNIT ( * ) SI_UNIT ( .MILLI., .METRE. ) );
#295 = CIRCLE ( 'NONE', #7352, 0.1150000000000000883 ) ;
#296 =( NAMED_UNIT ( * ) PLANE_ANGLE_UNIT ( ) SI_UNIT ( $, .RADIAN. ) );
#297 = ADVANCED_FACE ( 'NONE', ( #218 ), #5364, .F. ) ;
#298 = ADVANCED_FACE ( 'NONE', ( #5513 ), #5548, .T. ) ;
#299 = EDGE_CURVE ( 'NONE', #283, #6050, #1117, .T. ) ;
#300 = DIRECTION ( 'NONE',  ( -0.0000000000000000000, -1.000000000000000000, 0.0000000000000000000 ) ) ;
#301 = PRESENTATION_STYLE_ASSIGNMENT (( #6713 ) ) ;
#302 = VECTOR ( 'NONE', #4122, 1000.000000000000000 ) ;
#303 = DIRECTION ( 'NONE',  ( -0.0000000000000000000, 1.000000000000000000, -0.0000000000000000000 ) ) ;
#304 = ORIENTED_EDGE ( 'NONE', *, *, #2676, .F. ) ;
#305 = CARTESIAN_POINT ( 'NONE',  ( -0.3400000000000000799, -1.215000000000000080, -0.02000000000000000042 ) ) ;
#306 =( GEOMETRIC_REPRESENTATION_CONTEXT ( 3 ) GLOBAL_UNCERTAINTY_ASSIGNED_CONTEXT ( ( #1028 ) ) GLOBAL_UNIT_ASSIGNED_CONTEXT ( ( #5697, #4716, #4598 ) ) REPRESENTATION_CONTEXT ( 'NONE', 'WORKASPACE' ) );
#307 = COLOUR_RGB ( '',0.0000000000000000000, 0.0000000000000000000, 0.0000000000000000000 ) ;
#308 = SURFACE_SIDE_STYLE ('',( #3215 ) ) ;
#309 = ORIENTED_EDGE ( 'NONE', *, *, #2871, .T. ) ;
#310 = MECHANICAL_DESIGN_GEOMETRIC_PRESENTATION_REPRESENTATION (  '', ( #6763 ), #1050 ) ;
#311 = PRESENTATION_STYLE_ASSIGNMENT (( #4923 ) ) ;
#312 = CARTESIAN_POINT ( 'NONE',  ( -1.499999999999999778, 1.500000000000000000, 0.1999999999999999833 ) ) ;
#313 = DIRECTION ( 'NONE',  ( -0.0000000000000000000, 0.0000000000000000000, 1.000000000000000000 ) ) ;
#314 = EDGE_LOOP ( 'NONE', ( #2989, #1594, #5401, #5065 ) ) ;
#315 = UNCERTAINTY_MEASURE_WITH_UNIT (LENGTH_MEASURE( 1.000000000000000082E-05 ), #6269, 'distance_accuracy_value', 'NONE');
#316 = LINE ( 'NONE', #2648, #5284 ) ;
#317 = CARTESIAN_POINT ( 'NONE',  ( -0.1100000000000000699, 1.215000000000000080, -0.02000000000000000042 ) ) ;
#318 = PRESENTATION_LAYER_ASSIGNMENT (  '', '', ( #4589 ) ) ;
#319 = CARTESIAN_POINT ( 'NONE',  ( -0.3400000000000000799, 1.500000000000000000, 0.0000000000000000000 ) ) ;
#320 = ORIENTED_EDGE ( 'NONE', *, *, #3763, .T. ) ;
#321 = FILL_AREA_STYLE ('',( #7290 ) ) ;
#322 = LINE ( 'NONE', #3693, #935 ) ;
#323 = CARTESIAN_POINT ( 'NONE',  ( -0.1305263034019910895, -0.1462348779815314248, -0.01000000000000000021 ) ) ;
#324 = FILL_AREA_STYLE ('',( #5617 ) ) ;
#325 = EDGE_LOOP ( 'NONE', ( #4785, #3364, #4166, #5598 ) ) ;
#326 = CARTESIAN_POINT ( 'NONE',  ( 0.7900000000000001465, -1.215000000000000080, 0.2000000000000000111 ) ) ;
#327 = FILL_AREA_STYLE ('',( #4249 ) ) ;
#328 = CARTESIAN_POINT ( 'NONE',  ( 0.3763848076294828982, -0.09790749168932091906, -0.02000000000000000042 ) ) ;
#329 = PRESENTATION_STYLE_ASSIGNMENT (( #2624 ) ) ;
#330 = VERTEX_POINT ( 'NONE', #2666 ) ;
#331 = CARTESIAN_POINT ( 'NONE',  ( -0.7347427641128866371, 0.1528530552794440389, -0.01000000000000000021 ) ) ;
#332 = CARTESIAN_POINT ( 'NONE',  ( 0.03044930635410657283, 0.03425292689651740496, -0.02000000000000000042 ) ) ;
#333 = PLANE ( 'NONE',  #7416 ) ;
#334 = ORIENTED_EDGE ( 'NONE', *, *, #1153, .T. ) ;
#335 = LINE ( 'NONE', #6746, #483 ) ;
#336 = ORIENTED_EDGE ( 'NONE', *, *, #5134, .F. ) ;
#337 = FILL_AREA_STYLE_COLOUR ( '', #2136 ) ;
#338 = CARTESIAN_POINT ( 'NONE',  ( -0.7900000000000001465, -1.215000000000000080, -0.02000000000000000042 ) ) ;
#339 = PRESENTATION_STYLE_ASSIGNMENT (( #6671 ) ) ;
#340 = ORIENTED_EDGE ( 'NONE', *, *, #5858, .F. ) ;
#341 = DIRECTION ( 'NONE',  ( 1.000000000000000000, 0.0000000000000000000, 0.0000000000000000000 ) ) ;
#342 = EDGE_CURVE ( 'NONE', #1957, #4364, #5262, .T. ) ;
#343 = EDGE_CURVE ( 'NONE', #4630, #5388, #2746, .T. ) ;
#344 = VECTOR ( 'NONE', #5689, 1000.000000000000000 ) ;
#345 = VERTEX_POINT ( 'NONE', #3207 ) ;
#346 = FACE_OUTER_BOUND ( 'NONE', #5635, .T. ) ;
#347 = LINE ( 'NONE', #2678, #4649 ) ;
#348 = CARTESIAN_POINT ( 'NONE',  ( 0.3220035648673486572, -0.1407917714460156788, -0.02000000000000000042 ) ) ;
#349 = ORIENTED_EDGE ( 'NONE', *, *, #4774, .T. ) ;
#350 = CARTESIAN_POINT ( 'NONE',  ( -1.499999999999999334, -1.500000000000000000, 0.1999999999999999833 ) ) ;
#351 = EDGE_CURVE ( 'NONE', #3491, #1079, #3921, .T. ) ;
#352 = CARTESIAN_POINT ( 'NONE',  ( 0.1099999999999999034, 1.500000000000000000, 0.0000000000000000000 ) ) ;
#353 =( LENGTH_UNIT ( ) NAMED_UNIT ( * ) SI_UNIT ( .MILLI., .METRE. ) );
#354 = ORIENTED_EDGE ( 'NONE', *, *, #4485, .F. ) ;
#355 = PLANE ( 'NONE',  #7216 ) ;
#356 = VECTOR ( 'NONE', #6023, 1000.000000000000000 ) ;
#357 = SURFACE_SIDE_STYLE ('',( #5572 ) ) ;
#358 = CARTESIAN_POINT ( 'NONE',  ( -0.7373860594995520490, 0.1610821951892003334, -0.01000000000000000021 ) ) ;
#359 = UNCERTAINTY_MEASURE_WITH_UNIT (LENGTH_MEASURE( 1.000000000000000082E-05 ), #4891, 'distance_accuracy_value', 'NONE');
#360 = DIRECTION ( 'NONE',  ( 0.0000000000000000000, -1.000000000000000000, 0.0000000000000000000 ) ) ;
#361 = SURFACE_SIDE_STYLE ('',( #6132 ) ) ;
#362 = COLOUR_RGB ( '',0.2509803921568627416, 0.2509803921568627416, 0.2509803921568627416 ) ;
#363 = PRESENTATION_LAYER_ASSIGNMENT (  '', '', ( #1354 ) ) ;
#364 = MECHANICAL_DESIGN_GEOMETRIC_PRESENTATION_REPRESENTATION (  '', ( #981 ), #3072 ) ;
#365 = VERTEX_POINT ( 'NONE', #2630 ) ;
#366 = CARTESIAN_POINT ( 'NONE',  ( 0.03044930635410657283, 0.03425292689651740496, -0.02000000000000000042 ) ) ;
#367 = CARTESIAN_POINT ( 'NONE',  ( -0.7900000000000001465, -1.215000000000000080, 0.0000000000000000000 ) ) ;
#368 = FILL_AREA_STYLE_COLOUR ( '', #805 ) ;
#369 = VECTOR ( 'NONE', #2344, 1000.000000000000000 ) ;
#370 = VECTOR ( 'NONE', #7245, 1000.000000000000000 ) ;
#371 = COLOUR_RGB ( '',0.0000000000000000000, 0.0000000000000000000, 0.0000000000000000000 ) ;
#372 = CARTESIAN_POINT ( 'NONE',  ( -0.3400000000000000799, 1.510000000000000009, -0.02000000000000000042 ) ) ;
#373 = SURFACE_STYLE_USAGE ( .BOTH. , #6181 ) ;
#374 =( GEOMETRIC_REPRESENTATION_CONTEXT ( 3 ) GLOBAL_UNCERTAINTY_ASSIGNED_CONTEXT ( ( #1441 ) ) GLOBAL_UNIT_ASSIGNED_CONTEXT ( ( #6987, #585, #4790 ) ) REPRESENTATION_CONTEXT ( 'NONE', 'WORKASPACE' ) );
#375 = COLOUR_RGB ( '',0.0000000000000000000, 0.0000000000000000000, 0.0000000000000000000 ) ;
#376 = VERTEX_POINT ( 'NONE', #7267 ) ;
#377 = CARTESIAN_POINT ( 'NONE',  ( 0.2791612236576339057, -0.1948605029524689281, -0.009999999999999991535 ) ) ;
#378 = VERTEX_POINT ( 'NONE', #5050 ) ;
#379 = CARTESIAN_POINT ( 'NONE',  ( -0.3845017482041942491, 0.2027046767077306799, -0.02000000000000000042 ) ) ;
#380 = FACE_OUTER_BOUND ( 'NONE', #3924, .T. ) ;
#381 = DIRECTION ( 'NONE',  ( 0.0000000000000000000, 0.0000000000000000000, -1.000000000000000000 ) ) ;
#382 = VERTEX_POINT ( 'NONE', #2709 ) ;
#383 = EDGE_CURVE ( 'NONE', #2843, #1957, #3275, .T. ) ;
#384 = EDGE_CURVE ( 'NONE', #3564, #7209, #4456, .T. ) ;
#385 = AXIS2_PLACEMENT_3D ( 'NONE', #6271, #5031, #5735 ) ;
#386 = ORIENTED_EDGE ( 'NONE', *, *, #3471, .F. ) ;
#387 = DIRECTION ( 'NONE',  ( 0.3390537954853694580, 0.9407669869669987861, 0.0000000000000000000 ) ) ;
#388 = EDGE_LOOP ( 'NONE', ( #1398, #5184, #334, #5822, #2925, #6478 ) ) ;
#389 = CARTESIAN_POINT ( 'NONE',  ( 1.240000000000000213, 0.0000000000000000000, 0.0000000000000000000 ) ) ;
#390 = SURFACE_SIDE_STYLE ('',( #426 ) ) ;
#391 = DIRECTION ( 'NONE',  ( -1.000000000000000000, 0.0000000000000000000, -0.0000000000000000000 ) ) ;
#392 = VERTEX_POINT ( 'NONE', #3241 ) ;
#393 = DIRECTION ( 'NONE',  ( -0.0000000000000000000, 0.0000000000000000000, 1.000000000000000000 ) ) ;
#394 = SURFACE_SIDE_STYLE ('',( #6204 ) ) ;
#395 = LINE ( 'NONE', #7219, #132 ) ;
#396 = UNCERTAINTY_MEASURE_WITH_UNIT (LENGTH_MEASURE( 1.000000000000000082E-05 ), #3692, 'distance_accuracy_value', 'NONE');
#397 = CARTESIAN_POINT ( 'NONE',  ( -0.3288049270773114041, 0.2096988862130454434, -0.01000000000000000021 ) ) ;
#398 = EDGE_CURVE ( 'NONE', #4867, #5015, #5586, .T. ) ;
#399 = VERTEX_POINT ( 'NONE', #372 ) ;
#400 = CARTESIAN_POINT ( 'NONE',  ( -0.1100000000000000699, 1.510000000000000009, -0.02000000000000000042 ) ) ;
#401 = PRESENTATION_STYLE_ASSIGNMENT (( #6774 ) ) ;
#402 = PRODUCT_DEFINITION_SHAPE ( 'NONE', 'NONE',  #6812 ) ;
#403 = CARTESIAN_POINT ( 'NONE',  ( 0.5600000000000000533, 1.215000000000000080, 0.2000000000000000111 ) ) ;
#404 = MECHANICAL_DESIGN_GEOMETRIC_PRESENTATION_REPRESENTATION (  '', ( #3333 ), #2849 ) ;
#405 = UNCERTAINTY_MEASURE_WITH_UNIT (LENGTH_MEASURE( 1.000000000000000082E-05 ), #7266, 'distance_accuracy_value', 'NONE');
#406 = CARTESIAN_POINT ( 'NONE',  ( -0.4391857061999782652, -0.1589850383230197173, -0.01000000000000000021 ) ) ;
#407 = PRESENTATION_LAYER_ASSIGNMENT (  '', '', ( #41 ) ) ;
#408 = CARTESIAN_POINT ( 'NONE',  ( -0.4109573832482169564, 0.1447075533712673667, -0.01000000000000000021 ) ) ;
#409 = DIRECTION ( 'NONE',  ( 1.000000000000000000, 0.0000000000000000000, -0.0000000000000000000 ) ) ;
#410 = ORIENTED_EDGE ( 'NONE', *, *, #23, .F. ) ;
#411 = ORIENTED_EDGE ( 'NONE', *, *, #1162, .F. ) ;
#412 = CARTESIAN_POINT ( 'NONE',  ( -0.7646726448654057595, 0.2098626829940784255, -0.01000000000000000021 ) ) ;
#413 = PRESENTATION_STYLE_ASSIGNMENT (( #6329 ) ) ;
#414 = FACE_OUTER_BOUND ( 'NONE', #7374, .T. ) ;
#415 = ORIENTED_EDGE ( 'NONE', *, *, #3849, .T. ) ;
#416 = CARTESIAN_POINT ( 'NONE',  ( -0.4393754477577795914, 0.1803085907077239813, -0.02000000000000000042 ) ) ;
#417 = COLOUR_RGB ( '',0.0000000000000000000, 0.0000000000000000000, 0.0000000000000000000 ) ;
#418 = ORIENTED_EDGE ( 'NONE', *, *, #4256, .F. ) ;
#419 = LINE ( 'NONE', #4585, #865 ) ;
#420 =( GEOMETRIC_REPRESENTATION_CONTEXT ( 3 ) GLOBAL_UNCERTAINTY_ASSIGNED_CONTEXT ( ( #1042 ) ) GLOBAL_UNIT_ASSIGNED_CONTEXT ( ( #2773, #18, #6388 ) ) REPRESENTATION_CONTEXT ( 'NONE', 'WORKASPACE' ) );
#421 = DIRECTION ( 'NONE',  ( -0.0000000000000000000, 0.0000000000000000000, 1.000000000000000000 ) ) ;
#422 = UNCERTAINTY_MEASURE_WITH_UNIT (LENGTH_MEASURE( 1.000000000000000082E-05 ), #6056, 'distance_accuracy_value', 'NONE');
#423 = EDGE_LOOP ( 'NONE', ( #7475, #4690, #7421, #5417, #3935, #6772 ) ) ;
#424 =( LENGTH_UNIT ( ) NAMED_UNIT ( * ) SI_UNIT ( .MILLI., .METRE. ) );
#425 = CARTESIAN_POINT ( 'NONE',  ( 1.240000000000000213, 1.215000000000000080, -0.02000000000000000042 ) ) ;
#426 = SURFACE_STYLE_FILL_AREA ( #968 ) ;
#427 = MECHANICAL_DESIGN_GEOMETRIC_PRESENTATION_REPRESENTATION (  '', ( #1655 ), #4320 ) ;
#428 = VECTOR ( 'NONE', #893, 1000.000000000000000 ) ;
#429 = MECHANICAL_DESIGN_GEOMETRIC_PRESENTATION_REPRESENTATION (  '', ( #3728 ), #6403 ) ;
#430 = VERTEX_POINT ( 'NONE', #1454 ) ;
#431 =( NAMED_UNIT ( * ) PLANE_ANGLE_UNIT ( ) SI_UNIT ( $, .RADIAN. ) );
#432 = CYLINDRICAL_SURFACE ( 'NONE', #6585, 0.1150000000000000883 ) ;
#433 = MECHANICAL_DESIGN_GEOMETRIC_PRESENTATION_REPRESENTATION (  '', ( #4079 ), #3128 ) ;
#434 =( LENGTH_UNIT ( ) NAMED_UNIT ( * ) SI_UNIT ( .MILLI., .METRE. ) );
#435 = CARTESIAN_POINT ( 'NONE',  ( -0.7900000000000001465, 1.500000000000000000, 0.2000000000000000111 ) ) ;
#436 =( GEOMETRIC_REPRESENTATION_CONTEXT ( 3 ) GLOBAL_UNCERTAINTY_ASSIGNED_CONTEXT ( ( #6592 ) ) GLOBAL_UNIT_ASSIGNED_CONTEXT ( ( #6029, #1533, #6670 ) ) REPRESENTATION_CONTEXT ( 'NONE', 'WORKASPACE' ) );
#437 = VECTOR ( 'NONE', #3702, 1000.000000000000000 ) ;
#438 = FILL_AREA_STYLE_COLOUR ( '', #7372 ) ;
#439 = VECTOR ( 'NONE', #4529, 1000.000000000000000 ) ;
#440 = LINE ( 'NONE', #978, #6995 ) ;
#441 = ORIENTED_EDGE ( 'NONE', *, *, #3788, .F. ) ;
#442 = CARTESIAN_POINT ( 'NONE',  ( 0.03044930635410657283, -0.1462348779815314248, -0.02000000000000000042 ) ) ;
#443 = FILL_AREA_STYLE_COLOUR ( '', #3543 ) ;
#444 =( GEOMETRIC_REPRESENTATION_CONTEXT ( 3 ) GLOBAL_UNCERTAINTY_ASSIGNED_CONTEXT ( ( #2485 ) ) GLOBAL_UNIT_ASSIGNED_CONTEXT ( ( #6619, #2587, #829 ) ) REPRESENTATION_CONTEXT ( 'NONE', 'WORKASPACE' ) );
#445 = EDGE_CURVE ( 'NONE', #6412, #4397, #1563, .T. ) ;
#446 = SURFACE_SIDE_STYLE ('',( #6808 ) ) ;
#447 = DIRECTION ( 'NONE',  ( -0.0000000000000000000, 1.000000000000000000, -0.0000000000000000000 ) ) ;
#448 = PRESENTATION_STYLE_ASSIGNMENT (( #7420 ) ) ;
#449 = EDGE_CURVE ( 'NONE', #7123, #4346, #6927, .T. ) ;
#450 = EDGE_LOOP ( 'NONE', ( #2325, #7034, #5570, #6686 ) ) ;
#451 = DIRECTION ( 'NONE',  ( 1.445602896647339410E-16, -1.000000000000000000, 0.0000000000000000000 ) ) ;
#452 = ORIENTED_EDGE ( 'NONE', *, *, #5122, .T. ) ;
#453 = PLANE ( 'NONE',  #5286 ) ;
#454 = FILL_AREA_STYLE ('',( #5092 ) ) ;
#455 = CARTESIAN_POINT ( 'NONE',  ( -1.240000000000000213, 0.0000000000000000000, 0.0000000000000000000 ) ) ;
#456 = ORIENTED_EDGE ( 'NONE', *, *, #6367, .T. ) ;
#457 = CARTESIAN_POINT ( 'NONE',  ( -0.5225369221854130330, 0.07654387474337469299, -0.02000000000000000042 ) ) ;
#458 = ORIENTED_EDGE ( 'NONE', *, *, #2024, .F. ) ;
#459 = DIRECTION ( 'NONE',  ( 1.000000000000000000, 0.0000000000000000000, 0.0000000000000000000 ) ) ;
#460 = ORIENTED_EDGE ( 'NONE', *, *, #1933, .F. ) ;
#461 = SURFACE_SIDE_STYLE ('',( #3936 ) ) ;
#462 = PLANE ( 'NONE',  #5536 ) ;
#463 = LINE ( 'NONE', #7, #344 ) ;
#464 =( NAMED_UNIT ( * ) PLANE_ANGLE_UNIT ( ) SI_UNIT ( $, .RADIAN. ) );
#465 = VERTEX_POINT ( 'NONE', #5125 ) ;
#466 = ORIENTED_EDGE ( 'NONE', *, *, #3897, .T. ) ;
#467 = CARTESIAN_POINT ( 'NONE',  ( 0.1727807792274517751, 0.1514019714689994744, -0.02000000000000000042 ) ) ;
#468 = VECTOR ( 'NONE', #1208, 1000.000000000000000 ) ;
#469 = DIRECTION ( 'NONE',  ( -0.0000000000000000000, 1.000000000000000000, -0.0000000000000000000 ) ) ;
#470 = ORIENTED_EDGE ( 'NONE', *, *, #2218, .F. ) ;
#471 =( LENGTH_UNIT ( ) NAMED_UNIT ( * ) SI_UNIT ( .MILLI., .METRE. ) );
#472 = VECTOR ( 'NONE', #3670, 1000.000000000000000 ) ;
#473 =( GEOMETRIC_REPRESENTATION_CONTEXT ( 3 ) GLOBAL_UNCERTAINTY_ASSIGNED_CONTEXT ( ( #5582 ) ) GLOBAL_UNIT_ASSIGNED_CONTEXT ( ( #4470, #6636, #6229 ) ) REPRESENTATION_CONTEXT ( 'NONE', 'WORKASPACE' ) );
#474 = EDGE_CURVE ( 'NONE', #5132, #5088, #6849, .T. ) ;
#475 = CARTESIAN_POINT ( 'NONE',  ( 0.1659099797372729779, -0.1714773095568056793, -0.02000000000000000042 ) ) ;
#476 = CARTESIAN_POINT ( 'NONE',  ( 0.4037505872665849704, 0.04137889827121054437, -0.01000000000000000021 ) ) ;
#477 = COLOUR_RGB ( '',0.7529411764705882248, 0.7529411764705882248, 0.7529411764705882248 ) ;
#478 = EDGE_CURVE ( 'NONE', #3254, #4229, #1712, .T. ) ;
#479 = CARTESIAN_POINT ( 'NONE',  ( 0.2635121917761384380, 0.2145726417691848908, -0.02000000000000000042 ) ) ;
#480 = UNCERTAINTY_MEASURE_WITH_UNIT (LENGTH_MEASURE( 1.000000000000000082E-05 ), #3358, 'distance_accuracy_value', 'NONE');
#481 = CARTESIAN_POINT ( 'NONE',  ( 0.4401713982522109103, -0.09543176509390777218, -0.01000000000000000021 ) ) ;
#482 = CARTESIAN_POINT ( 'NONE',  ( 0.3536388920547485215, 0.1367651384940536674, -0.02000000000000000042 ) ) ;
#483 = VECTOR ( 'NONE', #1528, 1000.000000000000000 ) ;
#484 = ORIENTED_EDGE ( 'NONE', *, *, #5946, .F. ) ;
#485 = CARTESIAN_POINT ( 'NONE',  ( -0.6565171570605277118, -0.07794219505470212361, -0.02000000000000000042 ) ) ;
#486 =( GEOMETRIC_REPRESENTATION_CONTEXT ( 3 ) GLOBAL_UNCERTAINTY_ASSIGNED_CONTEXT ( ( #3794 ) ) GLOBAL_UNIT_ASSIGNED_CONTEXT ( ( #2776, #1557, #5699 ) ) REPRESENTATION_CONTEXT ( 'NONE', 'WORKASPACE' ) );
#487 = DIRECTION ( 'NONE',  ( 1.000000000000000000, 0.0000000000000000000, 0.0000000000000000000 ) ) ;
#488 = VECTOR ( 'NONE', #6076, 1000.000000000000000 ) ;
#489 = ORIENTED_EDGE ( 'NONE', *, *, #4162, .F. ) ;
#490 = EDGE_CURVE ( 'NONE', #4555, #399, #2860, .T. ) ;
#491 = MECHANICAL_DESIGN_GEOMETRIC_PRESENTATION_REPRESENTATION (  '', ( #4768 ), #5338 ) ;
#492 = COLOUR_RGB ( '',0.0000000000000000000, 0.0000000000000000000, 0.0000000000000000000 ) ;
#493 = ORIENTED_EDGE ( 'NONE', *, *, #3116, .T. ) ;
#494 = CARTESIAN_POINT ( 'NONE',  ( -0.4972244129537780610, 0.1284123966942695705, -0.02000000000000000042 ) ) ;
#495 =( GEOMETRIC_REPRESENTATION_CONTEXT ( 3 ) GLOBAL_UNCERTAINTY_ASSIGNED_CONTEXT ( ( #3912 ) ) GLOBAL_UNIT_ASSIGNED_CONTEXT ( ( #6540, #5307, #59 ) ) REPRESENTATION_CONTEXT ( 'NONE', 'WORKASPACE' ) );
#496 = EDGE_LOOP ( 'NONE', ( #4893, #2142 ) ) ;
#497 = CARTESIAN_POINT ( 'NONE',  ( -1.222311323609513556, -1.208820028646933720, 0.7299999999999999822 ) ) ;
#498 = FACE_OUTER_BOUND ( 'NONE', #4742, .T. ) ;
#499 = VERTEX_POINT ( 'NONE', #3994 ) ;
#500 = DIRECTION ( 'NONE',  ( -0.0000000000000000000, -0.0000000000000000000, -1.000000000000000000 ) ) ;
#501 = CARTESIAN_POINT ( 'NONE',  ( -0.6750000000000000444, 1.215000000000000080, -0.02000000000000000042 ) ) ;
#502 = CARTESIAN_POINT ( 'NONE',  ( -1.125000000000000222, -1.215000000000000080, 0.0000000000000000000 ) ) ;
#503 = ORIENTED_EDGE ( 'NONE', *, *, #7363, .T. ) ;
#504 =( NAMED_UNIT ( * ) PLANE_ANGLE_UNIT ( ) SI_UNIT ( $, .RADIAN. ) );
#505 = LINE ( 'NONE', #6243, #3550 ) ;
#506 = FACE_OUTER_BOUND ( 'NONE', #3305, .T. ) ;
#507 = ORIENTED_EDGE ( 'NONE', *, *, #7385, .F. ) ;
#508 = CARTESIAN_POINT ( 'NONE',  ( 0.1727807792274517751, 0.1514019714689994744, -0.01000000000000000021 ) ) ;
#509 = CARTESIAN_POINT ( 'NONE',  ( -0.7379407379005095136, 0.1580072456008028980, -0.02000000000000000042 ) ) ;
#510 =( LENGTH_UNIT ( ) NAMED_UNIT ( * ) SI_UNIT ( .MILLI., .METRE. ) );
#511 = ORIENTED_EDGE ( 'NONE', *, *, #6829, .T. ) ;
#512 = COLOUR_RGB ( '',0.7529411764705882248, 0.7529411764705882248, 0.7529411764705882248 ) ;
#513 = CARTESIAN_POINT ( 'NONE',  ( -1.240000000000000213, 1.215000000000000080, 0.2000000000000000111 ) ) ;
#514 = B_SPLINE_CURVE_WITH_KNOTS ( 'NONE', 3,
 ( #5950, #1907, #1277, #2526, #3022, #1942, #4223 ),
 .UNSPECIFIED., .F., .F.,
 ( 4, 1, 1, 1, 4 ),
 ( 0.0000000000000000000, 0.1744817153170503676, 0.3982857591281118714, 0.6738978473986658724, 0.9999999999999998890 ),
 .UNSPECIFIED. ) ;
#515 = PRESENTATION_STYLE_ASSIGNMENT (( #2817 ) ) ;
#516 = CARTESIAN_POINT ( 'NONE',  ( 0.2249999999999998945, 1.215000000000000080, 0.2000000000000000111 ) ) ;
#517 = CARTESIAN_POINT ( 'NONE',  ( 0.3549345923616816223, 0.1922403515563295417, -0.01000000000000000021 ) ) ;
#518 = ADVANCED_FACE ( 'NONE', ( #6891 ), #597, .T. ) ;
#519 = CARTESIAN_POINT ( 'NONE',  ( -0.4341417909656510865, 0.1279745385946096659, -0.01000000000000000021 ) ) ;
#520 = SURFACE_SIDE_STYLE ('',( #5746 ) ) ;
#521 =( NAMED_UNIT ( * ) SI_UNIT ( $, .STERADIAN. ) SOLID_ANGLE_UNIT ( ) );
#522 = FACE_OUTER_BOUND ( 'NONE', #4155, .T. ) ;
#523 = LINE ( 'NONE', #2061, #1044 ) ;
#524 = STYLED_ITEM ( 'NONE', ( #6990 ), #3063 ) ;
#525 = VERTEX_POINT ( 'NONE', #2937 ) ;
#526 = EDGE_CURVE ( 'NONE', #1812, #3758, #6751, .T. ) ;
#527 = CARTESIAN_POINT ( 'NONE',  ( -0.5597945960849178837, -0.1901373170059216522, -0.01000000000000000021 ) ) ;
#528 = CARTESIAN_POINT ( 'NONE',  ( -0.3212275229141862143, 0.1659602439696881704, -0.02000000000000000042 ) ) ;
#529 = VECTOR ( 'NONE', #742, 1000.000000000000000 ) ;
#530 = DIRECTION ( 'NONE',  ( 0.0000000000000000000, 0.0000000000000000000, -1.000000000000000000 ) ) ;
#531 = FACE_OUTER_BOUND ( 'NONE', #47, .T. ) ;
#532 = ADVANCED_FACE ( 'NONE', ( #2824 ), #7157, .T. ) ;
#533 = EDGE_CURVE ( 'NONE', #1666, #1992, #4288, .T. ) ;
#534 = VERTEX_POINT ( 'NONE', #832 ) ;
#535 = ORIENTED_EDGE ( 'NONE', *, *, #6735, .F. ) ;
#536 =( LENGTH_UNIT ( ) NAMED_UNIT ( * ) SI_UNIT ( .MILLI., .METRE. ) );
#537 = VECTOR ( 'NONE', #3191, 1000.000000000000000 ) ;
#538 = EDGE_CURVE ( 'NONE', #6662, #1834, #7081, .T. ) ;
#539 = SURFACE_STYLE_FILL_AREA ( #4628 ) ;
#540 = ORIENTED_EDGE ( 'NONE', *, *, #5453, .F. ) ;
#541 = ORIENTED_EDGE ( 'NONE', *, *, #7204, .T. ) ;
#542 = AXIS2_PLACEMENT_3D ( 'NONE', #4036, #6364, #562 ) ;
#543 = CARTESIAN_POINT ( 'NONE',  ( 0.03044930635410657283, 0.1659602439696881704, -0.02000000000000000042 ) ) ;
#544 =( NAMED_UNIT ( * ) PLANE_ANGLE_UNIT ( ) SI_UNIT ( $, .RADIAN. ) );
#545 = ORIENTED_EDGE ( 'NONE', *, *, #1054, .F. ) ;
#546 = FILL_AREA_STYLE ('',( #4636 ) ) ;
#547 = FILL_AREA_STYLE_COLOUR ( '', #2637 ) ;
#548 = CARTESIAN_POINT ( 'NONE',  ( -1.240000000000000213, -1.510000000000000009, 0.2000000000000000111 ) ) ;
#549 = UNCERTAINTY_MEASURE_WITH_UNIT (LENGTH_MEASURE( 1.000000000000000082E-05 ), #77, 'distance_accuracy_value', 'NONE');
#550 = MECHANICAL_DESIGN_GEOMETRIC_PRESENTATION_REPRESENTATION (  '', ( #5425 ), #306 ) ;
#551 = AXIS2_PLACEMENT_3D ( 'NONE', #1405, #5887, #4200 ) ;
#552 = VERTEX_POINT ( 'NONE', #6511 ) ;
#553 = CARTESIAN_POINT ( 'NONE',  ( -0.6700080107190642398, -0.03403975603031189623, -0.01000000000000000021 ) ) ;
#554 = CARTESIAN_POINT ( 'NONE',  ( 0.4056507803395671408, 0.02380432090354918373, -0.02000000000000000042 ) ) ;
#555 = VECTOR ( 'NONE', #2601, 1000.000000000000000 ) ;
#556 = CARTESIAN_POINT ( 'NONE',  ( 0.3182413613882356662, 0.2068741592662496909, -0.01000000000000000021 ) ) ;
#557 = MECHANICAL_DESIGN_GEOMETRIC_PRESENTATION_REPRESENTATION (  '', ( #1311 ), #934 ) ;
#558 = CARTESIAN_POINT ( 'NONE',  ( 0.4159694188808807924, 0.1414817498688075714, -0.02000000000000000042 ) ) ;
#559 = STYLED_ITEM ( 'NONE', ( #2615 ), #913 ) ;
#560 = CARTESIAN_POINT ( 'NONE',  ( 0.4090030060381776300, -0.1411123768963002678, -0.01000000000000000021 ) ) ;
#561 = DIRECTION ( 'NONE',  ( 1.000000000000000000, 0.0000000000000000000, 0.0000000000000000000 ) ) ;
#562 = DIRECTION ( 'NONE',  ( -0.0000000000000000000, 0.0000000000000000000, 1.000000000000000000 ) ) ;
#563 = VECTOR ( 'NONE', #381, 1000.000000000000000 ) ;
#564 = ORIENTED_EDGE ( 'NONE', *, *, #6690, .T. ) ;
#565 = DIRECTION ( 'NONE',  ( -1.000000000000000000, 0.0000000000000000000, 0.0000000000000000000 ) ) ;
#566 = LINE ( 'NONE', #1800, #4789 ) ;
#567 = ORIENTED_EDGE ( 'NONE', *, *, #762, .T. ) ;
#568 = PLANE ( 'NONE',  #2563 ) ;
#569 = FILL_AREA_STYLE_COLOUR ( '', #6293 ) ;
#570 = STYLED_ITEM ( 'NONE', ( #5771 ), #1045 ) ;
#571 = EDGE_CURVE ( 'NONE', #3247, #3453, #3622, .T. ) ;
#572 = EDGE_CURVE ( 'NONE', #3075, #4824, #3052, .T. ) ;
#573 = CARTESIAN_POINT ( 'NONE',  ( 0.4597175990370334087, 0.002316951286761314600, -0.009999999999999991535 ) ) ;
#574 = SURFACE_STYLE_USAGE ( .BOTH. , #2299 ) ;
#575 = ORIENTED_EDGE ( 'NONE', *, *, #7197, .F. ) ;
#576 = ORIENTED_EDGE ( 'NONE', *, *, #2766, .F. ) ;
#577 = SURFACE_STYLE_FILL_AREA ( #3565 ) ;
#578 = CARTESIAN_POINT ( 'NONE',  ( -0.4391857061999782652, -0.1589850383230197173, -0.02000000000000000042 ) ) ;
#579 = PLANE ( 'NONE',  #6692 ) ;
#580 = ORIENTED_EDGE ( 'NONE', *, *, #1930, .F. ) ;
#581 = CARTESIAN_POINT ( 'NONE',  ( -0.7302924583397679692, 0.1348565659041003062, -0.02000000000000000042 ) ) ;
#582 = LINE ( 'NONE', #5772, #6033 ) ;
#583 = CARTESIAN_POINT ( 'NONE',  ( 0.6750000000000000444, -1.215000000000000080, 0.2000000000000000111 ) ) ;
#584 = ORIENTED_EDGE ( 'NONE', *, *, #6184, .F. ) ;
#585 =( NAMED_UNIT ( * ) PLANE_ANGLE_UNIT ( ) SI_UNIT ( $, .RADIAN. ) );
#586 = CARTESIAN_POINT ( 'NONE',  ( -0.4353171015056740978, -0.1043460401848955443, -0.01000000000000000021 ) ) ;
#587 = AXIS2_PLACEMENT_3D ( 'NONE', #2413, #1842, #4078 ) ;
#588 = DIRECTION ( 'NONE',  ( -1.000000000000000000, 0.0000000000000000000, 0.0000000000000000000 ) ) ;
#589 = AXIS2_PLACEMENT_3D ( 'NONE', #2296, #5252, #1086 ) ;
#590 = LINE ( 'NONE', #4091, #1602 ) ;
#591 = CARTESIAN_POINT ( 'NONE',  ( 0.3536388920547485215, 0.1367651384940536674, -0.01000000000000000021 ) ) ;
#592 = DIRECTION ( 'NONE',  ( 1.000000000000000000, 0.0000000000000000000, -0.0000000000000000000 ) ) ;
#593 = ORIENTED_EDGE ( 'NONE', *, *, #2725, .F. ) ;
#594 = LINE ( 'NONE', #3397, #3023 ) ;
#595 = CARTESIAN_POINT ( 'NONE',  ( -0.4536839454086449841, -0.08109993055416618579, -0.02000000000000000042 ) ) ;
#596 = VECTOR ( 'NONE', #5755, 1000.000000000000000 ) ;
#597 = PLANE ( 'NONE',  #2490 ) ;
#598 = FACE_OUTER_BOUND ( 'NONE', #1718, .T. ) ;
#599 = SURFACE_STYLE_FILL_AREA ( #6326 ) ;
#600 = VECTOR ( 'NONE', #4823, 1000.000000000000000 ) ;
#601 =( GEOMETRIC_REPRESENTATION_CONTEXT ( 3 ) GLOBAL_UNCERTAINTY_ASSIGNED_CONTEXT ( ( #7285 ) ) GLOBAL_UNIT_ASSIGNED_CONTEXT ( ( #3557, #7088, #3667 ) ) REPRESENTATION_CONTEXT ( 'NONE', 'WORKASPACE' ) );
#602 = ORIENTED_EDGE ( 'NONE', *, *, #2120, .T. ) ;
#603 = FILL_AREA_STYLE_COLOUR ( '', #4203 ) ;
#604 = SURFACE_STYLE_FILL_AREA ( #3019 ) ;
#605 = PLANE ( 'NONE',  #2997 ) ;
#606 = DIRECTION ( 'NONE',  ( 0.0000000000000000000, 1.000000000000000000, -0.0000000000000000000 ) ) ;
#607 = CARTESIAN_POINT ( 'NONE',  ( 0.5600000000000000533, -1.215000000000000080, 0.0000000000000000000 ) ) ;
#608 = VECTOR ( 'NONE', #3953, 1000.000000000000000 ) ;
#609 = LINE ( 'NONE', #5250, #5353 ) ;
#610 = FACE_OUTER_BOUND ( 'NONE', #6237, .T. ) ;
#611 = FILL_AREA_STYLE ('',( #2457 ) ) ;
#612 =( GEOMETRIC_REPRESENTATION_CONTEXT ( 3 ) GLOBAL_UNCERTAINTY_ASSIGNED_CONTEXT ( ( #1017 ) ) GLOBAL_UNIT_ASSIGNED_CONTEXT ( ( #744, #268, #4349 ) ) REPRESENTATION_CONTEXT ( 'NONE', 'WORKASPACE' ) );
#613 = EDGE_CURVE ( 'NONE', #2717, #4568, #6172, .T. ) ;
#614 = EDGE_CURVE ( 'NONE', #4997, #1248, #249, .T. ) ;
#615 = PRESENTATION_STYLE_ASSIGNMENT (( #6419 ) ) ;
#616 = VECTOR ( 'NONE', #7338, 1000.000000000000000 ) ;
#617 = LINE ( 'NONE', #6420, #2073 ) ;
#618 = CARTESIAN_POINT ( 'NONE',  ( -1.240000000000000213, 1.500000000000000000, 0.7299999999999999822 ) ) ;
#619 = ORIENTED_EDGE ( 'NONE', *, *, #5545, .T. ) ;
#620 = ORIENTED_EDGE ( 'NONE', *, *, #2766, .T. ) ;
#621 = CARTESIAN_POINT ( 'NONE',  ( -1.499999999999999778, 1.500000000000000000, 0.7299999999999999822 ) ) ;
#622 = CARTESIAN_POINT ( 'NONE',  ( -0.3249966145838381615, -0.1899987948554594519, -0.02000000000000000042 ) ) ;
#623 = CARTESIAN_POINT ( 'NONE',  ( 0.2599941381278039199, -0.1510495105430509910, -0.02000000000000000042 ) ) ;
#624 = VERTEX_POINT ( 'NONE', #4487 ) ;
#625 = CARTESIAN_POINT ( 'NONE',  ( -0.7347427641128866371, 0.1528530552794440389, -0.02000000000000000042 ) ) ;
#626 = DIRECTION ( 'NONE',  ( 1.000000000000000000, 0.0000000000000000000, 0.0000000000000000000 ) ) ;
#627 = CARTESIAN_POINT ( 'NONE',  ( 0.4595433896549683261, 0.01009915573068013127, -0.02000000000000000042 ) ) ;
#628 = CARTESIAN_POINT ( 'NONE',  ( -0.4123257307972503227, -0.1228103921547681610, -0.01000000000000000021 ) ) ;
#629 = ORIENTED_EDGE ( 'NONE', *, *, #3286, .T. ) ;
#630 = CARTESIAN_POINT ( 'NONE',  ( 0.1099999999999999034, 1.215000000000000080, 0.2000000000000000111 ) ) ;
#631 = ADVANCED_FACE ( 'NONE', ( #5503 ), #4447, .T. ) ;
#632 = PRESENTATION_LAYER_ASSIGNMENT (  '', '', ( #3922 ) ) ;
#633 = EDGE_CURVE ( 'NONE', #399, #4389, #4325, .T. ) ;
#634 = SURFACE_STYLE_USAGE ( .BOTH. , #5776 ) ;
#635 = SURFACE_STYLE_USAGE ( .BOTH. , #5236 ) ;
#636 = CARTESIAN_POINT ( 'NONE',  ( -0.5600000000000000533, -1.510000000000000009, -0.02000000000000000042 ) ) ;
#637 = CARTESIAN_POINT ( 'NONE',  ( 0.2648243063541065867, -0.1511129267620191785, -0.02000000000000000042 ) ) ;
#638 = CARTESIAN_POINT ( 'NONE',  ( 0.4593479298697649149, -0.01911635365475601936, -0.01000000000000000021 ) ) ;
#639 =( NAMED_UNIT ( * ) PLANE_ANGLE_UNIT ( ) SI_UNIT ( $, .RADIAN. ) );
#640 = VECTOR ( 'NONE', #5444, 1000.000000000000000 ) ;
#641 = ORIENTED_EDGE ( 'NONE', *, *, #5607, .F. ) ;
#642 = PRESENTATION_STYLE_ASSIGNMENT (( #70 ) ) ;
#643 = SURFACE_STYLE_USAGE ( .BOTH. , #4181 ) ;
#644 = LINE ( 'NONE', #7126, #6046 ) ;
#645 = VECTOR ( 'NONE', #4175, 1000.000000000000000 ) ;
#646 = CARTESIAN_POINT ( 'NONE',  ( -0.7900000000000001465, -1.215000000000000080, -0.02000000000000000042 ) ) ;
#647 = AXIS2_PLACEMENT_3D ( 'NONE', #4998, #3759, #4317 ) ;
#648 = FILL_AREA_STYLE ('',( #2948 ) ) ;
#649 = VECTOR ( 'NONE', #6742, 1000.000000000000000 ) ;
#650 = CARTESIAN_POINT ( 'NONE',  ( 1.240000000000000213, 1.500000000000000000, 0.2000000000000000111 ) ) ;
#651 = CARTESIAN_POINT ( 'NONE',  ( -0.5271537828293073602, -0.02908402675179893801, -0.02000000000000000042 ) ) ;
#652 = VECTOR ( 'NONE', #4632, 1000.000000000000000 ) ;
#653 = DIRECTION ( 'NONE',  ( 0.0000000000000000000, -1.000000000000000000, 0.0000000000000000000 ) ) ;
#654 = CARTESIAN_POINT ( 'NONE',  ( -0.7360903277922349330, 0.1610821951892003334, -0.02000000000000000042 ) ) ;
#655 = CARTESIAN_POINT ( 'NONE',  ( 1.010000000000000009, 1.500000000000000000, 0.0000000000000000000 ) ) ;
#656 = DIRECTION ( 'NONE',  ( -1.000000000000000000, 0.0000000000000000000, 0.0000000000000000000 ) ) ;
#657 = EDGE_LOOP ( 'NONE', ( #1452, #2210, #3287, #458, #785, #1691 ) ) ;
#658 = VERTEX_POINT ( 'NONE', #5578 ) ;
#659 = FACE_OUTER_BOUND ( 'NONE', #4480, .T. ) ;
#660 = CARTESIAN_POINT ( 'NONE',  ( -0.5303647565209330672, 0.007338136996416594511, -0.02000000000000000042 ) ) ;
#661 = SURFACE_STYLE_USAGE ( .BOTH. , #4233 ) ;
#662 = ORIENTED_EDGE ( 'NONE', *, *, #3384, .T. ) ;
#663 = SURFACE_STYLE_FILL_AREA ( #546 ) ;
#664 = CARTESIAN_POINT ( 'NONE',  ( -0.7296878887678448500, 0.1330334147013954305, -0.01000000000000000021 ) ) ;
#665 = SURFACE_SIDE_STYLE ('',( #7031 ) ) ;
#666 = CARTESIAN_POINT ( 'NONE',  ( -0.7900000000000001465, 1.215000000000000080, -0.02000000000000000042 ) ) ;
#667 = VECTOR ( 'NONE', #3154, 1000.000000000000000 ) ;
#668 = DIRECTION ( 'NONE',  ( 0.0000000000000000000, 0.0000000000000000000, -1.000000000000000000 ) ) ;
#669 = ORIENTED_EDGE ( 'NONE', *, *, #5078, .F. ) ;
#670 = DIRECTION ( 'NONE',  ( 0.0000000000000000000, 0.0000000000000000000, -1.000000000000000000 ) ) ;
#671 = CARTESIAN_POINT ( 'NONE',  ( 0.3162529258457173476, 0.1599786145067947085, -0.009999999999999995004 ) ) ;
#672 = CARTESIAN_POINT ( 'NONE',  ( 0.1653406728315388041, 0.2001795490903302277, -0.01000000000000000021 ) ) ;
#673 = FILL_AREA_STYLE ('',( #1751 ) ) ;
#674 = STYLED_ITEM ( 'NONE', ( #904 ), #1615 ) ;
#675 = CARTESIAN_POINT ( 'NONE',  ( -1.240000000000000213, -1.500000000000000000, 0.7299999999999999822 ) ) ;
#676 = ADVANCED_FACE ( 'NONE', ( #1449 ), #1516, .T. ) ;
#677 = CARTESIAN_POINT ( 'NONE',  ( 0.2984605158758424359, 0.2114237198613159174, -0.02000000000000000042 ) ) ;
#678 = CARTESIAN_POINT ( 'NONE',  ( -0.4530005171578381784, 0.1064408229294378921, -0.02000000000000000042 ) ) ;
#679 = EDGE_CURVE ( 'NONE', #4805, #5788, #3306, .T. ) ;
#680 = CARTESIAN_POINT ( 'NONE',  ( 0.7900000000000001465, 1.500000000000000000, 0.2000000000000000111 ) ) ;
#681 =( GEOMETRIC_REPRESENTATION_CONTEXT ( 3 ) GLOBAL_UNCERTAINTY_ASSIGNED_CONTEXT ( ( #6890 ) ) GLOBAL_UNIT_ASSIGNED_CONTEXT ( ( #3753, #1996, #6079 ) ) REPRESENTATION_CONTEXT ( 'NONE', 'WORKASPACE' ) );
#682 = AXIS2_PLACEMENT_3D ( 'NONE', #3708, #3176, #808 ) ;
#683 = FILL_AREA_STYLE ('',( #103 ) ) ;
#684 = CARTESIAN_POINT ( 'NONE',  ( -0.3400000000000001354, 1.215000000000000080, -0.02000000000000000042 ) ) ;
#685 = EDGE_LOOP ( 'NONE', ( #6256, #6535, #2533, #5429 ) ) ;
#686 = STYLED_ITEM ( 'NONE', ( #7430 ), #2215 ) ;
#687 = FILL_AREA_STYLE ('',( #6970 ) ) ;
#688 = PRESENTATION_LAYER_ASSIGNMENT (  '', '', ( #5291 ) ) ;
#689 = PRESENTATION_STYLE_ASSIGNMENT (( #3514 ) ) ;
#690 = EDGE_CURVE ( 'NONE', #892, #3108, #5620, .T. ) ;
#691 = CARTESIAN_POINT ( 'NONE',  ( -1.096791517035990760, -1.208820028646933720, 0.7299999999999999822 ) ) ;
#692 = CARTESIAN_POINT ( 'NONE',  ( 0.1621566234272772411, 0.1452285366526149535, -0.01000000000000000021 ) ) ;
#693 = FILL_AREA_STYLE_COLOUR ( '', #7411 ) ;
#694 = VECTOR ( 'NONE', #1869, 1000.000000000000000 ) ;
#695 = MECHANICAL_DESIGN_GEOMETRIC_PRESENTATION_REPRESENTATION (  '', ( #5169 ), #6296 ) ;
#696 = CARTESIAN_POINT ( 'NONE',  ( -0.4556956407120459907, -0.1474143134190556703, -0.02000000000000000042 ) ) ;
#697 = CARTESIAN_POINT ( 'NONE',  ( -0.4450749990627947961, -0.09324946789741446473, -0.01000000000000000021 ) ) ;
#698 = CARTESIAN_POINT ( 'NONE',  ( -0.1207702058410154294, 0.1659602439696881704, -0.02000000000000000042 ) ) ;
#699 = DIRECTION ( 'NONE',  ( 1.000000000000000000, 0.0000000000000000000, 0.0000000000000000000 ) ) ;
#700 = VERTEX_POINT ( 'NONE', #3346 ) ;
#701 = ORIENTED_EDGE ( 'NONE', *, *, #2444, .F. ) ;
#702 =( NAMED_UNIT ( * ) SI_UNIT ( $, .STERADIAN. ) SOLID_ANGLE_UNIT ( ) );
#703 = SURFACE_SIDE_STYLE ('',( #3602 ) ) ;
#704 = CARTESIAN_POINT ( 'NONE',  ( 0.2648243063541065867, -0.1511129267620191785, -0.02000000000000000042 ) ) ;
#705 = EDGE_LOOP ( 'NONE', ( #1321, #6865, #1499, #1021 ) ) ;
#706 = SURFACE_SIDE_STYLE ('',( #663 ) ) ;
#707 =( NAMED_UNIT ( * ) SI_UNIT ( $, .STERADIAN. ) SOLID_ANGLE_UNIT ( ) );
#708 = CARTESIAN_POINT ( 'NONE',  ( 0.2599941381278039199, -0.1510495105430509910, -0.02000000000000000042 ) ) ;
#709 = CARTESIAN_POINT ( 'NONE',  ( -0.1305263034019910895, -0.1462348779815314248, -0.02000000000000000042 ) ) ;
#710 = ORIENTED_EDGE ( 'NONE', *, *, #1389, .T. ) ;
#711 = CARTESIAN_POINT ( 'NONE',  ( 0.2612501486608863055, 0.1707217583157849272, -0.02000000000000000042 ) ) ;
#712 = CARTESIAN_POINT ( 'NONE',  ( 0.1621566234272772411, 0.1988870732379808270, -0.02000000000000000042 ) ) ;
#713 = SURFACE_STYLE_USAGE ( .BOTH. , #5936 ) ;
#714 = CARTESIAN_POINT ( 'NONE',  ( 0.4401713982522109103, -0.09543176509390777218, -0.02000000000000000042 ) ) ;
#715 = CARTESIAN_POINT ( 'NONE',  ( -0.4712855530890534550, -0.03815459257875054161, -0.02000000000000000042 ) ) ;
#716 = EDGE_CURVE ( 'NONE', #4857, #4439, #2775, .T. ) ;
#717 = DIRECTION ( 'NONE',  ( 0.0000000000000000000, 1.000000000000000000, -0.0000000000000000000 ) ) ;
#718 = STYLED_ITEM ( 'NONE', ( #3273 ), #6357 ) ;
#719 = SURFACE_SIDE_STYLE ('',( #3053 ) ) ;
#720 = CARTESIAN_POINT ( 'NONE',  ( -1.010000000000000009, -1.510000000000000009, -0.02000000000000000042 ) ) ;
#721 = ORIENTED_EDGE ( 'NONE', *, *, #2644, .F. ) ;
#722 = ADVANCED_FACE ( 'NONE', ( #1022 ), #2124, .T. ) ;
#723 = CARTESIAN_POINT ( 'NONE',  ( 0.3399999999999999134, 1.510000000000000009, 0.2000000000000000111 ) ) ;
#724 = AXIS2_PLACEMENT_3D ( 'NONE', #2606, #341, #7240 ) ;
#725 = CARTESIAN_POINT ( 'NONE',  ( 0.2562877209882529206, 0.2147407317745662070, -0.02000000000000000042 ) ) ;
#726 = DIRECTION ( 'NONE',  ( 0.0000000000000000000, 0.0000000000000000000, 1.000000000000000000 ) ) ;
#727 = DIRECTION ( 'NONE',  ( 0.0000000000000000000, -0.0000000000000000000, 1.000000000000000000 ) ) ;
#728 = VECTOR ( 'NONE', #1806, 1000.000000000000000 ) ;
#729 = DIRECTION ( 'NONE',  ( 1.000000000000000000, 0.0000000000000000000, 0.0000000000000000000 ) ) ;
#730 = EDGE_CURVE ( 'NONE', #3758, #552, #3391, .T. ) ;
#731 = FACE_OUTER_BOUND ( 'NONE', #4631, .T. ) ;
#732 = VECTOR ( 'NONE', #1651, 1000.000000000000000 ) ;
#733 = CARTESIAN_POINT ( 'NONE',  ( -0.4850961211666596218, -0.1198674648523793546, -0.02000000000000000042 ) ) ;
#734 = CARTESIAN_POINT ( 'NONE',  ( 0.03044930635410657283, -0.009649512127872853645, -0.02000000000000000042 ) ) ;
#735 = CARTESIAN_POINT ( 'NONE',  ( -1.499999999999999334, -1.500000000000000000, 0.1999999999999999833 ) ) ;
#736 = UNCERTAINTY_MEASURE_WITH_UNIT (LENGTH_MEASURE( 1.000000000000000082E-05 ), #4830, 'distance_accuracy_value', 'NONE');
#737 = CARTESIAN_POINT ( 'NONE',  ( 0.3956490148414885666, -0.1537073733094219685, -0.009999999999999991535 ) ) ;
#738 = FILL_AREA_STYLE ('',( #6605 ) ) ;
#739 = ORIENTED_EDGE ( 'NONE', *, *, #1507, .F. ) ;
#740 = ORIENTED_EDGE ( 'NONE', *, *, #3487, .T. ) ;
#741 = PRESENTATION_LAYER_ASSIGNMENT (  '', '', ( #123 ) ) ;
#742 = DIRECTION ( 'NONE',  ( 0.0000000000000000000, 0.0000000000000000000, 1.000000000000000000 ) ) ;
#743 =( GEOMETRIC_REPRESENTATION_CONTEXT ( 3 ) GLOBAL_UNCERTAINTY_ASSIGNED_CONTEXT ( ( #5530 ) ) GLOBAL_UNIT_ASSIGNED_CONTEXT ( ( #2660, #4908, #3697 ) ) REPRESENTATION_CONTEXT ( 'NONE', 'WORKASPACE' ) );
#744 =( LENGTH_UNIT ( ) NAMED_UNIT ( * ) SI_UNIT ( .MILLI., .METRE. ) );
#745 = FILL_AREA_STYLE_COLOUR ( '', #1353 ) ;
#746 = ORIENTED_EDGE ( 'NONE', *, *, #2509, .F. ) ;
#747 = DIRECTION ( 'NONE',  ( -0.0000000000000000000, -0.0000000000000000000, -1.000000000000000000 ) ) ;
#748 = DIRECTION ( 'NONE',  ( 1.000000000000000000, 0.0000000000000000000, 0.0000000000000000000 ) ) ;
#749 = B_SPLINE_CURVE_WITH_KNOTS ( 'NONE', 3,
 ( #2195, #281, #4530, #3764, #4362, #1481, #5576, #2082, #5500, #3915, #1447 ),
 .UNSPECIFIED., .F., .F.,
 ( 4, 1, 1, 1, 1, 1, 1, 1, 4 ),
 ( 0.0000000000000000000, 0.1124483899088010164, 0.2265276752126777204, 0.3444019493260284670, 0.4658649724874589504, 0.5916594493521171172, 0.7221684870248873400, 0.8586063875549265756, 1.000000000000000000 ),
 .UNSPECIFIED. ) ;
#750 = PRESENTATION_LAYER_ASSIGNMENT (  '', '', ( #1961 ) ) ;
#751 = CARTESIAN_POINT ( 'NONE',  ( 1.240000000000000213, -1.215000000000000080, -0.02000000000000000042 ) ) ;
#752 = DIRECTION ( 'NONE',  ( 0.0000000000000000000, 0.0000000000000000000, -1.000000000000000000 ) ) ;
#753 = ORIENTED_EDGE ( 'NONE', *, *, #5212, .F. ) ;
#754 = CARTESIAN_POINT ( 'NONE',  ( 0.3399999999999999134, -1.510000000000000009, 0.2000000000000000111 ) ) ;
#755 = PLANE ( 'NONE',  #4770 ) ;
#756 = CARTESIAN_POINT ( 'NONE',  ( 0.1653406728315388041, 0.2001795490903302277, -0.02000000000000000042 ) ) ;
#757 = DIRECTION ( 'NONE',  ( 0.0000000000000000000, -0.0000000000000000000, -1.000000000000000000 ) ) ;
#758 = CARTESIAN_POINT ( 'NONE',  ( -0.4604244497579174089, 0.09387581155780010123, -0.02000000000000000042 ) ) ;
#759 = CARTESIAN_POINT ( 'NONE',  ( -0.7435598399873570852, 0.1330334147013954582, -0.02000000000000000042 ) ) ;
#760 = SURFACE_STYLE_USAGE ( .BOTH. , #4177 ) ;
#761 = FILL_AREA_STYLE ('',( #6593 ) ) ;
#762 = EDGE_CURVE ( 'NONE', #774, #3479, #7379, .T. ) ;
#763 = ORIENTED_EDGE ( 'NONE', *, *, #950, .T. ) ;
#764 = DIRECTION ( 'NONE',  ( -0.0000000000000000000, -1.000000000000000000, 0.0000000000000000000 ) ) ;
#765 = CARTESIAN_POINT ( 'NONE',  ( -1.240000000000000213, -1.215000000000000080, 0.2000000000000000111 ) ) ;
#766 = DIRECTION ( 'NONE',  ( -0.0000000000000000000, -1.000000000000000000, -0.0000000000000000000 ) ) ;
#767 = FILL_AREA_STYLE_COLOUR ( '', #1574 ) ;
#768 = DIRECTION ( 'NONE',  ( 0.0000000000000000000, -1.000000000000000000, 0.0000000000000000000 ) ) ;
#769 = SURFACE_SIDE_STYLE ('',( #3144 ) ) ;
#770 = EDGE_CURVE ( 'NONE', #5140, #6791, #1146, .T. ) ;
#771 = PLANE ( 'NONE',  #5037 ) ;
#772 = AXIS2_PLACEMENT_3D ( 'NONE', #7342, #878, #2093 ) ;
#773 = ORIENTED_EDGE ( 'NONE', *, *, #3655, .F. ) ;
#774 = VERTEX_POINT ( 'NONE', #2779 ) ;
#775 = CARTESIAN_POINT ( 'NONE',  ( 0.0000000000000000000, -0.03403975603031189623, -0.01000000000000000021 ) ) ;
#776 = SURFACE_STYLE_USAGE ( .BOTH. , #3077 ) ;
#777 = SURFACE_SIDE_STYLE ('',( #1916 ) ) ;
#778 = ORIENTED_EDGE ( 'NONE', *, *, #5510, .T. ) ;
#779 = LINE ( 'NONE', #6005, #953 ) ;
#780 = LINE ( 'NONE', #664, #4201 ) ;
#781 = CARTESIAN_POINT ( 'NONE',  ( 0.2364255539937619444, -0.1496412803270115721, -0.02000000000000000042 ) ) ;
#782 = EDGE_CURVE ( 'NONE', #4515, #3409, #1299, .T. ) ;
#783 = CARTESIAN_POINT ( 'NONE',  ( -1.499999999999999334, -1.500000000000000000, 0.0000000000000000000 ) ) ;
#784 = DIRECTION ( 'NONE',  ( 0.0000000000000000000, 0.0000000000000000000, -1.000000000000000000 ) ) ;
#785 = ORIENTED_EDGE ( 'NONE', *, *, #478, .F. ) ;
#786 = CARTESIAN_POINT ( 'NONE',  ( -0.7296878887678448500, 0.1330334147013954305, -0.02000000000000000042 ) ) ;
#787 = PRESENTATION_STYLE_ASSIGNMENT (( #1967 ) ) ;
#788 = CARTESIAN_POINT ( 'NONE',  ( -0.3212275229141862143, 0.1659602439696881704, -0.02000000000000000042 ) ) ;
#789 = DIRECTION ( 'NONE',  ( 1.000000000000000000, -0.0000000000000000000, 0.0000000000000000000 ) ) ;
#790 = CIRCLE ( 'NONE', #7118, 0.1150000000000000328 ) ;
#791 =( LENGTH_UNIT ( ) NAMED_UNIT ( * ) SI_UNIT ( .MILLI., .METRE. ) );
#792 = CARTESIAN_POINT ( 'NONE',  ( -0.3543018399325878476, 0.1638326417273195390, -0.01000000000000000021 ) ) ;
#793 = FILL_AREA_STYLE ('',( #6590 ) ) ;
#794 = PRESENTATION_STYLE_ASSIGNMENT (( #1796 ) ) ;
#795 = UNCERTAINTY_MEASURE_WITH_UNIT (LENGTH_MEASURE( 1.000000000000000082E-05 ), #263, 'distance_accuracy_value', 'NONE');
#796 = CARTESIAN_POINT ( 'NONE',  ( -0.9207702058410154322, -0.1901373170059216522, -0.02000000000000000042 ) ) ;
#797 = PRESENTATION_LAYER_ASSIGNMENT (  '', '', ( #674 ) ) ;
#798 = FILL_AREA_STYLE_COLOUR ( '', #6644 ) ;
#799 = COLOUR_RGB ( '',0.2509803921568627416, 0.2509803921568627416, 0.2509803921568627416 ) ;
#800 = ORIENTED_EDGE ( 'NONE', *, *, #2356, .F. ) ;
#801 = CARTESIAN_POINT ( 'NONE',  ( 0.1621566234272772411, 0.1988870732379808270, -0.02000000000000000042 ) ) ;
#802 = CARTESIAN_POINT ( 'NONE',  ( -1.240000000000000213, 1.215000000000000080, -0.02000000000000000042 ) ) ;
#803 =( GEOMETRIC_REPRESENTATION_CONTEXT ( 3 ) GLOBAL_UNCERTAINTY_ASSIGNED_CONTEXT ( ( #1580 ) ) GLOBAL_UNIT_ASSIGNED_CONTEXT ( ( #4164, #1881, #6159 ) ) REPRESENTATION_CONTEXT ( 'NONE', 'WORKASPACE' ) );
#804 = PRESENTATION_LAYER_ASSIGNMENT (  '', '', ( #5786 ) ) ;
#805 = COLOUR_RGB ( '',0.7529411764705882248, 0.7529411764705882248, 0.7529411764705882248 ) ;
#806 = CARTESIAN_POINT ( 'NONE',  ( -0.1100000000000000699, -1.500000000000000000, 0.7299999999999999822 ) ) ;
#807 = UNCERTAINTY_MEASURE_WITH_UNIT (LENGTH_MEASURE( 1.000000000000000082E-05 ), #3090, 'distance_accuracy_value', 'NONE');
#808 = DIRECTION ( 'NONE',  ( 1.000000000000000000, 0.0000000000000000000, 0.0000000000000000000 ) ) ;
#809 = STYLED_ITEM ( 'NONE', ( #5362 ), #5708 ) ;
#810 = DIRECTION ( 'NONE',  ( 0.0000000000000000000, -0.0000000000000000000, 1.000000000000000000 ) ) ;
#811 = DIRECTION ( 'NONE',  ( 1.000000000000000000, -0.0000000000000000000, -0.0000000000000000000 ) ) ;
#812 = MECHANICAL_DESIGN_GEOMETRIC_PRESENTATION_REPRESENTATION (  '', ( #686 ), #4332 ) ;
#813 = DIRECTION ( 'NONE',  ( 0.0000000000000000000, 0.0000000000000000000, -1.000000000000000000 ) ) ;
#814 = ADVANCED_FACE ( 'NONE', ( #98 ), #5895, .T. ) ;
#815 = AXIS2_PLACEMENT_3D ( 'NONE', #4902, #4319, #4967 ) ;
#816 = ORIENTED_EDGE ( 'NONE', *, *, #5078, .T. ) ;
#817 = ORIENTED_EDGE ( 'NONE', *, *, #7198, .T. ) ;
#818 = LINE ( 'NONE', #3149, #2454 ) ;
#819 = ORIENTED_EDGE ( 'NONE', *, *, #5947, .T. ) ;
#820 = CARTESIAN_POINT ( 'NONE',  ( -0.3214561814507716497, 0.2098626829940784255, -0.01000000000000000021 ) ) ;
#821 = EDGE_CURVE ( 'NONE', #4957, #6192, #3578, .T. ) ;
#822 = DIRECTION ( 'NONE',  ( -1.000000000000000000, -0.0000000000000000000, -0.0000000000000000000 ) ) ;
#823 = EDGE_CURVE ( 'NONE', #994, #345, #1187, .T. ) ;
#824 = FILL_AREA_STYLE_COLOUR ( '', #4451 ) ;
#825 = LINE ( 'NONE', #5971, #1648 ) ;
#826 = ORIENTED_EDGE ( 'NONE', *, *, #3807, .T. ) ;
#827 = PRESENTATION_STYLE_ASSIGNMENT (( #2654 ) ) ;
#828 = CARTESIAN_POINT ( 'NONE',  ( 0.2516369767387244827, 0.2147073940003228210, -0.01000000000000000021 ) ) ;
#829 =( NAMED_UNIT ( * ) SI_UNIT ( $, .STERADIAN. ) SOLID_ANGLE_UNIT ( ) );
#830 = CARTESIAN_POINT ( 'NONE',  ( 0.0000000000000000000, -0.1462348779815314248, -0.01000000000000000021 ) ) ;
#831 = FILL_AREA_STYLE ('',( #4478 ) ) ;
#832 = CARTESIAN_POINT ( 'NONE',  ( 1.500000000000000222, 1.500000000000000000, 0.7299999999999999822 ) ) ;
#833 = SURFACE_STYLE_FILL_AREA ( #327 ) ;
#834 = CARTESIAN_POINT ( 'NONE',  ( 0.3399999999999999134, 1.510000000000000009, 0.2000000000000000111 ) ) ;
#835 = SURFACE_STYLE_FILL_AREA ( #3846 ) ;
#836 = FILL_AREA_STYLE ('',( #798 ) ) ;
#837 = EDGE_LOOP ( 'NONE', ( #5754, #5331, #2310, #6873, #1253, #853 ) ) ;
#838 = CARTESIAN_POINT ( 'NONE',  ( -0.7315993125941080422, 0.1387975398072065214, -0.01000000000000000021 ) ) ;
#839 = CARTESIAN_POINT ( 'NONE',  ( 1.010000000000000009, 1.510000000000000009, 0.2000000000000000111 ) ) ;
#840 = SURFACE_SIDE_STYLE ('',( #6743 ) ) ;
#841 = MECHANICAL_DESIGN_GEOMETRIC_PRESENTATION_REPRESENTATION (  '', ( #1819 ), #7166 ) ;
#842 =( LENGTH_UNIT ( ) NAMED_UNIT ( * ) SI_UNIT ( .MILLI., .METRE. ) );
#843 = STYLED_ITEM ( 'NONE', ( #7471 ), #6543 ) ;
#844 = LINE ( 'NONE', #6190, #87 ) ;
#845 = SURFACE_SIDE_STYLE ('',( #7206 ) ) ;
#846 =( GEOMETRIC_REPRESENTATION_CONTEXT ( 3 ) GLOBAL_UNCERTAINTY_ASSIGNED_CONTEXT ( ( #5044 ) ) GLOBAL_UNIT_ASSIGNED_CONTEXT ( ( #1461, #6072, #886 ) ) REPRESENTATION_CONTEXT ( 'NONE', 'WORKASPACE' ) );
#847 = ORIENTED_EDGE ( 'NONE', *, *, #1746, .T. ) ;
#848 = ORIENTED_EDGE ( 'NONE', *, *, #111, .T. ) ;
#849 = CARTESIAN_POINT ( 'NONE',  ( 0.2249999999999998945, 1.215000000000000080, 0.2000000000000000111 ) ) ;
#850 = STYLED_ITEM ( 'NONE', ( #4895 ), #5365 ) ;
#851 = ADVANCED_FACE ( 'NONE', ( #5268 ), #4796, .T. ) ;
#852 =( NAMED_UNIT ( * ) PLANE_ANGLE_UNIT ( ) SI_UNIT ( $, .RADIAN. ) );
#853 = ORIENTED_EDGE ( 'NONE', *, *, #4099, .F. ) ;
#854 = AXIS2_PLACEMENT_3D ( 'NONE', #4096, #3014, #1795 ) ;
#855 = COLOUR_RGB ( '',0.7529411764705882248, 0.7529411764705882248, 0.7529411764705882248 ) ;
#856 = LINE ( 'NONE', #1370, #1482 ) ;
#857 = VECTOR ( 'NONE', #4154, 1000.000000000000000 ) ;
#858 = VECTOR ( 'NONE', #2118, 1000.000000000000000 ) ;
#859 = DIRECTION ( 'NONE',  ( -0.0000000000000000000, 0.0000000000000000000, -1.000000000000000000 ) ) ;
#860 = ORIENTED_EDGE ( 'NONE', *, *, #150, .F. ) ;
#861 = DIRECTION ( 'NONE',  ( 1.000000000000000000, 0.0000000000000000000, -0.0000000000000000000 ) ) ;
#862 = CARTESIAN_POINT ( 'NONE',  ( -1.010000000000000009, 0.0000000000000000000, 0.0000000000000000000 ) ) ;
#863 = CARTESIAN_POINT ( 'NONE',  ( -1.189999999999999947, 0.8250000000000000666, -0.02000000000000000042 ) ) ;
#864 = STYLED_ITEM ( 'NONE', ( #6762 ), #7519 ) ;
#865 = VECTOR ( 'NONE', #3973, 1000.000000000000000 ) ;
#866 = PRESENTATION_LAYER_ASSIGNMENT (  '', '', ( #5866 ) ) ;
#867 = EDGE_LOOP ( 'NONE', ( #2487, #2100, #5593, #6182, #6937, #2106 ) ) ;
#868 = SURFACE_STYLE_FILL_AREA ( #2741 ) ;
#869 = CARTESIAN_POINT ( 'NONE',  ( -0.6700080107190642398, -0.03403975603031189623, -0.02000000000000000042 ) ) ;
#870 = UNCERTAINTY_MEASURE_WITH_UNIT (LENGTH_MEASURE( 1.000000000000000082E-05 ), #1612, 'distance_accuracy_value', 'NONE');
#871 = ADVANCED_FACE ( 'NONE', ( #1890 ), #4210, .T. ) ;
#872 = EDGE_CURVE ( 'NONE', #3453, #5294, #5392, .T. ) ;
#873 = SURFACE_STYLE_FILL_AREA ( #6103 ) ;
#874 = DIRECTION ( 'NONE',  ( 1.000000000000000000, 0.0000000000000000000, 0.0000000000000000000 ) ) ;
#875 = SURFACE_SIDE_STYLE ('',( #7161 ) ) ;
#876 = ORIENTED_EDGE ( 'NONE', *, *, #2881, .F. ) ;
#877 = DIRECTION ( 'NONE',  ( 0.0000000000000000000, 0.0000000000000000000, 1.000000000000000000 ) ) ;
#878 = DIRECTION ( 'NONE',  ( -0.0000000000000000000, 0.0000000000000000000, -1.000000000000000000 ) ) ;
#879 = LINE ( 'NONE', #3773, #356 ) ;
#880 = CARTESIAN_POINT ( 'NONE',  ( 0.3657076879803294323, -0.1742307636193598241, -0.02000000000000000042 ) ) ;
#881 = CARTESIAN_POINT ( 'NONE',  ( -0.5600000000000000533, 1.510000000000000009, 0.2000000000000000111 ) ) ;
#882 = SURFACE_SIDE_STYLE ('',( #187 ) ) ;
#883 =( LENGTH_UNIT ( ) NAMED_UNIT ( * ) SI_UNIT ( .MILLI., .METRE. ) );
#884 = PRESENTATION_LAYER_ASSIGNMENT (  '', '', ( #1498 ) ) ;
#885 = ORIENTED_EDGE ( 'NONE', *, *, #7284, .F. ) ;
#886 =( NAMED_UNIT ( * ) SI_UNIT ( $, .STERADIAN. ) SOLID_ANGLE_UNIT ( ) );
#887 = FACE_OUTER_BOUND ( 'NONE', #1432, .T. ) ;
#888 = VERTEX_POINT ( 'NONE', #3762 ) ;
#889 = LINE ( 'NONE', #1501, #370 ) ;
#890 = PRESENTATION_STYLE_ASSIGNMENT (( #776 ) ) ;
#891 = COLOUR_RGB ( '',0.7529411764705882248, 0.7529411764705882248, 0.7529411764705882248 ) ;
#892 = VERTEX_POINT ( 'NONE', #3840 ) ;
#893 = DIRECTION ( 'NONE',  ( 0.0000000000000000000, 0.0000000000000000000, 1.000000000000000000 ) ) ;
#894 = PRESENTATION_LAYER_ASSIGNMENT (  '', '', ( #7458 ) ) ;
#895 = UNCERTAINTY_MEASURE_WITH_UNIT (LENGTH_MEASURE( 1.000000000000000082E-05 ), #294, 'distance_accuracy_value', 'NONE');
#896 = DIRECTION ( 'NONE',  ( 1.000000000000000000, 0.0000000000000000000, 0.0000000000000000000 ) ) ;
#897 = COLOUR_RGB ( '',0.7529411764705882248, 0.7529411764705882248, 0.7529411764705882248 ) ;
#898 = FILL_AREA_STYLE_COLOUR ( '', #3350 ) ;
#899 = ORIENTED_EDGE ( 'NONE', *, *, #1162, .T. ) ;
#900 = FACE_OUTER_BOUND ( 'NONE', #2577, .T. ) ;
#901 = LINE ( 'NONE', #3761, #5731 ) ;
#902 = CARTESIAN_POINT ( 'NONE',  ( -1.499999999999999778, 1.500000000000000000, 0.1999999999999999833 ) ) ;
#903 = CARTESIAN_POINT ( 'NONE',  ( -0.5300544269266496133, 0.03632197112974424463, -0.01000000000000000021 ) ) ;
#904 = PRESENTATION_STYLE_ASSIGNMENT (( #2696 ) ) ;
#905 = VECTOR ( 'NONE', #1850, 1000.000000000000000 ) ;
#906 = ORIENTED_EDGE ( 'NONE', *, *, #1511, .F. ) ;
#907 =( NAMED_UNIT ( * ) PLANE_ANGLE_UNIT ( ) SI_UNIT ( $, .RADIAN. ) );
#908 = CARTESIAN_POINT ( 'NONE',  ( 0.4059479345116168703, -0.0002540919671569435794, -0.02000000000000000042 ) ) ;
#909 =( LENGTH_UNIT ( ) NAMED_UNIT ( * ) SI_UNIT ( .MILLI., .METRE. ) );
#910 = CARTESIAN_POINT ( 'NONE',  ( -0.3400000000000000799, 1.510000000000000009, 0.2000000000000000111 ) ) ;
#911 = VERTEX_POINT ( 'NONE', #2517 ) ;
#912 = EDGE_CURVE ( 'NONE', #1002, #2036, #279, .T. ) ;
#913 = ADVANCED_FACE ( 'NONE', ( #1410 ), #4838, .T. ) ;
#914 = DIRECTION ( 'NONE',  ( -1.000000000000000000, -0.0000000000000000000, -0.0000000000000000000 ) ) ;
#915 = CARTESIAN_POINT ( 'NONE',  ( 0.2308576298890842315, 0.1693518536945711472, -0.01000000000000000021 ) ) ;
#916 = DIRECTION ( 'NONE',  ( 0.0000000000000000000, -1.000000000000000000, 0.0000000000000000000 ) ) ;
#917 = STYLED_ITEM ( 'NONE', ( #6725 ), #4110 ) ;
#918 = ORIENTED_EDGE ( 'NONE', *, *, #5419, .T. ) ;
#919 = FILL_AREA_STYLE ('',( #5592 ) ) ;
#920 = FILL_AREA_STYLE ('',( #3818 ) ) ;
#921 = EDGE_LOOP ( 'NONE', ( #6897, #1495, #7264, #1038, #4832, #1043 ) ) ;
#922 = EDGE_CURVE ( 'NONE', #3888, #3563, #6655, .T. ) ;
#923 = FACE_OUTER_BOUND ( 'NONE', #3770, .T. ) ;
#924 = COLOUR_RGB ( '',0.0000000000000000000, 0.0000000000000000000, 0.0000000000000000000 ) ;
#925 =( NAMED_UNIT ( * ) PLANE_ANGLE_UNIT ( ) SI_UNIT ( $, .RADIAN. ) );
#926 = ORIENTED_EDGE ( 'NONE', *, *, #6415, .T. ) ;
#927 = CARTESIAN_POINT ( 'NONE',  ( -0.3980413114374459216, 0.1512842095115872754, -0.02000000000000000042 ) ) ;
#928 = MECHANICAL_DESIGN_GEOMETRIC_PRESENTATION_REPRESENTATION (  '', ( #2013 ), #5164 ) ;
#929 = ORIENTED_EDGE ( 'NONE', *, *, #4024, .T. ) ;
#930 = CARTESIAN_POINT ( 'NONE',  ( -0.6183311814507717052, -0.1901373170059216522, -0.02000000000000000042 ) ) ;
#931 = CARTESIAN_POINT ( 'NONE',  ( -0.6750000000000000444, 1.215000000000000080, -0.02000000000000000042 ) ) ;
#932 = ORIENTED_EDGE ( 'NONE', *, *, #166, .T. ) ;
#933 = UNCERTAINTY_MEASURE_WITH_UNIT (LENGTH_MEASURE( 1.000000000000000082E-05 ), #2862, 'distance_accuracy_value', 'NONE');
#934 =( GEOMETRIC_REPRESENTATION_CONTEXT ( 3 ) GLOBAL_UNCERTAINTY_ASSIGNED_CONTEXT ( ( #2622 ) ) GLOBAL_UNIT_ASSIGNED_CONTEXT ( ( #2524, #7044, #2448 ) ) REPRESENTATION_CONTEXT ( 'NONE', 'WORKASPACE' ) );
#935 = VECTOR ( 'NONE', #4245, 1000.000000000000000 ) ;
#936 =( LENGTH_UNIT ( ) NAMED_UNIT ( * ) SI_UNIT ( .MILLI., .METRE. ) );
#937 = CARTESIAN_POINT ( 'NONE',  ( 0.1621566234272772411, 0.0000000000000000000, -0.01000000000000000021 ) ) ;
#938 = ORIENTED_EDGE ( 'NONE', *, *, #490, .F. ) ;
#939 = DIRECTION ( 'NONE',  ( 0.3363908276654490881, -0.9417224702971432881, 0.0000000000000000000 ) ) ;
#940 =( LENGTH_UNIT ( ) NAMED_UNIT ( * ) SI_UNIT ( .MILLI., .METRE. ) );
#941 = DIRECTION ( 'NONE',  ( -1.000000000000000000, 0.0000000000000000000, 0.0000000000000000000 ) ) ;
#942 = FACE_OUTER_BOUND ( 'NONE', #2030, .T. ) ;
#943 = EDGE_LOOP ( 'NONE', ( #7469, #3293, #7138, #1608 ) ) ;
#944 = SURFACE_STYLE_USAGE ( .BOTH. , #2086 ) ;
#945 = CARTESIAN_POINT ( 'NONE',  ( 1.010000000000000009, -1.510000000000000009, -0.02000000000000000042 ) ) ;
#946 = LINE ( 'NONE', #5007, #616 ) ;
#947 = UNCERTAINTY_MEASURE_WITH_UNIT (LENGTH_MEASURE( 1.000000000000000082E-05 ), #1871, 'distance_accuracy_value', 'NONE');
#948 = CARTESIAN_POINT ( 'NONE',  ( -0.7900000000000001465, 1.510000000000000009, 0.2000000000000000111 ) ) ;
#949 = EDGE_CURVE ( 'NONE', #4423, #4331, #322, .T. ) ;
#950 = EDGE_CURVE ( 'NONE', #1284, #5521, #6055, .T. ) ;
#951 = CARTESIAN_POINT ( 'NONE',  ( 0.03044930635410657283, 0.03425292689651740496, -0.02000000000000000042 ) ) ;
#952 = SURFACE_SIDE_STYLE ('',( #3352 ) ) ;
#953 = VECTOR ( 'NONE', #1404, 1000.000000000000000 ) ;
#954 = ORIENTED_EDGE ( 'NONE', *, *, #3323, .T. ) ;
#955 = CARTESIAN_POINT ( 'NONE',  ( 0.2927402615236415762, -0.1945576512862258745, -0.02000000000000000042 ) ) ;
#956 = ORIENTED_EDGE ( 'NONE', *, *, #3098, .T. ) ;
#957 =( NAMED_UNIT ( * ) SI_UNIT ( $, .STERADIAN. ) SOLID_ANGLE_UNIT ( ) );
#958 = DIRECTION ( 'NONE',  ( 0.0000000000000000000, 0.0000000000000000000, -1.000000000000000000 ) ) ;
#959 = VERTEX_POINT ( 'NONE', #2656 ) ;
#960 = FILL_AREA_STYLE_COLOUR ( '', #4975 ) ;
#961 = AXIS2_PLACEMENT_3D ( 'NONE', #990, #3312, #7417 ) ;
#962 = EDGE_CURVE ( 'NONE', #6791, #7437, #3498, .T. ) ;
#963 = VERTEX_POINT ( 'NONE', #1928 ) ;
#964 = FILL_AREA_STYLE_COLOUR ( '', #4262 ) ;
#965 = SURFACE_STYLE_USAGE ( .BOTH. , #777 ) ;
#966 = VERTEX_POINT ( 'NONE', #3197 ) ;
#967 = DIRECTION ( 'NONE',  ( 1.000000000000000000, 0.0000000000000000000, 0.0000000000000000000 ) ) ;
#968 = FILL_AREA_STYLE ('',( #1931 ) ) ;
#969 = FACE_OUTER_BOUND ( 'NONE', #921, .T. ) ;
#970 = ORIENTED_EDGE ( 'NONE', *, *, #55, .T. ) ;
#971 = SURFACE_STYLE_FILL_AREA ( #3874 ) ;
#972 = MECHANICAL_DESIGN_GEOMETRIC_PRESENTATION_REPRESENTATION (  '', ( #1702 ), #1943 ) ;
#973 = FILL_AREA_STYLE_COLOUR ( '', #492 ) ;
#974 = FILL_AREA_STYLE_COLOUR ( '', #3674 ) ;
#975 = CARTESIAN_POINT ( 'NONE',  ( 0.1657087776783807698, 0.1472926058492065871, -0.01000000000000000021 ) ) ;
#976 = UNCERTAINTY_MEASURE_WITH_UNIT (LENGTH_MEASURE( 1.000000000000000082E-05 ), #909, 'distance_accuracy_value', 'NONE');
#977 = PRESENTATION_STYLE_ASSIGNMENT (( #3663 ) ) ;
#978 = CARTESIAN_POINT ( 'NONE',  ( -0.1100000000000000699, 1.215000000000000080, 0.2000000000000000111 ) ) ;
#979 =( GEOMETRIC_REPRESENTATION_CONTEXT ( 3 ) GLOBAL_UNCERTAINTY_ASSIGNED_CONTEXT ( ( #5188 ) ) GLOBAL_UNIT_ASSIGNED_CONTEXT ( ( #434, #2770, #3452 ) ) REPRESENTATION_CONTEXT ( 'NONE', 'WORKASPACE' ) );
#980 = VECTOR ( 'NONE', #4543, 1000.000000000000000 ) ;
#981 = STYLED_ITEM ( 'NONE', ( #1270 ), #2687 ) ;
#982 = ORIENTED_EDGE ( 'NONE', *, *, #962, .F. ) ;
#983 = DIRECTION ( 'NONE',  ( 0.0000000000000000000, -1.000000000000000000, 0.0000000000000000000 ) ) ;
#984 = PRESENTATION_STYLE_ASSIGNMENT (( #2235 ) ) ;
#985 = PRESENTATION_STYLE_ASSIGNMENT (( #2853 ) ) ;
#986 = PRESENTATION_STYLE_ASSIGNMENT (( #7378 ) ) ;
#987 = CARTESIAN_POINT ( 'NONE',  ( -0.5303647565209330672, 0.007338136996416594511, -0.01000000000000000021 ) ) ;
#988 = MECHANICAL_DESIGN_GEOMETRIC_PRESENTATION_REPRESENTATION (  '', ( #4140 ), #3 ) ;
#989 = STYLED_ITEM ( 'NONE', ( #3288 ), #3575 ) ;
#990 = CARTESIAN_POINT ( 'NONE',  ( -0.1305263034019910895, -0.1901373170059216522, -0.02000000000000000042 ) ) ;
#991 = VECTOR ( 'NONE', #2432, 1000.000000000000000 ) ;
#992 =( LENGTH_UNIT ( ) NAMED_UNIT ( * ) SI_UNIT ( .MILLI., .METRE. ) );
#993 = EDGE_CURVE ( 'NONE', #3599, #7343, #7291, .T. ) ;
#994 = VERTEX_POINT ( 'NONE', #3949 ) ;
#995 = EDGE_LOOP ( 'NONE', ( #2876, #7480, #6745, #1645 ) ) ;
#996 = CARTESIAN_POINT ( 'NONE',  ( -0.4220930526358548929, 0.1895512673978209661, -0.02000000000000000042 ) ) ;
#997 = CARTESIAN_POINT ( 'NONE',  ( 0.1621566234272772411, 0.1452285366526149535, -0.02000000000000000042 ) ) ;
#998 = VECTOR ( 'NONE', #1715, 1000.000000000000000 ) ;
#999 =( LENGTH_UNIT ( ) NAMED_UNIT ( * ) SI_UNIT ( .MILLI., .METRE. ) );
#1000 = DIRECTION ( 'NONE',  ( 1.000000000000000000, 0.0000000000000000000, 0.0000000000000000000 ) ) ;
#1001 = B_SPLINE_CURVE_WITH_KNOTS ( 'NONE', 3,
 ( #4174, #2896, #1303, #4724, #6998, #4650, #1227, #6399, #1189, #5939, #5817, #595, #2936, #5271, #715, #5897, #3050, #1793, #5354 ),
 .UNSPECIFIED., .F., .F.,
 ( 4, 1, 1, 1, 1, 1, 1, 1, 1, 1, 1, 1, 1, 1, 1, 1, 4 ),
 ( 0.0000000000000000000, 0.07082657255516341954, 0.1381690332797999854, 0.2024753315338422566, 0.2639737544135198899, 0.3233803205980371187, 0.3817976227131854583, 0.4393900745193891066, 0.4969027245459975983, 0.5546621696093703147, 0.6127418784921975226, 0.6715388363911724001, 0.7316557220901981351, 0.7942978116139531863, 0.8594822049793585661, 0.9276813254527899177, 1.000000000000000000 ),
 .UNSPECIFIED. ) ;
#1002 = VERTEX_POINT ( 'NONE', #4527 ) ;
#1003 = MECHANICAL_DESIGN_GEOMETRIC_PRESENTATION_REPRESENTATION (  '', ( #4886 ), #6245 ) ;
#1004 = ORIENTED_EDGE ( 'NONE', *, *, #6136, .F. ) ;
#1005 = CARTESIAN_POINT ( 'NONE',  ( -0.1100000000000000699, -1.510000000000000009, -0.02000000000000000042 ) ) ;
#1006 = LINE ( 'NONE', #2762, #732 ) ;
#1007 = VERTEX_POINT ( 'NONE', #435 ) ;
#1008 =( NAMED_UNIT ( * ) PLANE_ANGLE_UNIT ( ) SI_UNIT ( $, .RADIAN. ) );
#1009 = DIRECTION ( 'NONE',  ( -0.9353882635801357148, -0.3536223923290756632, 0.0000000000000000000 ) ) ;
#1010 = ADVANCED_FACE ( 'NONE', ( #6841 ), #3268, .T. ) ;
#1011 = PRESENTATION_STYLE_ASSIGNMENT (( #5979 ) ) ;
#1012 = DIRECTION ( 'NONE',  ( -1.000000000000000000, 0.0000000000000000000, 0.0000000000000000000 ) ) ;
#1013 = DIRECTION ( 'NONE',  ( 0.0000000000000000000, 0.0000000000000000000, -1.000000000000000000 ) ) ;
#1014 = EDGE_LOOP ( 'NONE', ( #7392, #6918, #5305, #1581, #2556 ) ) ;
#1015 = CARTESIAN_POINT ( 'NONE',  ( 0.03044930635410657283, -0.1462348779815314248, -0.02000000000000000042 ) ) ;
#1016 = CARTESIAN_POINT ( 'NONE',  ( 0.2117532131209990398, -0.1887841355084664552, -0.02000000000000000042 ) ) ;
#1017 = UNCERTAINTY_MEASURE_WITH_UNIT (LENGTH_MEASURE( 1.000000000000000082E-05 ), #744, 'distance_accuracy_value', 'NONE');
#1018 = CARTESIAN_POINT ( 'NONE',  ( -0.3845017482041942491, 0.2027046767077306799, -0.01000000000000000021 ) ) ;
#1019 = SURFACE_STYLE_FILL_AREA ( #324 ) ;
#1020 = ADVANCED_FACE ( 'NONE', ( #5613 ), #7335, .T. ) ;
#1021 = ORIENTED_EDGE ( 'NONE', *, *, #7180, .F. ) ;
#1022 = FACE_OUTER_BOUND ( 'NONE', #2700, .T. ) ;
#1023 = DIRECTION ( 'NONE',  ( 0.0000000000000000000, 0.0000000000000000000, -1.000000000000000000 ) ) ;
#1024 = B_SPLINE_SURFACE_WITH_KNOTS ( 'NONE', 3, 1, ( 
 ( #4244, #712 ),
 ( #672, #756 ),
 ( #1263, #4131 ),
 ( #3007, #3046 ),
 ( #5350, #4721 ),
 ( #207, #5308 ),
 ( #2434, #4758 ),
 ( #1858, #2516 ),
 ( #1927, #7077 ),
 ( #828, #6507 ),
 ( #7186, #139 ) ),
 .UNSPECIFIED., .F., .F., .F.,
 ( 4, 1, 1, 1, 1, 1, 1, 1, 4 ),
 ( 2, 2 ),
 ( 0.0000000000000000000, 0.1072433443581908286, 0.2186397936872844783, 0.3348469173622871109, 0.4568188764649175893, 0.5834756340711708678, 0.7165573890802698909, 0.8548131335275303000, 1.000000000000000000 ),
 ( 0.0000000000000000000, 1.000000000000000000 ),
 .UNSPECIFIED. ) ;
#1025 = CARTESIAN_POINT ( 'NONE',  ( 1.010000000000000009, -1.215000000000000080, -0.02000000000000000042 ) ) ;
#1026 = VECTOR ( 'NONE', #1171, 1000.000000000000000 ) ;
#1027 = STYLED_ITEM ( 'NONE', ( #1556 ), #676 ) ;
#1028 = UNCERTAINTY_MEASURE_WITH_UNIT (LENGTH_MEASURE( 1.000000000000000082E-05 ), #5697, 'distance_accuracy_value', 'NONE');
#1029 = CARTESIAN_POINT ( 'NONE',  ( -1.240000000000000213, 0.0000000000000000000, 0.0000000000000000000 ) ) ;
#1030 = VERTEX_POINT ( 'NONE', #5337 ) ;
#1031 = SURFACE_STYLE_USAGE ( .BOTH. , #1073 ) ;
#1032 = ORIENTED_EDGE ( 'NONE', *, *, #7473, .T. ) ;
#1033 = CARTESIAN_POINT ( 'NONE',  ( -1.010000000000000009, 1.215000000000000080, 0.2000000000000000111 ) ) ;
#1034 = SURFACE_STYLE_FILL_AREA ( #6223 ) ;
#1035 = VERTEX_POINT ( 'NONE', #2470 ) ;
#1036 = CARTESIAN_POINT ( 'NONE',  ( -0.5076428370892442921, 0.1123048348530916868, -0.02000000000000000042 ) ) ;
#1037 = VECTOR ( 'NONE', #4315, 1000.000000000000000 ) ;
#1038 = ORIENTED_EDGE ( 'NONE', *, *, #4216, .T. ) ;
#1039 = DIRECTION ( 'NONE',  ( -1.000000000000000000, 0.0000000000000000000, 0.0000000000000000000 ) ) ;
#1040 = MECHANICAL_DESIGN_GEOMETRIC_PRESENTATION_REPRESENTATION (  '', ( #3354 ), #803 ) ;
#1041 = CARTESIAN_POINT ( 'NONE',  ( -0.1110141082800398804, 0.03425292689651740496, -0.02000000000000000042 ) ) ;
#1042 = UNCERTAINTY_MEASURE_WITH_UNIT (LENGTH_MEASURE( 1.000000000000000082E-05 ), #2773, 'distance_accuracy_value', 'NONE');
#1043 = ORIENTED_EDGE ( 'NONE', *, *, #449, .T. ) ;
#1044 = VECTOR ( 'NONE', #3926, 1000.000000000000000 ) ;
#1045 = ADVANCED_FACE ( 'NONE', ( #5884 ), #5700, .T. ) ;
#1046 = DIRECTION ( 'NONE',  ( 0.0000000000000000000, 1.000000000000000000, 0.0000000000000000000 ) ) ;
#1047 = COLOUR_RGB ( '',0.0000000000000000000, 0.0000000000000000000, 0.0000000000000000000 ) ;
#1048 =( GEOMETRIC_REPRESENTATION_CONTEXT ( 3 ) GLOBAL_UNCERTAINTY_ASSIGNED_CONTEXT ( ( #5505 ) ) GLOBAL_UNIT_ASSIGNED_CONTEXT ( ( #44, #1805, #7053 ) ) REPRESENTATION_CONTEXT ( 'NONE', 'WORKASPACE' ) );
#1049 =( LENGTH_UNIT ( ) NAMED_UNIT ( * ) SI_UNIT ( .MILLI., .METRE. ) );
#1050 =( GEOMETRIC_REPRESENTATION_CONTEXT ( 3 ) GLOBAL_UNCERTAINTY_ASSIGNED_CONTEXT ( ( #5124 ) ) GLOBAL_UNIT_ASSIGNED_CONTEXT ( ( #2447, #6408, #4727 ) ) REPRESENTATION_CONTEXT ( 'NONE', 'WORKASPACE' ) );
#1051 = ORIENTED_EDGE ( 'NONE', *, *, #3745, .F. ) ;
#1052 = EDGE_CURVE ( 'NONE', #1527, #2036, #4673, .T. ) ;
#1053 = FILL_AREA_STYLE_COLOUR ( '', #1631 ) ;
#1054 = EDGE_CURVE ( 'NONE', #5036, #2475, #5926, .T. ) ;
#1055 = ORIENTED_EDGE ( 'NONE', *, *, #3000, .T. ) ;
#1056 =( NAMED_UNIT ( * ) SI_UNIT ( $, .STERADIAN. ) SOLID_ANGLE_UNIT ( ) );
#1057 = VECTOR ( 'NONE', #726, 1000.000000000000000 ) ;
#1058 = FACE_OUTER_BOUND ( 'NONE', #6765, .T. ) ;
#1059 = VECTOR ( 'NONE', #6842, 1000.000000000000000 ) ;
#1060 = CARTESIAN_POINT ( 'NONE',  ( 1.500000000000000222, 1.500000000000000000, 0.0000000000000000000 ) ) ;
#1061 = VERTEX_POINT ( 'NONE', #1740 ) ;
#1062 = STYLED_ITEM ( 'NONE', ( #689 ), #2256 ) ;
#1063 = SURFACE_STYLE_FILL_AREA ( #6805 ) ;
#1064 = VECTOR ( 'NONE', #7078, 1000.000000000000000 ) ;
#1065 =( NAMED_UNIT ( * ) PLANE_ANGLE_UNIT ( ) SI_UNIT ( $, .RADIAN. ) );
#1066 = FILL_AREA_STYLE ('',( #1632 ) ) ;
#1067 = ADVANCED_FACE ( 'NONE', ( #4054 ), #4852, .T. ) ;
#1068 = DIRECTION ( 'NONE',  ( -0.0000000000000000000, 0.0000000000000000000, 1.000000000000000000 ) ) ;
#1069 = CARTESIAN_POINT ( 'NONE',  ( -0.4442392103361721967, 0.1178507096355062567, -0.01000000000000000021 ) ) ;
#1070 = CARTESIAN_POINT ( 'NONE',  ( 0.2722175990370334087, -0.1950153657864094614, -0.01000000000000000021 ) ) ;
#1071 = CARTESIAN_POINT ( 'NONE',  ( 0.3827332506991074634, 0.1019327978136949642, -0.02000000000000000042 ) ) ;
#1072 = ORIENTED_EDGE ( 'NONE', *, *, #7461, .F. ) ;
#1073 = SURFACE_SIDE_STYLE ('',( #6253 ) ) ;
#1074 = DIRECTION ( 'NONE',  ( -0.0000000000000000000, -1.000000000000000000, -0.0000000000000000000 ) ) ;
#1075 =( GEOMETRIC_REPRESENTATION_CONTEXT ( 3 ) GLOBAL_UNCERTAINTY_ASSIGNED_CONTEXT ( ( #795 ) ) GLOBAL_UNIT_ASSIGNED_CONTEXT ( ( #263, #2022, #4853 ) ) REPRESENTATION_CONTEXT ( 'NONE', 'WORKASPACE' ) );
#1076 = ORIENTED_EDGE ( 'NONE', *, *, #4502, .F. ) ;
#1077 =( NAMED_UNIT ( * ) SI_UNIT ( $, .STERADIAN. ) SOLID_ANGLE_UNIT ( ) );
#1078 = SURFACE_SIDE_STYLE ('',( #6931 ) ) ;
#1079 = VERTEX_POINT ( 'NONE', #3318 ) ;
#1080 = CARTESIAN_POINT ( 'NONE',  ( -0.3269232333967622139, 0.1658430463020504342, -0.02000000000000000042 ) ) ;
#1081 = EDGE_LOOP ( 'NONE', ( #2138, #1383, #4552, #4391 ) ) ;
#1082 = CARTESIAN_POINT ( 'NONE',  ( 0.4059479345116168703, -0.0002540919671569435794, -0.01000000000000000021 ) ) ;
#1083 = PRESENTATION_STYLE_ASSIGNMENT (( #3974 ) ) ;
#1084 = ORIENTED_EDGE ( 'NONE', *, *, #2828, .T. ) ;
#1085 = DIRECTION ( 'NONE',  ( 0.0000000000000000000, 0.0000000000000000000, -1.000000000000000000 ) ) ;
#1086 = DIRECTION ( 'NONE',  ( 1.000000000000000000, 0.0000000000000000000, -0.0000000000000000000 ) ) ;
#1087 =( NAMED_UNIT ( * ) SI_UNIT ( $, .STERADIAN. ) SOLID_ANGLE_UNIT ( ) );
#1088 = FACE_OUTER_BOUND ( 'NONE', #146, .T. ) ;
#1089 = EDGE_CURVE ( 'NONE', #534, #1678, #6610, .T. ) ;
#1090 = ORIENTED_EDGE ( 'NONE', *, *, #3791, .T. ) ;
#1091 = SURFACE_SIDE_STYLE ('',( #4015 ) ) ;
#1092 = ORIENTED_EDGE ( 'NONE', *, *, #3754, .T. ) ;
#1093 = SURFACE_STYLE_FILL_AREA ( #6876 ) ;
#1094 = VECTOR ( 'NONE', #2481, 1000.000000000000000 ) ;
#1095 = CARTESIAN_POINT ( 'NONE',  ( -0.7404281279891958834, 0.1445599769469426699, -0.02000000000000000042 ) ) ;
#1096 = CARTESIAN_POINT ( 'NONE',  ( 0.4520456550992995592, 0.06871807789104632247, -0.02000000000000000042 ) ) ;
#1097 = ORIENTED_EDGE ( 'NONE', *, *, #6489, .F. ) ;
#1098 = VECTOR ( 'NONE', #1424, 1000.000000000000000 ) ;
#1099 = PRESENTATION_LAYER_ASSIGNMENT (  '', '', ( #1696 ) ) ;
#1100 = SURFACE_STYLE_FILL_AREA ( #6318 ) ;
#1101 = CARTESIAN_POINT ( 'NONE',  ( 0.4004709216547847617, 0.05797834413763344741, -0.009999999999999995004 ) ) ;
#1102 = CARTESIAN_POINT ( 'NONE',  ( -1.010000000000000009, 1.510000000000000009, -0.02000000000000000042 ) ) ;
#1103 = SURFACE_STYLE_USAGE ( .BOTH. , #6285 ) ;
#1104 = STYLED_ITEM ( 'NONE', ( #329 ), #4597 ) ;
#1105 = MECHANICAL_DESIGN_GEOMETRIC_PRESENTATION_REPRESENTATION (  '', ( #3174 ), #4247 ) ;
#1106 =( NAMED_UNIT ( * ) PLANE_ANGLE_UNIT ( ) SI_UNIT ( $, .RADIAN. ) );
#1107 = EDGE_CURVE ( 'NONE', #3261, #1992, #2134, .T. ) ;
#1108 = DIRECTION ( 'NONE',  ( -1.000000000000000000, 0.0000000000000000000, 0.0000000000000000000 ) ) ;
#1109 =( GEOMETRIC_REPRESENTATION_CONTEXT ( 3 ) GLOBAL_UNCERTAINTY_ASSIGNED_CONTEXT ( ( #1698 ) ) GLOBAL_UNIT_ASSIGNED_CONTEXT ( ( #2836, #5684, #5139 ) ) REPRESENTATION_CONTEXT ( 'NONE', 'WORKASPACE' ) );
#1110 =( GEOMETRIC_REPRESENTATION_CONTEXT ( 3 ) GLOBAL_UNCERTAINTY_ASSIGNED_CONTEXT ( ( #933 ) ) GLOBAL_UNIT_ASSIGNED_CONTEXT ( ( #2862, #6325, #7490 ) ) REPRESENTATION_CONTEXT ( 'NONE', 'WORKASPACE' ) );
#1111 = DIRECTION ( 'NONE',  ( 0.3222024856061125875, -0.9466707760722534726, 0.0000000000000000000 ) ) ;
#1112 = CIRCLE ( 'NONE', #7422, 0.1150000000000000883 ) ;
#1113 = CARTESIAN_POINT ( 'NONE',  ( -0.2250000000000000888, -1.215000000000000080, 0.0000000000000000000 ) ) ;
#1114 = AXIS2_PLACEMENT_3D ( 'NONE', #1204, #3519, #5830 ) ;
#1115 = ORIENTED_EDGE ( 'NONE', *, *, #4680, .F. ) ;
#1116 = DIRECTION ( 'NONE',  ( 0.0000000000000000000, -1.000000000000000000, 0.0000000000000000000 ) ) ;
#1117 = B_SPLINE_CURVE_WITH_KNOTS ( 'NONE', 3,
 ( #6781, #6814, #3815, #2782, #6146, #4419, #5085, #915, #4376, #5625, #2015 ),
 .UNSPECIFIED., .F., .F.,
 ( 4, 1, 1, 1, 1, 1, 1, 1, 4 ),
 ( 0.0000000000000000000, 0.1252796967356259727, 0.2494199707420513001, 0.3733567994928199130, 0.4966812787822861286, 0.6202029157439825635, 0.7450863201614565945, 0.8712691950190978307, 1.000000000000000000 ),
 .UNSPECIFIED. ) ;
#1118 = CARTESIAN_POINT ( 'NONE',  ( -0.7900000000000001465, 1.215000000000000080, 0.2000000000000000111 ) ) ;
#1119 = EDGE_CURVE ( 'NONE', #3987, #4579, #779, .T. ) ;
#1120 = MECHANICAL_DESIGN_GEOMETRIC_PRESENTATION_REPRESENTATION (  '', ( #6110 ), #5357 ) ;
#1121 = MECHANICAL_DESIGN_GEOMETRIC_PRESENTATION_REPRESENTATION (  '', ( #131 ), #7410 ) ;
#1122 =( GEOMETRIC_REPRESENTATION_CONTEXT ( 3 ) GLOBAL_UNCERTAINTY_ASSIGNED_CONTEXT ( ( #5809 ) ) GLOBAL_UNIT_ASSIGNED_CONTEXT ( ( #2692, #3339, #4360 ) ) REPRESENTATION_CONTEXT ( 'NONE', 'WORKASPACE' ) );
#1123 = CARTESIAN_POINT ( 'NONE',  ( 0.1621566234272772411, 0.1452285366526149535, -0.02000000000000000042 ) ) ;
#1124 = LINE ( 'NONE', #3438, #596 ) ;
#1125 = EDGE_LOOP ( 'NONE', ( #2181, #6228, #6220, #6324 ) ) ;
#1126 = CARTESIAN_POINT ( 'NONE',  ( 0.5600000000000000533, 1.510000000000000009, -0.02000000000000000042 ) ) ;
#1127 =( GEOMETRIC_REPRESENTATION_CONTEXT ( 3 ) GLOBAL_UNCERTAINTY_ASSIGNED_CONTEXT ( ( #2684 ) ) GLOBAL_UNIT_ASSIGNED_CONTEXT ( ( #2894, #1065, #5702 ) ) REPRESENTATION_CONTEXT ( 'NONE', 'WORKASPACE' ) );
#1128 =( NAMED_UNIT ( * ) SI_UNIT ( $, .STERADIAN. ) SOLID_ANGLE_UNIT ( ) );
#1129 = ORIENTED_EDGE ( 'NONE', *, *, #474, .F. ) ;
#1130 = DIRECTION ( 'NONE',  ( 0.0000000000000000000, 0.0000000000000000000, -1.000000000000000000 ) ) ;
#1131 = PRODUCT_CONTEXT ( 'NONE', #4491, 'mechanical' ) ;
#1132 = CARTESIAN_POINT ( 'NONE',  ( 0.4568122749496870694, -0.03981054240897743263, -0.02000000000000000042 ) ) ;
#1133 = FILL_AREA_STYLE ('',( #5216 ) ) ;
#1134 = EDGE_LOOP ( 'NONE', ( #3382, #6426, #2690, #4581, #6303, #5206 ) ) ;
#1135 = ORIENTED_EDGE ( 'NONE', *, *, #782, .F. ) ;
#1136 = CARTESIAN_POINT ( 'NONE',  ( -0.6183311814507717052, -0.1901373170059216522, -0.02000000000000000042 ) ) ;
#1137 =( NAMED_UNIT ( * ) PLANE_ANGLE_UNIT ( ) SI_UNIT ( $, .RADIAN. ) );
#1138 = VERTEX_POINT ( 'NONE', #412 ) ;
#1139 = CARTESIAN_POINT ( 'NONE',  ( -0.7435598399873570852, 0.1330334147013954582, -0.02000000000000000042 ) ) ;
#1140 = LINE ( 'NONE', #4018, #2518 ) ;
#1141 = CARTESIAN_POINT ( 'NONE',  ( 0.2635121917761384380, 0.2145726417691848908, -0.02000000000000000042 ) ) ;
#1142 = ORIENTED_EDGE ( 'NONE', *, *, #1294, .T. ) ;
#1143 = CARTESIAN_POINT ( 'NONE',  ( 1.009999999999999787, -1.500000000000000000, 0.7299999999999999822 ) ) ;
#1144 = CARTESIAN_POINT ( 'NONE',  ( 0.6450834526955699921, 0.2098626829940784255, -0.02000000000000000042 ) ) ;
#1145 = DIRECTION ( 'NONE',  ( -1.000000000000000000, 0.0000000000000000000, -0.0000000000000000000 ) ) ;
#1146 = LINE ( 'NONE', #1025, #5517 ) ;
#1147 = CARTESIAN_POINT ( 'NONE',  ( 0.2776847966260967970, 0.2142428912178377942, -0.02000000000000000042 ) ) ;
#1148 = DIRECTION ( 'NONE',  ( -0.9406672605435402179, 0.3393303772748786362, 0.0000000000000000000 ) ) ;
#1149 = VECTOR ( 'NONE', #2041, 1000.000000000000000 ) ;
#1150 = DIRECTION ( 'NONE',  ( 0.0000000000000000000, 0.0000000000000000000, -1.000000000000000000 ) ) ;
#1151 = LINE ( 'NONE', #5749, #4698 ) ;
#1152 = PRESENTATION_LAYER_ASSIGNMENT (  '', '', ( #1759 ) ) ;
#1153 = EDGE_CURVE ( 'NONE', #3852, #2062, #5059, .T. ) ;
#1154 = ORIENTED_EDGE ( 'NONE', *, *, #5135, .T. ) ;
#1155 = ADVANCED_FACE ( 'NONE', ( #5456 ), #233, .F. ) ;
#1156 = CARTESIAN_POINT ( 'NONE',  ( 0.2068720377553208700, 0.1645527428409472026, -0.02000000000000000042 ) ) ;
#1157 = LINE ( 'NONE', #6224, #6533 ) ;
#1158 = CARTESIAN_POINT ( 'NONE',  ( -1.010000000000000009, -1.500000000000000000, 0.7299999999999999822 ) ) ;
#1159 = CARTESIAN_POINT ( 'NONE',  ( 0.1621566234272772411, -0.1694056096888484630, -0.01000000000000000021 ) ) ;
#1160 = ORIENTED_EDGE ( 'NONE', *, *, #6637, .F. ) ;
#1161 = SURFACE_SIDE_STYLE ('',( #1840 ) ) ;
#1162 = EDGE_CURVE ( 'NONE', #5493, #7061, #4940, .T. ) ;
#1163 = ORIENTED_EDGE ( 'NONE', *, *, #5510, .F. ) ;
#1164 = PRESENTATION_STYLE_ASSIGNMENT (( #2839 ) ) ;
#1165 = COLOUR_RGB ( '',0.7529411764705882248, 0.7529411764705882248, 0.7529411764705882248 ) ;
#1166 = CARTESIAN_POINT ( 'NONE',  ( -0.8037732546215033969, -0.03403975603031187541, -0.02000000000000000042 ) ) ;
#1167 = B_SPLINE_CURVE_WITH_KNOTS ( 'NONE', 3,
 ( #5022, #6754, #4429, #2642, #3864, #6193, #3253, #7351, #4951, #6716, #6154, #3825, #927, #2674, #3475, #5204, #4660, #1080, #6332 ),
 .UNSPECIFIED., .F., .F.,
 ( 4, 1, 1, 1, 1, 1, 1, 1, 1, 1, 1, 1, 1, 1, 1, 1, 4 ),
 ( 0.0000000000000000000, 0.07430379644281594198, 0.1443936103644179736, 0.2104994961032796985, 0.2735426065034679555, 0.3338247445790732404, 0.3925296724085029498, 0.4500874545995855458, 0.5078206115557879485, 0.5654649127768468508, 0.6231487223336199532, 0.6812971927909358127, 0.7409134981565812517, 0.8018557521958583623, 0.8652412377209435235, 0.9309416570467442531, 1.000000000000000000 ),
 .UNSPECIFIED. ) ;
#1168 = DIRECTION ( 'NONE',  ( 1.000000000000000000, 0.0000000000000000000, 0.0000000000000000000 ) ) ;
#1169 = ORIENTED_EDGE ( 'NONE', *, *, #2405, .T. ) ;
#1170 = ORIENTED_EDGE ( 'NONE', *, *, #2921, .T. ) ;
#1171 = DIRECTION ( 'NONE',  ( -1.000000000000000000, -0.0000000000000000000, -0.0000000000000000000 ) ) ;
#1172 = CIRCLE ( 'NONE', #4314, 0.1150000000000000050 ) ;
#1173 = CARTESIAN_POINT ( 'NONE',  ( -0.3249966145838381615, -0.1899987948554594519, -0.009999999999999995004 ) ) ;
#1174 = ORIENTED_EDGE ( 'NONE', *, *, #1119, .T. ) ;
#1175 = CARTESIAN_POINT ( 'NONE',  ( -0.7389642144102407384, 0.1523334377386271199, -0.02000000000000000042 ) ) ;
#1176 = DIRECTION ( 'NONE',  ( 0.0000000000000000000, 0.0000000000000000000, -1.000000000000000000 ) ) ;
#1177 = UNCERTAINTY_MEASURE_WITH_UNIT (LENGTH_MEASURE( 1.000000000000000082E-05 ), #6189, 'distance_accuracy_value', 'NONE');
#1178 = VECTOR ( 'NONE', #3152, 1000.000000000000000 ) ;
#1179 = COLOUR_RGB ( '',0.7529411764705882248, 0.7529411764705882248, 0.7529411764705882248 ) ;
#1180 = ORIENTED_EDGE ( 'NONE', *, *, #3576, .F. ) ;
#1181 = SURFACE_SIDE_STYLE ('',( #4165 ) ) ;
#1182 = CARTESIAN_POINT ( 'NONE',  ( -0.4667595455581692310, -0.05351809661971180382, -0.01000000000000000021 ) ) ;
#1183 =( NAMED_UNIT ( * ) PLANE_ANGLE_UNIT ( ) SI_UNIT ( $, .RADIAN. ) );
#1184 = CARTESIAN_POINT ( 'NONE',  ( 0.0000000000000000000, -0.1462348779815314248, -0.01000000000000000021 ) ) ;
#1185 = VECTOR ( 'NONE', #4848, 1000.000000000000000 ) ;
#1186 = CARTESIAN_POINT ( 'NONE',  ( 1.010000000000000009, 1.215000000000000080, 0.2000000000000000111 ) ) ;
#1187 = LINE ( 'NONE', #2349, #1064 ) ;
#1188 = PRESENTATION_LAYER_ASSIGNMENT (  '', '', ( #6171 ) ) ;
#1189 = CARTESIAN_POINT ( 'NONE',  ( -0.4243697435646077154, -0.1142160644697415989, -0.02000000000000000042 ) ) ;
#1190 = VECTOR ( 'NONE', #172, 1000.000000000000000 ) ;
#1191 = CARTESIAN_POINT ( 'NONE',  ( -0.6700080107190642398, -0.03403975603031187541, -0.02000000000000000042 ) ) ;
#1192 = LINE ( 'NONE', #3582, #7054 ) ;
#1193 = FILL_AREA_STYLE_COLOUR ( '', #4513 ) ;
#1194 = DIRECTION ( 'NONE',  ( 0.0000000000000000000, 0.0000000000000000000, 1.000000000000000000 ) ) ;
#1195 = MECHANICAL_DESIGN_GEOMETRIC_PRESENTATION_REPRESENTATION (  '', ( #3619 ), #2634 ) ;
#1196 = EDGE_CURVE ( 'NONE', #3182, #1678, #4881, .T. ) ;
#1197 = EDGE_CURVE ( 'NONE', #1630, #4546, #6019, .T. ) ;
#1198 = ORIENTED_EDGE ( 'NONE', *, *, #7234, .F. ) ;
#1199 = AXIS2_PLACEMENT_3D ( 'NONE', #1825, #4548, #2173 ) ;
#1200 = DIRECTION ( 'NONE',  ( 0.0000000000000000000, -0.0000000000000000000, 1.000000000000000000 ) ) ;
#1201 = CARTESIAN_POINT ( 'NONE',  ( 0.6450834526955699921, -0.1462348779815314248, -0.02000000000000000042 ) ) ;
#1202 = CARTESIAN_POINT ( 'NONE',  ( 0.4060590624516675629, 0.005594390311151550138, -0.01000000000000000021 ) ) ;
#1203 = SURFACE_SIDE_STYLE ('',( #2869 ) ) ;
#1204 = CARTESIAN_POINT ( 'NONE',  ( 0.1621566234272772411, -0.1255031706644582079, -0.02000000000000000042 ) ) ;
#1205 = DIRECTION ( 'NONE',  ( 0.0000000000000000000, 0.0000000000000000000, -1.000000000000000000 ) ) ;
#1206 = CARTESIAN_POINT ( 'NONE',  ( -0.5305263034019911395, 0.01489317079895642083, -0.02000000000000000042 ) ) ;
#1207 =( NAMED_UNIT ( * ) PLANE_ANGLE_UNIT ( ) SI_UNIT ( $, .RADIAN. ) );
#1208 = DIRECTION ( 'NONE',  ( 1.000000000000000000, 0.0000000000000000000, 0.0000000000000000000 ) ) ;
#1209 = EDGE_CURVE ( 'NONE', #2751, #399, #1451, .T. ) ;
#1210 = ADVANCED_FACE ( 'NONE', ( #2707 ), #290, .T. ) ;
#1211 = CARTESIAN_POINT ( 'NONE',  ( 0.1621566234272772411, -0.1255031706644582079, -0.02000000000000000042 ) ) ;
#1212 = DIRECTION ( 'NONE',  ( 0.0000000000000000000, 0.0000000000000000000, -1.000000000000000000 ) ) ;
#1213 = ORIENTED_EDGE ( 'NONE', *, *, #7057, .T. ) ;
#1214 = ORIENTED_EDGE ( 'NONE', *, *, #770, .F. ) ;
#1215 =( NAMED_UNIT ( * ) PLANE_ANGLE_UNIT ( ) SI_UNIT ( $, .RADIAN. ) );
#1216 = CARTESIAN_POINT ( 'NONE',  ( -0.4711353013393111411, -0.1344040877596149874, -0.009999999999999995004 ) ) ;
#1217 = ORIENTED_EDGE ( 'NONE', *, *, #1744, .T. ) ;
#1218 = DIRECTION ( 'NONE',  ( 0.0000000000000000000, -0.0000000000000000000, 1.000000000000000000 ) ) ;
#1219 = PRESENTATION_STYLE_ASSIGNMENT (( #4089 ) ) ;
#1220 = FACE_OUTER_BOUND ( 'NONE', #4792, .T. ) ;
#1221 = MECHANICAL_DESIGN_GEOMETRIC_PRESENTATION_REPRESENTATION (  '', ( #3366 ), #4864 ) ;
#1222 = ORIENTED_EDGE ( 'NONE', *, *, #2069, .F. ) ;
#1223 = CARTESIAN_POINT ( 'NONE',  ( -0.1207702058410154294, 0.2098626829940784255, -0.02000000000000000042 ) ) ;
#1224 = CARTESIAN_POINT ( 'NONE',  ( 0.2874080360455592564, 0.1682492771112604757, -0.01000000000000000021 ) ) ;
#1225 = DIRECTION ( 'NONE',  ( 1.000000000000000000, 0.0000000000000000000, 0.0000000000000000000 ) ) ;
#1226 = PRESENTATION_STYLE_ASSIGNMENT (( #7429 ) ) ;
#1227 = CARTESIAN_POINT ( 'NONE',  ( -0.3992338856262052649, -0.1300326315452870474, -0.02000000000000000042 ) ) ;
#1228 = VECTOR ( 'NONE', #81, 1000.000000000000000 ) ;
#1229 = CARTESIAN_POINT ( 'NONE',  ( 0.4473310068520546245, -0.07797367521898607157, -0.01000000000000000021 ) ) ;
#1230 = DIRECTION ( 'NONE',  ( -0.0000000000000000000, -0.0000000000000000000, -1.000000000000000000 ) ) ;
#1231 = CARTESIAN_POINT ( 'NONE',  ( 0.7900000000000001465, 1.215000000000000080, 0.2000000000000000111 ) ) ;
#1232 = VECTOR ( 'NONE', #5259, 1000.000000000000000 ) ;
#1233 = STYLED_ITEM ( 'NONE', ( #1786 ), #4788 ) ;
#1234 = AXIS2_PLACEMENT_3D ( 'NONE', #6322, #1148, #2747 ) ;
#1235 = ORIENTED_EDGE ( 'NONE', *, *, #2025, .F. ) ;
#1236 = DIRECTION ( 'NONE',  ( -1.000000000000000000, -0.0000000000000000000, -0.0000000000000000000 ) ) ;
#1237 = FACE_OUTER_BOUND ( 'NONE', #3980, .T. ) ;
#1238 = VECTOR ( 'NONE', #2051, 1000.000000000000000 ) ;
#1239 = VECTOR ( 'NONE', #4569, 1000.000000000000000 ) ;
#1240 = FACE_OUTER_BOUND ( 'NONE', #5086, .T. ) ;
#1241 = VECTOR ( 'NONE', #4641, 1000.000000000000000 ) ;
#1242 = CARTESIAN_POINT ( 'NONE',  ( -0.3828700272816151773, -0.1826899448584157204, -0.02000000000000000042 ) ) ;
#1243 =( GEOMETRIC_REPRESENTATION_CONTEXT ( 3 ) GLOBAL_UNCERTAINTY_ASSIGNED_CONTEXT ( ( #4169 ) ) GLOBAL_UNIT_ASSIGNED_CONTEXT ( ( #1727, #2367, #2906 ) ) REPRESENTATION_CONTEXT ( 'NONE', 'WORKASPACE' ) );
#1244 = VECTOR ( 'NONE', #4711, 999.9999999999998863 ) ;
#1245 = CARTESIAN_POINT ( 'NONE',  ( -0.3250441845691567910, -0.1461045944148157139, -0.02000000000000000042 ) ) ;
#1246 = AXIS2_PLACEMENT_3D ( 'NONE', #3262, #6091, #4999 ) ;
#1247 = CARTESIAN_POINT ( 'NONE',  ( 0.4401713982522109103, -0.09543176509390777218, -0.009999999999999991535 ) ) ;
#1248 = VERTEX_POINT ( 'NONE', #6739 ) ;
#1249 = ORIENTED_EDGE ( 'NONE', *, *, #2595, .T. ) ;
#1250 = LINE ( 'NONE', #5296, #1280 ) ;
#1251 = CARTESIAN_POINT ( 'NONE',  ( -0.4026807919109991474, -0.1764536436331018143, -0.02000000000000000042 ) ) ;
#1252 = SURFACE_STYLE_FILL_AREA ( #2423 ) ;
#1253 = ORIENTED_EDGE ( 'NONE', *, *, #6638, .F. ) ;
#1254 = CARTESIAN_POINT ( 'NONE',  ( -0.7404281279891958834, 0.1445599769469426699, -0.01000000000000000021 ) ) ;
#1255 = EDGE_CURVE ( 'NONE', #6694, #57, #6176, .T. ) ;
#1256 = ADVANCED_FACE ( 'NONE', ( #3736 ), #4106, .T. ) ;
#1257 =( NAMED_UNIT ( * ) PLANE_ANGLE_UNIT ( ) SI_UNIT ( $, .RADIAN. ) );
#1258 = LINE ( 'NONE', #666, #7431 ) ;
#1259 = CARTESIAN_POINT ( 'NONE',  ( -0.3368017571069141236, -0.1458504362109674657, -0.01000000000000000021 ) ) ;
#1260 = ORIENTED_EDGE ( 'NONE', *, *, #3859, .T. ) ;
#1261 = LINE ( 'NONE', #2477, #4145 ) ;
#1262 = VECTOR ( 'NONE', #7026, 1000.000000000000000 ) ;
#1263 = CARTESIAN_POINT ( 'NONE',  ( 0.1718320771140527670, 0.2028145532054540512, -0.01000000000000000021 ) ) ;
#1264 = SURFACE_SIDE_STYLE ('',( #1859 ) ) ;
#1265 = ADVANCED_FACE ( 'NONE', ( #115 ), #1316, .T. ) ;
#1266 = DIRECTION ( 'NONE',  ( -0.0000000000000000000, -1.000000000000000000, -0.0000000000000000000 ) ) ;
#1267 = SURFACE_STYLE_FILL_AREA ( #4136 ) ;
#1268 =( NAMED_UNIT ( * ) SI_UNIT ( $, .STERADIAN. ) SOLID_ANGLE_UNIT ( ) );
#1269 = LINE ( 'NONE', #5818, #6099 ) ;
#1270 = PRESENTATION_STYLE_ASSIGNMENT (( #760 ) ) ;
#1271 = CARTESIAN_POINT ( 'NONE',  ( 0.4938639405004481286, -0.1901373170059216522, -0.02000000000000000042 ) ) ;
#1272 = ORIENTED_EDGE ( 'NONE', *, *, #1752, .T. ) ;
#1273 =( NAMED_UNIT ( * ) SI_UNIT ( $, .STERADIAN. ) SOLID_ANGLE_UNIT ( ) );
#1274 = CARTESIAN_POINT ( 'NONE',  ( -0.6750000000000000444, 1.215000000000000080, 0.0000000000000000000 ) ) ;
#1275 = DIRECTION ( 'NONE',  ( 0.0000000000000000000, -1.000000000000000000, 0.0000000000000000000 ) ) ;
#1276 = DIRECTION ( 'NONE',  ( 0.0000000000000000000, 0.0000000000000000000, 1.000000000000000000 ) ) ;
#1277 = CARTESIAN_POINT ( 'NONE',  ( -0.7419212511768952245, 0.1382723531174003817, -0.01000000000000000021 ) ) ;
#1278 = PRESENTATION_LAYER_ASSIGNMENT (  '', '', ( #4557 ) ) ;
#1279 = CARTESIAN_POINT ( 'NONE',  ( -0.5600000000000000533, -1.500000000000000000, 0.2000000000000000111 ) ) ;
#1280 = VECTOR ( 'NONE', #2990, 1000.000000000000000 ) ;
#1281 = CARTESIAN_POINT ( 'NONE',  ( -0.3700631257814578912, -0.1405910777592075112, -0.02000000000000000042 ) ) ;
#1282 = CARTESIAN_POINT ( 'NONE',  ( -0.7296878887678448500, 0.1330334147013954305, -0.02000000000000000042 ) ) ;
#1283 = VERTEX_POINT ( 'NONE', #6485 ) ;
#1284 = VERTEX_POINT ( 'NONE', #6417 ) ;
#1285 = CARTESIAN_POINT ( 'NONE',  ( -0.3400000000000000799, 0.0000000000000000000, 0.0000000000000000000 ) ) ;
#1286 = PLANE ( 'NONE',  #1956 ) ;
#1287 =( NAMED_UNIT ( * ) SI_UNIT ( $, .STERADIAN. ) SOLID_ANGLE_UNIT ( ) );
#1288 = ORIENTED_EDGE ( 'NONE', *, *, #3117, .T. ) ;
#1289 = EDGE_CURVE ( 'NONE', #2522, #2403, #3632, .T. ) ;
#1290 = CARTESIAN_POINT ( 'NONE',  ( 0.5600000000000000533, -1.215000000000000080, 0.2000000000000000111 ) ) ;
#1291 = CARTESIAN_POINT ( 'NONE',  ( 0.1970677245485210616, -0.1413089055722231702, -0.02000000000000000042 ) ) ;
#1292 = LINE ( 'NONE', #5888, #3425 ) ;
#1293 = LINE ( 'NONE', #1884, #2800 ) ;
#1294 = EDGE_CURVE ( 'NONE', #3085, #7447, #6125, .T. ) ;
#1295 = ORIENTED_EDGE ( 'NONE', *, *, #2643, .T. ) ;
#1296 = DIRECTION ( 'NONE',  ( 0.0000000000000000000, 0.0000000000000000000, 1.000000000000000000 ) ) ;
#1297 = UNCERTAINTY_MEASURE_WITH_UNIT (LENGTH_MEASURE( 1.000000000000000082E-05 ), #5871, 'distance_accuracy_value', 'NONE');
#1298 = CARTESIAN_POINT ( 'NONE',  ( -1.240000000000000213, -1.510000000000000009, 0.2000000000000000111 ) ) ;
#1299 = LINE ( 'NONE', #6431, #6505 ) ;
#1300 = ORIENTED_EDGE ( 'NONE', *, *, #4874, .F. ) ;
#1301 = VECTOR ( 'NONE', #4351, 1000.000000000000000 ) ;
#1302 = CARTESIAN_POINT ( 'NONE',  ( 0.3657076879803294323, -0.1742307636193598241, -0.02000000000000000042 ) ) ;
#1303 = CARTESIAN_POINT ( 'NONE',  ( -0.3368017571069141236, -0.1458504362109674657, -0.02000000000000000042 ) ) ;
#1304 = SURFACE_STYLE_USAGE ( .BOTH. , #32 ) ;
#1305 = STYLED_ITEM ( 'NONE', ( #17 ), #5885 ) ;
#1306 = PRESENTATION_LAYER_ASSIGNMENT (  '', '', ( #2386 ) ) ;
#1307 = ADVANCED_FACE ( 'NONE', ( #5998 ), #3560, .T. ) ;
#1308 = AXIS2_PLACEMENT_3D ( 'NONE', #1531, #6669, #7236 ) ;
#1309 = CARTESIAN_POINT ( 'NONE',  ( 1.010000000000000009, 1.215000000000000080, -0.02000000000000000042 ) ) ;
#1310 = VERTEX_POINT ( 'NONE', #1947 ) ;
#1311 = STYLED_ITEM ( 'NONE', ( #2943 ), #2295 ) ;
#1312 = FACE_OUTER_BOUND ( 'NONE', #2610, .T. ) ;
#1313 = DIRECTION ( 'NONE',  ( -1.000000000000000000, 0.0000000000000000000, 0.0000000000000000000 ) ) ;
#1314 =( NAMED_UNIT ( * ) SI_UNIT ( $, .STERADIAN. ) SOLID_ANGLE_UNIT ( ) );
#1315 = VECTOR ( 'NONE', #811, 1000.000000000000000 ) ;
#1316 = PLANE ( 'NONE',  #587 ) ;
#1317 = CARTESIAN_POINT ( 'NONE',  ( -0.3992338856262052649, -0.1300326315452870474, -0.01000000000000000021 ) ) ;
#1318 = CARTESIAN_POINT ( 'NONE',  ( 0.1099999999999999034, 0.0000000000000000000, 0.0000000000000000000 ) ) ;
#1319 = CARTESIAN_POINT ( 'NONE',  ( 0.3490332754767795365, -0.1817815946991775122, -0.009999999999999991535 ) ) ;
#1320 = SURFACE_STYLE_USAGE ( .BOTH. , #2607 ) ;
#1321 = ORIENTED_EDGE ( 'NONE', *, *, #4438, .T. ) ;
#1322 = ORIENTED_EDGE ( 'NONE', *, *, #6588, .T. ) ;
#1323 = CARTESIAN_POINT ( 'NONE',  ( 0.08410784293947239088, -0.1901373170059216522, -0.01000000000000000021 ) ) ;
#1324 = CARTESIAN_POINT ( 'NONE',  ( -0.4711353013393111411, -0.1344040877596149874, -0.02000000000000000042 ) ) ;
#1325 = PLANE ( 'NONE',  #4123 ) ;
#1326 = ORIENTED_EDGE ( 'NONE', *, *, #2539, .F. ) ;
#1327 = CARTESIAN_POINT ( 'NONE',  ( -0.5271468478463279261, 0.05699717156451200584, -0.02000000000000000042 ) ) ;
#1328 = CARTESIAN_POINT ( 'NONE',  ( -1.499999999999999778, 1.500000000000000000, 0.0000000000000000000 ) ) ;
#1329 = CARTESIAN_POINT ( 'NONE',  ( 0.1732190399727800700, -0.1317340457746420945, -0.02000000000000000042 ) ) ;
#1330 = STYLED_ITEM ( 'NONE', ( #6427 ), #1067 ) ;
#1331 = EDGE_CURVE ( 'NONE', #4346, #7061, #1393, .T. ) ;
#1332 = CARTESIAN_POINT ( 'NONE',  ( -0.7900000000000001465, 1.215000000000000080, 0.0000000000000000000 ) ) ;
#1333 =( NAMED_UNIT ( * ) SI_UNIT ( $, .STERADIAN. ) SOLID_ANGLE_UNIT ( ) );
#1334 = ORIENTED_EDGE ( 'NONE', *, *, #166, .F. ) ;
#1335 = LINE ( 'NONE', #5813, #3823 ) ;
#1336 = FILL_AREA_STYLE_COLOUR ( '', #1586 ) ;
#1337 = FILL_AREA_STYLE ('',( #5857 ) ) ;
#1338 = LINE ( 'NONE', #830, #5806 ) ;
#1339 = CARTESIAN_POINT ( 'NONE',  ( -0.1100000000000000699, 1.500000000000000000, 0.0000000000000000000 ) ) ;
#1340 = ADVANCED_FACE ( 'NONE', ( #923 ), #6115, .F. ) ;
#1341 = FILL_AREA_STYLE_COLOUR ( '', #477 ) ;
#1342 = CARTESIAN_POINT ( 'NONE',  ( 0.6987419892809358934, 0.2098626829940784255, -0.02000000000000000042 ) ) ;
#1343 = UNCERTAINTY_MEASURE_WITH_UNIT (LENGTH_MEASURE( 1.000000000000000082E-05 ), #6274, 'distance_accuracy_value', 'NONE');
#1344 =( LENGTH_UNIT ( ) NAMED_UNIT ( * ) SI_UNIT ( .MILLI., .METRE. ) );
#1345 = ORIENTED_EDGE ( 'NONE', *, *, #383, .T. ) ;
#1346 =( GEOMETRIC_REPRESENTATION_CONTEXT ( 3 ) GLOBAL_UNCERTAINTY_ASSIGNED_CONTEXT ( ( #4452 ) ) GLOBAL_UNIT_ASSIGNED_CONTEXT ( ( #6975, #7465, #2904 ) ) REPRESENTATION_CONTEXT ( 'NONE', 'WORKASPACE' ) );
#1347 = EDGE_CURVE ( 'NONE', #3108, #365, #3141, .T. ) ;
#1348 = DIRECTION ( 'NONE',  ( 1.000000000000000000, 0.0000000000000000000, 0.0000000000000000000 ) ) ;
#1349 = LINE ( 'NONE', #4883, #6732 ) ;
#1350 = PRESENTATION_LAYER_ASSIGNMENT (  '', '', ( #2312 ) ) ;
#1351 = CARTESIAN_POINT ( 'NONE',  ( -0.5600000000000000533, -1.510000000000000009, 0.2000000000000000111 ) ) ;
#1352 = UNCERTAINTY_MEASURE_WITH_UNIT (LENGTH_MEASURE( 1.000000000000000082E-05 ), #3021, 'distance_accuracy_value', 'NONE');
#1353 = COLOUR_RGB ( '',0.0000000000000000000, 0.0000000000000000000, 0.0000000000000000000 ) ;
#1354 = STYLED_ITEM ( 'NONE', ( #4218 ), #4550 ) ;
#1355 = CARTESIAN_POINT ( 'NONE',  ( -0.3249966145838381615, -0.1899987948554594519, -0.02000000000000000042 ) ) ;
#1356 = VECTOR ( 'NONE', #1111, 1000.000000000000114 ) ;
#1357 = CARTESIAN_POINT ( 'NONE',  ( -0.4667595455581692310, -0.05351809661971180382, -0.02000000000000000042 ) ) ;
#1358 = VECTOR ( 'NONE', #4289, 1000.000000000000114 ) ;
#1359 = DIRECTION ( 'NONE',  ( 0.0000000000000000000, -1.000000000000000000, 0.0000000000000000000 ) ) ;
#1360 = ORIENTED_EDGE ( 'NONE', *, *, #6129, .T. ) ;
#1361 = EDGE_LOOP ( 'NONE', ( #5491, #885, #4293, #4084 ) ) ;
#1362 = FILL_AREA_STYLE_COLOUR ( '', #5730 ) ;
#1363 = PRESENTATION_LAYER_ASSIGNMENT (  '', '', ( #3668 ) ) ;
#1364 =( GEOMETRIC_REPRESENTATION_CONTEXT ( 3 ) GLOBAL_UNCERTAINTY_ASSIGNED_CONTEXT ( ( #2433 ) ) GLOBAL_UNIT_ASSIGNED_CONTEXT ( ( #4306, #4956, #4821 ) ) REPRESENTATION_CONTEXT ( 'NONE', 'WORKASPACE' ) );
#1365 = CARTESIAN_POINT ( 'NONE',  ( 0.1658335554788118171, -0.1275741923356732421, -0.02000000000000000042 ) ) ;
#1366 = ORIENTED_EDGE ( 'NONE', *, *, #3991, .F. ) ;
#1367 = CARTESIAN_POINT ( 'NONE',  ( -0.4393754477577795914, 0.1803085907077239813, -0.02000000000000000042 ) ) ;
#1368 = FACE_OUTER_BOUND ( 'NONE', #2376, .T. ) ;
#1369 = CARTESIAN_POINT ( 'NONE',  ( 0.2228214624810353761, -0.1477099926010001785, -0.02000000000000000042 ) ) ;
#1370 = CARTESIAN_POINT ( 'NONE',  ( -0.7900000000000001465, 0.0000000000000000000, 0.0000000000000000000 ) ) ;
#1371 = CARTESIAN_POINT ( 'NONE',  ( -1.347831130183036352, -1.208820028646933720, 0.7299999999999999822 ) ) ;
#1372 = EDGE_LOOP ( 'NONE', ( #6311, #1811, #232, #6086, #2168, #4668 ) ) ;
#1373 = FACE_OUTER_BOUND ( 'NONE', #7303, .T. ) ;
#1374 = SURFACE_STYLE_FILL_AREA ( #1926 ) ;
#1375 =( GEOMETRIC_REPRESENTATION_CONTEXT ( 3 ) GLOBAL_UNCERTAINTY_ASSIGNED_CONTEXT ( ( #4958 ) ) GLOBAL_UNIT_ASSIGNED_CONTEXT ( ( #2777, #3308, #6280 ) ) REPRESENTATION_CONTEXT ( 'NONE', 'WORKASPACE' ) );
#1376 = DIRECTION ( 'NONE',  ( 0.0000000000000000000, 0.0000000000000000000, 1.000000000000000000 ) ) ;
#1377 = FACE_BOUND ( 'NONE', #3094, .T. ) ;
#1378 = CARTESIAN_POINT ( 'NONE',  ( -0.4442392103361721967, 0.1178507096355062567, -0.02000000000000000042 ) ) ;
#1379 = CYLINDRICAL_SURFACE ( 'NONE', #4254, 0.1150000000000000883 ) ;
#1380 = VECTOR ( 'NONE', #1955, 1000.000000000000000 ) ;
#1381 = DIRECTION ( 'NONE',  ( 1.000000000000000000, 0.0000000000000000000, 0.0000000000000000000 ) ) ;
#1382 = CARTESIAN_POINT ( 'NONE',  ( -0.5600000000000000533, 1.500000000000000000, 0.0000000000000000000 ) ) ;
#1383 = ORIENTED_EDGE ( 'NONE', *, *, #3982, .T. ) ;
#1384 = EDGE_CURVE ( 'NONE', #5072, #1874, #2564, .T. ) ;
#1385 = CARTESIAN_POINT ( 'NONE',  ( 0.1929489344322777855, 0.2087329143297474154, -0.02000000000000000042 ) ) ;
#1386 =( NAMED_UNIT ( * ) PLANE_ANGLE_UNIT ( ) SI_UNIT ( $, .RADIAN. ) );
#1387 = CARTESIAN_POINT ( 'NONE',  ( 0.5600000000000000533, -1.500000000000000000, 0.2000000000000000111 ) ) ;
#1388 = EDGE_CURVE ( 'NONE', #7497, #4555, #1425, .T. ) ;
#1389 = EDGE_CURVE ( 'NONE', #2062, #4931, #5687, .T. ) ;
#1390 = DIRECTION ( 'NONE',  ( -0.0000000000000000000, 1.000000000000000000, -0.0000000000000000000 ) ) ;
#1391 = PLANE ( 'NONE',  #682 ) ;
#1392 = B_SPLINE_SURFACE_WITH_KNOTS ( 'NONE', 3, 1, ( 
 ( #3957, #2745 ),
 ( #5704, #479 ),
 ( #3465, #1147 ),
 ( #6432, #677 ),
 ( #7520, #6510 ),
 ( #2354, #7038 ),
 ( #4686, #6965 ),
 ( #99, #3011 ),
 ( #2972, #31 ),
 ( #1753, #5778 ),
 ( #4800, #558 ),
 ( #5195, #63 ),
 ( #7080, #7119 ),
 ( #4213, #2319 ),
 ( #4062, #1893 ),
 ( #3507, #1860 ),
 ( #6475, #5860 ),
 ( #3621, #2436 ),
 ( #5238, #4762 ) ),
 .UNSPECIFIED., .F., .F., .F.,
 ( 4, 1, 1, 1, 1, 1, 1, 1, 1, 1, 1, 1, 1, 1, 1, 1, 4 ),
 ( 2, 2 ),
 ( 0.0000000000000000000, 0.06557285876884655362, 0.1286375491712637986, 0.1899670994687380210, 0.2496399705098294453, 0.3088827894211623182, 0.3682655712685548588, 0.4279206039524854344, 0.4891389885406843829, 0.5505764718906978050, 0.6112622848269078091, 0.6720952384570106908, 0.7336759061969433393, 0.7966358757824198999, 0.8617432844910953849, 0.9293562814246458803, 1.000000000000000000 ),
 ( 0.0000000000000000000, 1.000000000000000000 ),
 .UNSPECIFIED. ) ;
#1393 = LINE ( 'NONE', #2638, #1442 ) ;
#1394 = CARTESIAN_POINT ( 'NONE',  ( -0.4767297204084663953, 0.007596861514432420165, -0.02000000000000000042 ) ) ;
#1395 = VECTOR ( 'NONE', #1856, 1000.000000000000000 ) ;
#1396 = CARTESIAN_POINT ( 'NONE',  ( 0.3399999999999999134, -1.215000000000000080, 0.2000000000000000111 ) ) ;
#1397 = VECTOR ( 'NONE', #1494, 1000.000000000000000 ) ;
#1398 = ORIENTED_EDGE ( 'NONE', *, *, #4413, .F. ) ;
#1399 = ORIENTED_EDGE ( 'NONE', *, *, #571, .T. ) ;
#1400 = LINE ( 'NONE', #5415, #6584 ) ;
#1401 = FILL_AREA_STYLE_COLOUR ( '', #3314 ) ;
#1402 = VECTOR ( 'NONE', #3004, 1000.000000000000000 ) ;
#1403 = VERTEX_POINT ( 'NONE', #6070 ) ;
#1404 = DIRECTION ( 'NONE',  ( 0.0000000000000000000, 0.0000000000000000000, -1.000000000000000000 ) ) ;
#1405 = CARTESIAN_POINT ( 'NONE',  ( -1.222311323609513556, -1.208820028646933720, 0.7299999999999999822 ) ) ;
#1406 = CARTESIAN_POINT ( 'NONE',  ( 0.2165389027608430328, 0.2126726667808701843, -0.01000000000000000021 ) ) ;
#1407 = VERTEX_POINT ( 'NONE', #338 ) ;
#1408 = DIRECTION ( 'NONE',  ( 1.000000000000000000, 0.0000000000000000000, 0.0000000000000000000 ) ) ;
#1409 = LINE ( 'NONE', #1298, #5237 ) ;
#1410 = FACE_OUTER_BOUND ( 'NONE', #2884, .T. ) ;
#1411 = CARTESIAN_POINT ( 'NONE',  ( 0.4595925796403119157, -0.004931634991980888769, -0.02000000000000000042 ) ) ;
#1412 = VECTOR ( 'NONE', #3260, 1000.000000000000000 ) ;
#1413 = CARTESIAN_POINT ( 'NONE',  ( -0.3980413114374459216, 0.1512842095115872754, -0.01000000000000000021 ) ) ;
#1414 = DIRECTION ( 'NONE',  ( -1.000000000000000000, 0.0000000000000000000, 0.0000000000000000000 ) ) ;
#1415 = DIRECTION ( 'NONE',  ( -0.0000000000000000000, -1.000000000000000000, -0.0000000000000000000 ) ) ;
#1416 = SURFACE_STYLE_USAGE ( .BOTH. , #7194 ) ;
#1417 = COLOUR_RGB ( '',0.7529411764705882248, 0.7529411764705882248, 0.7529411764705882248 ) ;
#1418 = EDGE_LOOP ( 'NONE', ( #336, #460, #3437, #4067, #4160, #6153 ) ) ;
#1419 = CARTESIAN_POINT ( 'NONE',  ( -0.7296878887678448500, 0.1330334147013954305, -0.01000000000000000021 ) ) ;
#1420 = VECTOR ( 'NONE', #2579, 1000.000000000000000 ) ;
#1421 = COLOUR_RGB ( '',0.0000000000000000000, 0.0000000000000000000, 0.0000000000000000000 ) ;
#1422 = SURFACE_STYLE_FILL_AREA ( #4977 ) ;
#1423 = EDGE_CURVE ( 'NONE', #1002, #7506, #844, .T. ) ;
#1424 = DIRECTION ( 'NONE',  ( 0.0000000000000000000, 1.000000000000000000, 0.0000000000000000000 ) ) ;
#1425 = CIRCLE ( 'NONE', #6906, 0.1150000000000000328 ) ;
#1426 = PRESENTATION_LAYER_ASSIGNMENT (  '', '', ( #809 ) ) ;
#1427 = CARTESIAN_POINT ( 'NONE',  ( -1.125000000000000222, 1.215000000000000080, -0.02000000000000000042 ) ) ;
#1428 = LINE ( 'NONE', #3743, #5174 ) ;
#1429 = MECHANICAL_DESIGN_GEOMETRIC_PRESENTATION_REPRESENTATION (  '', ( #5168 ), #5915 ) ;
#1430 = AXIS2_PLACEMENT_3D ( 'NONE', #6094, #5433, #6011 ) ;
#1431 = VERTEX_POINT ( 'NONE', #5487 ) ;
#1432 = EDGE_LOOP ( 'NONE', ( #2337, #1885, #4469, #4496 ) ) ;
#1433 = LINE ( 'NONE', #930, #5 ) ;
#1434 =( NAMED_UNIT ( * ) SI_UNIT ( $, .STERADIAN. ) SOLID_ANGLE_UNIT ( ) );
#1435 = CARTESIAN_POINT ( 'NONE',  ( 0.4057309042663264087, -0.01167603988465215799, -0.02000000000000000042 ) ) ;
#1436 = VERTEX_POINT ( 'NONE', #636 ) ;
#1437 =( GEOMETRIC_REPRESENTATION_CONTEXT ( 3 ) GLOBAL_UNCERTAINTY_ASSIGNED_CONTEXT ( ( #7356 ) ) GLOBAL_UNIT_ASSIGNED_CONTEXT ( ( #30, #1792, #2395 ) ) REPRESENTATION_CONTEXT ( 'NONE', 'WORKASPACE' ) );
#1438 =( NAMED_UNIT ( * ) PLANE_ANGLE_UNIT ( ) SI_UNIT ( $, .RADIAN. ) );
#1439 = EDGE_CURVE ( 'NONE', #3999, #7085, #594, .T. ) ;
#1440 = ADVANCED_FACE ( 'NONE', ( #380 ), #2212, .T. ) ;
#1441 = UNCERTAINTY_MEASURE_WITH_UNIT (LENGTH_MEASURE( 1.000000000000000082E-05 ), #6987, 'distance_accuracy_value', 'NONE');
#1442 = VECTOR ( 'NONE', #4984, 999.9999999999998863 ) ;
#1443 = CARTESIAN_POINT ( 'NONE',  ( 0.2044424022246131845, 0.2108740180864995817, -0.01000000000000000021 ) ) ;
#1444 = ORIENTED_EDGE ( 'NONE', *, *, #1294, .F. ) ;
#1445 = LINE ( 'NONE', #3836, #6014 ) ;
#1446 = CARTESIAN_POINT ( 'NONE',  ( 0.2668288015835965643, -0.1949521642622522588, -0.02000000000000000042 ) ) ;
#1447 = CARTESIAN_POINT ( 'NONE',  ( 0.2722175990370334087, -0.1950153657864094614, -0.01000000000000000021 ) ) ;
#1448 = SURFACE_STYLE_USAGE ( .BOTH. , #4323 ) ;
#1449 = FACE_OUTER_BOUND ( 'NONE', #6616, .T. ) ;
#1450 = PLANE ( 'NONE',  #3901 ) ;
#1451 = LINE ( 'NONE', #910, #4324 ) ;
#1452 = ORIENTED_EDGE ( 'NONE', *, *, #73, .F. ) ;
#1453 = CARTESIAN_POINT ( 'NONE',  ( -0.7356238948032522984, 0.1582338382739120197, -0.01000000000000000021 ) ) ;
#1454 = CARTESIAN_POINT ( 'NONE',  ( 0.1099999999999999034, -1.215000000000000080, 0.0000000000000000000 ) ) ;
#1455 = CARTESIAN_POINT ( 'NONE',  ( 0.5600000000000000533, 1.510000000000000009, 0.2000000000000000111 ) ) ;
#1456 = DIRECTION ( 'NONE',  ( 0.0000000000000000000, 0.0000000000000000000, 1.000000000000000000 ) ) ;
#1457 = SURFACE_STYLE_USAGE ( .BOTH. , #3175 ) ;
#1458 = MECHANICAL_DESIGN_GEOMETRIC_PRESENTATION_REPRESENTATION (  '', ( #2551 ), #6560 ) ;
#1459 = LINE ( 'NONE', #4851, #2017 ) ;
#1460 =( LENGTH_UNIT ( ) NAMED_UNIT ( * ) SI_UNIT ( .MILLI., .METRE. ) );
#1461 =( LENGTH_UNIT ( ) NAMED_UNIT ( * ) SI_UNIT ( .MILLI., .METRE. ) );
#1462 =( NAMED_UNIT ( * ) PLANE_ANGLE_UNIT ( ) SI_UNIT ( $, .RADIAN. ) );
#1463 = ORIENTED_EDGE ( 'NONE', *, *, #6230, .T. ) ;
#1464 = CARTESIAN_POINT ( 'NONE',  ( 1.010000000000000009, 0.0000000000000000000, 0.0000000000000000000 ) ) ;
#1465 = CARTESIAN_POINT ( 'NONE',  ( -1.010000000000000009, -1.500000000000000000, 0.2000000000000000111 ) ) ;
#1466 = CARTESIAN_POINT ( 'NONE',  ( 0.3763848076294828982, -0.09790749168932091906, -0.02000000000000000042 ) ) ;
#1467 = ORIENTED_EDGE ( 'NONE', *, *, #3763, .F. ) ;
#1468 =( GEOMETRIC_REPRESENTATION_CONTEXT ( 3 ) GLOBAL_UNCERTAINTY_ASSIGNED_CONTEXT ( ( #4399 ) ) GLOBAL_UNIT_ASSIGNED_CONTEXT ( ( #5011, #2094, #3705 ) ) REPRESENTATION_CONTEXT ( 'NONE', 'WORKASPACE' ) );
#1469 = UNCERTAINTY_MEASURE_WITH_UNIT (LENGTH_MEASURE( 1.000000000000000082E-05 ), #6651, 'distance_accuracy_value', 'NONE');
#1470 = CARTESIAN_POINT ( 'NONE',  ( -0.5597945960849178837, -0.1901373170059216522, -0.02000000000000000042 ) ) ;
#1471 = PRESENTATION_LAYER_ASSIGNMENT (  '', '', ( #7058 ) ) ;
#1472 = CARTESIAN_POINT ( 'NONE',  ( 0.7900000000000001465, 1.500000000000000000, 0.7299999999999999822 ) ) ;
#1473 = VECTOR ( 'NONE', #6429, 1000.000000000000000 ) ;
#1474 = CARTESIAN_POINT ( 'NONE',  ( -0.1110141082800398804, -0.009649512127872853645, -0.01000000000000000021 ) ) ;
#1475 = ORIENTED_EDGE ( 'NONE', *, *, #3478, .F. ) ;
#1476 = EDGE_CURVE ( 'NONE', #6740, #6855, #4466, .T. ) ;
#1477 = SURFACE_SIDE_STYLE ('',( #3798 ) ) ;
#1478 = CARTESIAN_POINT ( 'NONE',  ( 1.010000000000000231, 1.500000000000000000, 0.7299999999999999822 ) ) ;
#1479 = EDGE_CURVE ( 'NONE', #382, #6020, #5859, .T. ) ;
#1480 = LINE ( 'NONE', #7407, #5052 ) ;
#1481 = CARTESIAN_POINT ( 'NONE',  ( 0.2117532131209990398, -0.1887841355084664552, -0.01000000000000000021 ) ) ;
#1482 = VECTOR ( 'NONE', #1962, 1000.000000000000000 ) ;
#1483 = COLOUR_RGB ( '',0.7529411764705882248, 0.7529411764705882248, 0.7529411764705882248 ) ;
#1484 = PRESENTATION_LAYER_ASSIGNMENT (  '', '', ( #4395 ) ) ;
#1485 = ORIENTED_EDGE ( 'NONE', *, *, #6275, .F. ) ;
#1486 = UNCERTAINTY_MEASURE_WITH_UNIT (LENGTH_MEASURE( 1.000000000000000082E-05 ), #4981, 'distance_accuracy_value', 'NONE');
#1487 = ADVANCED_FACE ( 'NONE', ( #414 ), #4723, .T. ) ;
#1488 = LINE ( 'NONE', #3809, #3291 ) ;
#1489 = AXIS2_PLACEMENT_3D ( 'NONE', #2208, #3394, #3511 ) ;
#1490 = CARTESIAN_POINT ( 'NONE',  ( 0.1099999999999999034, -1.500000000000000000, 0.0000000000000000000 ) ) ;
#1491 =( NAMED_UNIT ( * ) SI_UNIT ( $, .STERADIAN. ) SOLID_ANGLE_UNIT ( ) );
#1492 = ORIENTED_EDGE ( 'NONE', *, *, #821, .F. ) ;
#1493 = DIRECTION ( 'NONE',  ( 0.0000000000000000000, -1.000000000000000000, 0.0000000000000000000 ) ) ;
#1494 = DIRECTION ( 'NONE',  ( -1.000000000000000000, -0.0000000000000000000, -0.0000000000000000000 ) ) ;
#1495 = ORIENTED_EDGE ( 'NONE', *, *, #5848, .T. ) ;
#1496 = PLANE ( 'NONE',  #7003 ) ;
#1497 = FILL_AREA_STYLE ('',( #5557 ) ) ;
#1498 = STYLED_ITEM ( 'NONE', ( #6013 ), #1524 ) ;
#1499 = ORIENTED_EDGE ( 'NONE', *, *, #3249, .F. ) ;
#1500 = ORIENTED_EDGE ( 'NONE', *, *, #7424, .T. ) ;
#1501 = CARTESIAN_POINT ( 'NONE',  ( 1.500000000000000222, 1.500000000000000000, 0.7299999999999999822 ) ) ;
#1502 = AXIS2_PLACEMENT_3D ( 'NONE', #2450, #3060, #727 ) ;
#1503 = ORIENTED_EDGE ( 'NONE', *, *, #6690, .F. ) ;
#1504 = AXIS2_PLACEMENT_3D ( 'NONE', #3704, #6630, #409 ) ;
#1505 = FILL_AREA_STYLE ('',( #6161 ) ) ;
#1506 = LINE ( 'NONE', #5531, #3114 ) ;
#1507 = EDGE_CURVE ( 'NONE', #2057, #4439, #2351, .T. ) ;
#1508 = VERTEX_POINT ( 'NONE', #7037 ) ;
#1509 =( NAMED_UNIT ( * ) PLANE_ANGLE_UNIT ( ) SI_UNIT ( $, .RADIAN. ) );
#1510 = SURFACE_SIDE_STYLE ('',( #6052 ) ) ;
#1511 = EDGE_CURVE ( 'NONE', #2831, #994, #3929, .T. ) ;
#1512 = CARTESIAN_POINT ( 'NONE',  ( -0.2622336204751618549, -0.1462348779815314248, -0.02000000000000000042 ) ) ;
#1513 = UNCERTAINTY_MEASURE_WITH_UNIT (LENGTH_MEASURE( 1.000000000000000082E-05 ), #4522, 'distance_accuracy_value', 'NONE');
#1514 = VERTEX_POINT ( 'NONE', #5678 ) ;
#1515 = EDGE_CURVE ( 'NONE', #2403, #6817, #3010, .T. ) ;
#1516 = PLANE ( 'NONE',  #6261 ) ;
#1517 = DIRECTION ( 'NONE',  ( -1.000000000000000000, 0.0000000000000000000, -0.0000000000000000000 ) ) ;
#1518 = CARTESIAN_POINT ( 'NONE',  ( 0.3571266283687791199, -0.1188350962321363530, -0.02000000000000000042 ) ) ;
#1519 = DIRECTION ( 'NONE',  ( 0.0000000000000000000, 0.0000000000000000000, 1.000000000000000000 ) ) ;
#1520 = SURFACE_SIDE_STYLE ('',( #4371 ) ) ;
#1521 = PRESENTATION_LAYER_ASSIGNMENT (  '', '', ( #917 ) ) ;
#1522 = CARTESIAN_POINT ( 'NONE',  ( -0.7332553688297644978, 0.1453134642965548950, -0.01000000000000000021 ) ) ;
#1523 =( LENGTH_UNIT ( ) NAMED_UNIT ( * ) SI_UNIT ( .MILLI., .METRE. ) );
#1524 = ADVANCED_FACE ( 'NONE', ( #2480 ), #4839, .T. ) ;
#1525 =( NAMED_UNIT ( * ) PLANE_ANGLE_UNIT ( ) SI_UNIT ( $, .RADIAN. ) );
#1526 = MECHANICAL_DESIGN_GEOMETRIC_PRESENTATION_REPRESENTATION (  '', ( #4689 ), #4815 ) ;
#1527 = VERTEX_POINT ( 'NONE', #6582 ) ;
#1528 = DIRECTION ( 'NONE',  ( -1.000000000000000000, 0.0000000000000000000, 0.0000000000000000000 ) ) ;
#1529 = ORIENTED_EDGE ( 'NONE', *, *, #1476, .T. ) ;
#1530 = CARTESIAN_POINT ( 'NONE',  ( -0.5271468478463279261, 0.05699717156451200584, -0.01000000000000000021 ) ) ;
#1531 = CARTESIAN_POINT ( 'NONE',  ( 0.2249999999999998945, 1.215000000000000080, -0.02000000000000000042 ) ) ;
#1532 = STYLED_ITEM ( 'NONE', ( #6569 ), #5952 ) ;
#1533 =( NAMED_UNIT ( * ) PLANE_ANGLE_UNIT ( ) SI_UNIT ( $, .RADIAN. ) );
#1534 = PRESENTATION_LAYER_ASSIGNMENT (  '', '', ( #1891 ) ) ;
#1535 = CARTESIAN_POINT ( 'NONE',  ( 0.08410784293947239088, -0.1901373170059216522, -0.02000000000000000042 ) ) ;
#1536 = ORIENTED_EDGE ( 'NONE', *, *, #993, .F. ) ;
#1537 = CARTESIAN_POINT ( 'NONE',  ( -1.499999999999999778, 1.500000000000000000, 0.1999999999999999833 ) ) ;
#1538 = VECTOR ( 'NONE', #5363, 1000.000000000000000 ) ;
#1539 = VERTEX_POINT ( 'NONE', #3089 ) ;
#1540 = COLOUR_RGB ( '',0.7529411764705882248, 0.7529411764705882248, 0.7529411764705882248 ) ;
#1541 = CARTESIAN_POINT ( 'NONE',  ( 0.5600000000000000533, 0.0000000000000000000, 0.0000000000000000000 ) ) ;
#1542 = DIRECTION ( 'NONE',  ( 0.0000000000000000000, 0.0000000000000000000, -1.000000000000000000 ) ) ;
#1543 =( NAMED_UNIT ( * ) SI_UNIT ( $, .STERADIAN. ) SOLID_ANGLE_UNIT ( ) );
#1544 = ORIENTED_EDGE ( 'NONE', *, *, #1614, .F. ) ;
#1545 =( GEOMETRIC_REPRESENTATION_CONTEXT ( 3 ) GLOBAL_UNCERTAINTY_ASSIGNED_CONTEXT ( ( #6061 ) ) GLOBAL_UNIT_ASSIGNED_CONTEXT ( ( #424, #1008, #4 ) ) REPRESENTATION_CONTEXT ( 'NONE', 'WORKASPACE' ) );
#1546 = CARTESIAN_POINT ( 'NONE',  ( 0.2249999999999998945, -1.215000000000000080, 0.0000000000000000000 ) ) ;
#1547 = STYLED_ITEM ( 'NONE', ( #3653 ), #814 ) ;
#1548 = SURFACE_STYLE_FILL_AREA ( #1505 ) ;
#1549 = ORIENTED_EDGE ( 'NONE', *, *, #4870, .T. ) ;
#1550 = FILL_AREA_STYLE_COLOUR ( '', #1974 ) ;
#1551 = DIRECTION ( 'NONE',  ( 0.0000000000000000000, 0.0000000000000000000, -1.000000000000000000 ) ) ;
#1552 = FILL_AREA_STYLE ('',( #2736 ) ) ;
#1553 = SURFACE_SIDE_STYLE ('',( #6801 ) ) ;
#1554 = EDGE_CURVE ( 'NONE', #1079, #4867, #4172, .T. ) ;
#1555 = ORIENTED_EDGE ( 'NONE', *, *, #4608, .T. ) ;
#1556 = PRESENTATION_STYLE_ASSIGNMENT (( #6696 ) ) ;
#1557 =( NAMED_UNIT ( * ) PLANE_ANGLE_UNIT ( ) SI_UNIT ( $, .RADIAN. ) );
#1558 = MECHANICAL_DESIGN_GEOMETRIC_PRESENTATION_REPRESENTATION (  '', ( #3508 ), #2161 ) ;
#1559 = DIRECTION ( 'NONE',  ( 0.0000000000000000000, -1.000000000000000000, 0.0000000000000000000 ) ) ;
#1560 = FILL_AREA_STYLE_COLOUR ( '', #4124 ) ;
#1561 = UNCERTAINTY_MEASURE_WITH_UNIT (LENGTH_MEASURE( 1.000000000000000082E-05 ), #7359, 'distance_accuracy_value', 'NONE');
#1562 = CARTESIAN_POINT ( 'NONE',  ( 0.3718243443249449887, 0.1821600520004694190, -0.01000000000000000021 ) ) ;
#1563 = LINE ( 'NONE', #3772, #2231 ) ;
#1564 = ORIENTED_EDGE ( 'NONE', *, *, #2270, .F. ) ;
#1565 = PLANE ( 'NONE',  #2565 ) ;
#1566 = VERTEX_POINT ( 'NONE', #4322 ) ;
#1567 = CARTESIAN_POINT ( 'NONE',  ( -0.5076428370892442921, 0.1123048348530916868, -0.02000000000000000042 ) ) ;
#1568 = EDGE_CURVE ( 'NONE', #2178, #2505, #2484, .T. ) ;
#1569 = DIRECTION ( 'NONE',  ( 0.0000000000000000000, 0.0000000000000000000, -1.000000000000000000 ) ) ;
#1570 = FILL_AREA_STYLE_COLOUR ( '', #6657 ) ;
#1571 =( NAMED_UNIT ( * ) SI_UNIT ( $, .STERADIAN. ) SOLID_ANGLE_UNIT ( ) );
#1572 = ORIENTED_EDGE ( 'NONE', *, *, #6999, .F. ) ;
#1573 = SURFACE_STYLE_USAGE ( .BOTH. , #4390 ) ;
#1574 = COLOUR_RGB ( '',0.7529411764705882248, 0.7529411764705882248, 0.7529411764705882248 ) ;
#1575 = VECTOR ( 'NONE', #3525, 1000.000000000000000 ) ;
#1576 = ORIENTED_EDGE ( 'NONE', *, *, #2835, .T. ) ;
#1577 = CARTESIAN_POINT ( 'NONE',  ( 0.2249999999999998945, 1.215000000000000080, -0.02000000000000000042 ) ) ;
#1578 = EDGE_CURVE ( 'NONE', #6662, #7257, #1338, .T. ) ;
#1579 = CARTESIAN_POINT ( 'NONE',  ( -0.3400000000000000799, -1.215000000000000080, 0.2000000000000000111 ) ) ;
#1580 = UNCERTAINTY_MEASURE_WITH_UNIT (LENGTH_MEASURE( 1.000000000000000082E-05 ), #4164, 'distance_accuracy_value', 'NONE');
#1581 = ORIENTED_EDGE ( 'NONE', *, *, #3896, .F. ) ;
#1582 = DIRECTION ( 'NONE',  ( -0.0000000000000000000, 0.0000000000000000000, -1.000000000000000000 ) ) ;
#1583 = SURFACE_STYLE_USAGE ( .BOTH. , #4436 ) ;
#1584 = DIRECTION ( 'NONE',  ( -0.0000000000000000000, 0.0000000000000000000, -1.000000000000000000 ) ) ;
#1585 = DIRECTION ( 'NONE',  ( -1.000000000000000000, 0.0000000000000000000, 0.0000000000000000000 ) ) ;
#1586 = COLOUR_RGB ( '',0.7529411764705882248, 0.7529411764705882248, 0.7529411764705882248 ) ;
#1587 = VERTEX_POINT ( 'NONE', #173 ) ;
#1588 = SURFACE_STYLE_USAGE ( .BOTH. , #6348 ) ;
#1589 = STYLED_ITEM ( 'NONE', ( #4420 ), #6869 ) ;
#1590 = LINE ( 'NONE', #6309, #5494 ) ;
#1591 = SURFACE_STYLE_FILL_AREA ( #2735 ) ;
#1592 = CARTESIAN_POINT ( 'NONE',  ( 0.5600000000000000533, -1.510000000000000009, 0.2000000000000000111 ) ) ;
#1593 = AXIS2_PLACEMENT_3D ( 'NONE', #7083, #7004, #1381 ) ;
#1594 = ORIENTED_EDGE ( 'NONE', *, *, #7067, .F. ) ;
#1595 = STYLED_ITEM ( 'NONE', ( #143 ), #7106 ) ;
#1596 = DIRECTION ( 'NONE',  ( 0.0000000000000000000, -1.000000000000000000, 0.0000000000000000000 ) ) ;
#1597 = LINE ( 'NONE', #1667, #5728 ) ;
#1598 = PRESENTATION_STYLE_ASSIGNMENT (( #2742 ) ) ;
#1599 =( LENGTH_UNIT ( ) NAMED_UNIT ( * ) SI_UNIT ( .MILLI., .METRE. ) );
#1600 = AXIS2_PLACEMENT_3D ( 'NONE', #1854, #4125, #6469 ) ;
#1601 = VECTOR ( 'NONE', #3217, 1000.000000000000000 ) ;
#1602 = VECTOR ( 'NONE', #137, 1000.000000000000000 ) ;
#1603 = DIRECTION ( 'NONE',  ( 0.0000000000000000000, -0.0000000000000000000, 1.000000000000000000 ) ) ;
#1604 = CARTESIAN_POINT ( 'NONE',  ( 0.4056507803395671408, 0.02380432090354918373, -0.02000000000000000042 ) ) ;
#1605 = EDGE_LOOP ( 'NONE', ( #2805, #1617, #6929, #1726 ) ) ;
#1606 = DIRECTION ( 'NONE',  ( -1.000000000000000000, -1.445602896647339410E-16, 0.0000000000000000000 ) ) ;
#1607 = ADVANCED_FACE ( 'NONE', ( #7117 ), #1892, .T. ) ;
#1608 = ORIENTED_EDGE ( 'NONE', *, *, #4457, .T. ) ;
#1609 = SURFACE_STYLE_USAGE ( .BOTH. , #6820 ) ;
#1610 = FACE_OUTER_BOUND ( 'NONE', #5903, .T. ) ;
#1611 = DIRECTION ( 'NONE',  ( 1.000000000000000000, 0.0000000000000000000, -0.0000000000000000000 ) ) ;
#1612 =( LENGTH_UNIT ( ) NAMED_UNIT ( * ) SI_UNIT ( .MILLI., .METRE. ) );
#1613 = EDGE_LOOP ( 'NONE', ( #4192, #5189, #2961, #5309 ) ) ;
#1614 = EDGE_CURVE ( 'NONE', #6747, #1812, #749, .T. ) ;
#1615 = ADVANCED_FACE ( 'NONE', ( #942 ), #2617, .F. ) ;
#1616 = MECHANICAL_DESIGN_GEOMETRIC_PRESENTATION_REPRESENTATION (  '', ( #3922 ), #2699 ) ;
#1617 = ORIENTED_EDGE ( 'NONE', *, *, #3573, .T. ) ;
#1618 = FILL_AREA_STYLE ('',( #6864 ) ) ;
#1619 = ORIENTED_EDGE ( 'NONE', *, *, #241, .F. ) ;
#1620 = CARTESIAN_POINT ( 'NONE',  ( -0.2622336204751618549, 0.1659602439696881704, -0.02000000000000000042 ) ) ;
#1621 = SURFACE_STYLE_FILL_AREA ( #4590 ) ;
#1622 = LINE ( 'NONE', #1686, #2053 ) ;
#1623 = EDGE_CURVE ( 'NONE', #6365, #5555, #440, .T. ) ;
#1624 = ORIENTED_EDGE ( 'NONE', *, *, #1853, .F. ) ;
#1625 = DIRECTION ( 'NONE',  ( 1.000000000000000000, 0.0000000000000000000, -0.0000000000000000000 ) ) ;
#1626 = ORIENTED_EDGE ( 'NONE', *, *, #2160, .T. ) ;
#1627 = CARTESIAN_POINT ( 'NONE',  ( 0.2558304039150821052, 0.1708382927501759518, -0.02000000000000000042 ) ) ;
#1628 = UNCERTAINTY_MEASURE_WITH_UNIT (LENGTH_MEASURE( 1.000000000000000082E-05 ), #194, 'distance_accuracy_value', 'NONE');
#1629 = SURFACE_STYLE_FILL_AREA ( #5186 ) ;
#1630 = VERTEX_POINT ( 'NONE', #7294 ) ;
#1631 = COLOUR_RGB ( '',0.7529411764705882248, 0.7529411764705882248, 0.7529411764705882248 ) ;
#1632 = FILL_AREA_STYLE_COLOUR ( '', #371 ) ;
#1633 = CARTESIAN_POINT ( 'NONE',  ( 0.3959271219570360545, 0.07363327368528835293, -0.01000000000000000021 ) ) ;
#1634 = CARTESIAN_POINT ( 'NONE',  ( 0.3370954579221366321, 0.2005392541203611656, -0.01000000000000000021 ) ) ;
#1635 =( GEOMETRIC_REPRESENTATION_CONTEXT ( 3 ) GLOBAL_UNCERTAINTY_ASSIGNED_CONTEXT ( ( #5934 ) ) GLOBAL_UNIT_ASSIGNED_CONTEXT ( ( #3033, #1215, #2421 ) ) REPRESENTATION_CONTEXT ( 'NONE', 'WORKASPACE' ) );
#1636 = UNCERTAINTY_MEASURE_WITH_UNIT (LENGTH_MEASURE( 1.000000000000000082E-05 ), #5245, 'distance_accuracy_value', 'NONE');
#1637 = SURFACE_SIDE_STYLE ('',( #4095 ) ) ;
#1638 =( NAMED_UNIT ( * ) PLANE_ANGLE_UNIT ( ) SI_UNIT ( $, .RADIAN. ) );
#1639 = ORIENTED_EDGE ( 'NONE', *, *, #4544, .T. ) ;
#1640 = PLANE ( 'NONE',  #1489 ) ;
#1641 = CARTESIAN_POINT ( 'NONE',  ( 0.08410784293947239088, 0.2098626829940784255, -0.02000000000000000042 ) ) ;
#1642 = ORIENTED_EDGE ( 'NONE', *, *, #4170, .T. ) ;
#1643 = FILL_AREA_STYLE_COLOUR ( '', #1540 ) ;
#1644 = CARTESIAN_POINT ( 'NONE',  ( 0.6750000000000000444, 1.215000000000000080, 0.2000000000000000111 ) ) ;
#1645 = ORIENTED_EDGE ( 'NONE', *, *, #679, .F. ) ;
#1646 = ADVANCED_FACE ( 'NONE', ( #3304 ), #7331, .F. ) ;
#1647 = LINE ( 'NONE', #7531, #6442 ) ;
#1648 = VECTOR ( 'NONE', #7251, 1000.000000000000000 ) ;
#1649 = ORIENTED_EDGE ( 'NONE', *, *, #2255, .T. ) ;
#1650 = CARTESIAN_POINT ( 'NONE',  ( 0.4060590624516675629, 0.005594390311151550138, -0.01000000000000000021 ) ) ;
#1651 = DIRECTION ( 'NONE',  ( 1.445602896647339163E-16, -1.000000000000000000, 0.0000000000000000000 ) ) ;
#1652 = ORIENTED_EDGE ( 'NONE', *, *, #1107, .F. ) ;
#1653 =( NAMED_UNIT ( * ) PLANE_ANGLE_UNIT ( ) SI_UNIT ( $, .RADIAN. ) );
#1654 = FILL_AREA_STYLE_COLOUR ( '', #1421 ) ;
#1655 = STYLED_ITEM ( 'NONE', ( #1750 ), #5994 ) ;
#1656 = VECTOR ( 'NONE', #3522, 1000.000000000000000 ) ;
#1657 = COLOUR_RGB ( '',0.7529411764705882248, 0.7529411764705882248, 0.7529411764705882248 ) ;
#1658 = LINE ( 'NONE', #2689, #2371 ) ;
#1659 = ORIENTED_EDGE ( 'NONE', *, *, #6504, .T. ) ;
#1660 = FACE_OUTER_BOUND ( 'NONE', #5943, .T. ) ;
#1661 = ORIENTED_EDGE ( 'NONE', *, *, #3896, .T. ) ;
#1662 = CARTESIAN_POINT ( 'NONE',  ( 0.1839037518729717269, 0.1565394872394380577, -0.01000000000000000021 ) ) ;
#1663 = EDGE_CURVE ( 'NONE', #2505, #6208, #6180, .T. ) ;
#1664 = EDGE_CURVE ( 'NONE', #5295, #6740, #3381, .T. ) ;
#1665 = AXIS2_PLACEMENT_3D ( 'NONE', #4674, #2341, #1218 ) ;
#1666 = VERTEX_POINT ( 'NONE', #3456 ) ;
#1667 = CARTESIAN_POINT ( 'NONE',  ( 0.1099999999999998757, 1.215000000000000080, 0.2000000000000000111 ) ) ;
#1668 = FILL_AREA_STYLE_COLOUR ( '', #4677 ) ;
#1669 = CARTESIAN_POINT ( 'NONE',  ( 0.3742841185649279367, 0.1147034820817927070, -0.02000000000000000042 ) ) ;
#1670 = SURFACE_STYLE_FILL_AREA ( #5121 ) ;
#1671 = EDGE_CURVE ( 'NONE', #7506, #4282, #5226, .T. ) ;
#1672 = CARTESIAN_POINT ( 'NONE',  ( -0.4768677668166251271, 0.01374987811602959055, -0.01000000000000000021 ) ) ;
#1673 = LINE ( 'NONE', #3995, #117 ) ;
#1674 = ORIENTED_EDGE ( 'NONE', *, *, #6102, .F. ) ;
#1675 = CARTESIAN_POINT ( 'NONE',  ( 1.010000000000000009, 1.510000000000000009, -0.02000000000000000042 ) ) ;
#1676 = LINE ( 'NONE', #3512, #980 ) ;
#1677 = PRESENTATION_LAYER_ASSIGNMENT (  '', '', ( #6305 ) ) ;
#1678 = VERTEX_POINT ( 'NONE', #1060 ) ;
#1679 = DIRECTION ( 'NONE',  ( 0.0000000000000000000, 1.000000000000000000, 0.0000000000000000000 ) ) ;
#1680 = CARTESIAN_POINT ( 'NONE',  ( -0.4557810093796368922, 0.1695224752681614155, -0.02000000000000000042 ) ) ;
#1681 = ORIENTED_EDGE ( 'NONE', *, *, #5024, .F. ) ;
#1682 = FILL_AREA_STYLE ('',( #964 ) ) ;
#1683 = CARTESIAN_POINT ( 'NONE',  ( 0.0000000000000000000, 0.0000000000000000000, -0.01000000000000000021 ) ) ;
#1684 = VERTEX_POINT ( 'NONE', #548 ) ;
#1685 = PRESENTATION_STYLE_ASSIGNMENT (( #2292 ) ) ;
#1686 = CARTESIAN_POINT ( 'NONE',  ( -0.7900000000000001465, 1.215000000000000080, 0.2000000000000000111 ) ) ;
#1687 = COLOUR_RGB ( '',0.7529411764705882248, 0.7529411764705882248, 0.7529411764705882248 ) ;
#1688 = MECHANICAL_DESIGN_GEOMETRIC_PRESENTATION_REPRESENTATION (  '', ( #102 ), #5819 ) ;
#1689 = APPLICATION_PROTOCOL_DEFINITION ( 'draft international standard', 'automotive_design', 1998, #1828 ) ;
#1690 = EDGE_LOOP ( 'NONE', ( #2570, #4858, #452, #5377 ) ) ;
#1691 = ORIENTED_EDGE ( 'NONE', *, *, #3699, .F. ) ;
#1692 = PRESENTATION_STYLE_ASSIGNMENT (( #1588 ) ) ;
#1693 = CARTESIAN_POINT ( 'NONE',  ( -1.499999999999999334, -1.500000000000000000, 0.1999999999999999833 ) ) ;
#1694 = ORIENTED_EDGE ( 'NONE', *, *, #6595, .T. ) ;
#1695 = CARTESIAN_POINT ( 'NONE',  ( 0.1621566234272772411, 0.1452285366526149535, -0.01000000000000000021 ) ) ;
#1696 = STYLED_ITEM ( 'NONE', ( #2492 ), #6780 ) ;
#1697 = CARTESIAN_POINT ( 'NONE',  ( 0.4597175990370334087, 0.002316951286761314600, -0.02000000000000000042 ) ) ;
#1698 = UNCERTAINTY_MEASURE_WITH_UNIT (LENGTH_MEASURE( 1.000000000000000082E-05 ), #2836, 'distance_accuracy_value', 'NONE');
#1699 = ORIENTED_EDGE ( 'NONE', *, *, #614, .F. ) ;
#1700 = CARTESIAN_POINT ( 'NONE',  ( 1.240000000000000213, 1.215000000000000080, 0.2000000000000000111 ) ) ;
#1701 = EDGE_CURVE ( 'NONE', #3470, #6158, #1742, .T. ) ;
#1702 = STYLED_ITEM ( 'NONE', ( #448 ), #6949 ) ;
#1703 = ADVANCED_FACE ( 'NONE', ( #2269 ), #5115, .T. ) ;
#1704 = FILL_AREA_STYLE ('',( #3989 ) ) ;
#1705 = FACE_OUTER_BOUND ( 'NONE', #685, .T. ) ;
#1706 = FILL_AREA_STYLE ('',( #6923 ) ) ;
#1707 = CARTESIAN_POINT ( 'NONE',  ( -0.3619454841884987006, -0.1869359362408460623, -0.01000000000000000021 ) ) ;
#1708 =( GEOMETRIC_REPRESENTATION_CONTEXT ( 3 ) GLOBAL_UNCERTAINTY_ASSIGNED_CONTEXT ( ( #2924 ) ) GLOBAL_UNIT_ASSIGNED_CONTEXT ( ( #7479, #1137, #5183 ) ) REPRESENTATION_CONTEXT ( 'NONE', 'WORKASPACE' ) );
#1709 = PRESENTATION_LAYER_ASSIGNMENT (  '', '', ( #3290 ) ) ;
#1710 = VECTOR ( 'NONE', #4449, 1000.000000000000000 ) ;
#1711 = FACE_OUTER_BOUND ( 'NONE', #5770, .T. ) ;
#1712 = LINE ( 'NONE', #5196, #5632 ) ;
#1713 =( NAMED_UNIT ( * ) PLANE_ANGLE_UNIT ( ) SI_UNIT ( $, .RADIAN. ) );
#1714 = EDGE_CURVE ( 'NONE', #6389, #1852, #1984, .T. ) ;
#1715 = DIRECTION ( 'NONE',  ( 0.0000000000000000000, 0.0000000000000000000, 1.000000000000000000 ) ) ;
#1716 = MECHANICAL_DESIGN_GEOMETRIC_PRESENTATION_REPRESENTATION (  '', ( #2683 ), #7533 ) ;
#1717 = PRESENTATION_LAYER_ASSIGNMENT (  '', '', ( #3782 ) ) ;
#1718 = EDGE_LOOP ( 'NONE', ( #4726, #2283, #6334, #576 ) ) ;
#1719 = CARTESIAN_POINT ( 'NONE',  ( 0.2516095520313131328, 0.1707744765116404606, -0.02000000000000000042 ) ) ;
#1720 =( GEOMETRIC_REPRESENTATION_CONTEXT ( 3 ) GLOBAL_UNCERTAINTY_ASSIGNED_CONTEXT ( ( #3301 ) ) GLOBAL_UNIT_ASSIGNED_CONTEXT ( ( #3838, #5534, #3799 ) ) REPRESENTATION_CONTEXT ( 'NONE', 'WORKASPACE' ) );
#1721 = DIRECTION ( 'NONE',  ( 0.0000000000000000000, 0.0000000000000000000, 1.000000000000000000 ) ) ;
#1722 = VECTOR ( 'NONE', #201, 1000.000000000000000 ) ;
#1723 = STYLED_ITEM ( 'NONE', ( #3157 ), #5081 ) ;
#1724 = ORIENTED_EDGE ( 'NONE', *, *, #4813, .T. ) ;
#1725 = CARTESIAN_POINT ( 'NONE',  ( -0.4037441990163854189, 0.1969292772158851013, -0.02000000000000000042 ) ) ;
#1726 = ORIENTED_EDGE ( 'NONE', *, *, #5889, .F. ) ;
#1727 =( LENGTH_UNIT ( ) NAMED_UNIT ( * ) SI_UNIT ( .MILLI., .METRE. ) );
#1728 = MECHANICAL_DESIGN_GEOMETRIC_PRESENTATION_REPRESENTATION (  '', ( #4034 ), #1375 ) ;
#1729 = FACE_BOUND ( 'NONE', #4622, .T. ) ;
#1730 = VERTEX_POINT ( 'NONE', #3606 ) ;
#1731 = FACE_OUTER_BOUND ( 'NONE', #6953, .T. ) ;
#1732 = FILL_AREA_STYLE ('',( #5688 ) ) ;
#1733 = CARTESIAN_POINT ( 'NONE',  ( -1.240000000000000213, 1.500000000000000000, 0.0000000000000000000 ) ) ;
#1734 = CARTESIAN_POINT ( 'NONE',  ( 0.4568122749496870694, -0.03981054240897743263, -0.009999999999999991535 ) ) ;
#1735 = ORIENTED_EDGE ( 'NONE', *, *, #6102, .T. ) ;
#1736 = ORIENTED_EDGE ( 'NONE', *, *, #3201, .T. ) ;
#1737 = DIRECTION ( 'NONE',  ( 0.0000000000000000000, 0.0000000000000000000, 1.000000000000000000 ) ) ;
#1738 = CARTESIAN_POINT ( 'NONE',  ( -0.3828700272816151773, -0.1826899448584157204, -0.02000000000000000042 ) ) ;
#1739 = ORIENTED_EDGE ( 'NONE', *, *, #3421, .T. ) ;
#1740 = CARTESIAN_POINT ( 'NONE',  ( -0.7900000000000001465, 1.215000000000000080, -0.02000000000000000042 ) ) ;
#1741 = PLANE ( 'NONE',  #5909 ) ;
#1742 = LINE ( 'NONE', #3415, #2374 ) ;
#1743 = ORIENTED_EDGE ( 'NONE', *, *, #449, .F. ) ;
#1744 = EDGE_CURVE ( 'NONE', #6158, #1508, #4817, .T. ) ;
#1745 = CARTESIAN_POINT ( 'NONE',  ( -0.6565171570605277118, -0.07794219505470212361, -0.02000000000000000042 ) ) ;
#1746 = EDGE_CURVE ( 'NONE', #1035, #6596, #5965, .T. ) ;
#1747 = FACE_OUTER_BOUND ( 'NONE', #2759, .T. ) ;
#1748 = CARTESIAN_POINT ( 'NONE',  ( 0.1855629949600870188, -0.1808003922398013497, -0.02000000000000000042 ) ) ;
#1749 = DIRECTION ( 'NONE',  ( 1.000000000000000000, 0.0000000000000000000, 0.0000000000000000000 ) ) ;
#1750 = PRESENTATION_STYLE_ASSIGNMENT (( #6847 ) ) ;
#1751 = FILL_AREA_STYLE_COLOUR ( '', #5432 ) ;
#1752 = EDGE_CURVE ( 'NONE', #7280, #1061, #3686, .T. ) ;
#1753 = CARTESIAN_POINT ( 'NONE',  ( 0.4024919890846187509, 0.1565624802769368107, -0.009999999999999995004 ) ) ;
#1754 = CARTESIAN_POINT ( 'NONE',  ( -0.3400000000000000799, 1.215000000000000080, 0.2000000000000000111 ) ) ;
#1755 = SURFACE_STYLE_FILL_AREA ( #4215 ) ;
#1756 =( GEOMETRIC_REPRESENTATION_CONTEXT ( 3 ) GLOBAL_UNCERTAINTY_ASSIGNED_CONTEXT ( ( #807 ) ) GLOBAL_UNIT_ASSIGNED_CONTEXT ( ( #3090, #6544, #1268 ) ) REPRESENTATION_CONTEXT ( 'NONE', 'WORKASPACE' ) );
#1757 = CARTESIAN_POINT ( 'NONE',  ( 1.010000000000000009, -1.510000000000000009, 0.2000000000000000111 ) ) ;
#1758 = CARTESIAN_POINT ( 'NONE',  ( 0.5600000000000000533, 1.500000000000000000, 0.2000000000000000111 ) ) ;
#1759 = STYLED_ITEM ( 'NONE', ( #827 ), #3071 ) ;
#1760 = ORIENTED_EDGE ( 'NONE', *, *, #4877, .F. ) ;
#1761 = SURFACE_STYLE_USAGE ( .BOTH. , #5784 ) ;
#1762 = ADVANCED_FACE ( 'NONE', ( #165 ), #2541, .T. ) ;
#1763 = LINE ( 'NONE', #3095, #3494 ) ;
#1764 = ORIENTED_EDGE ( 'NONE', *, *, #4068, .F. ) ;
#1765 = CARTESIAN_POINT ( 'NONE',  ( -0.3214561814507716497, 0.2098626829940784255, -0.02000000000000000042 ) ) ;
#1766 = LINE ( 'NONE', #4811, #3177 ) ;
#1767 = LINE ( 'NONE', #5797, #1656 ) ;
#1768 = FILL_AREA_STYLE ('',( #5798 ) ) ;
#1769 = CARTESIAN_POINT ( 'NONE',  ( 0.4593479298697649149, -0.01911635365475601936, -0.009999999999999991535 ) ) ;
#1770 = MECHANICAL_DESIGN_GEOMETRIC_PRESENTATION_REPRESENTATION (  '', ( #6160 ), #3847 ) ;
#1771 = DIRECTION ( 'NONE',  ( 1.000000000000000000, 0.0000000000000000000, 0.0000000000000000000 ) ) ;
#1772 = VERTEX_POINT ( 'NONE', #7108 ) ;
#1773 = ORIENTED_EDGE ( 'NONE', *, *, #6196, .T. ) ;
#1774 = CARTESIAN_POINT ( 'NONE',  ( -0.5600000000000000533, -1.510000000000000009, -0.02000000000000000042 ) ) ;
#1775 = CARTESIAN_POINT ( 'NONE',  ( -0.3173403277922349219, -0.1901373170059216522, -0.02000000000000000042 ) ) ;
#1776 = FILL_AREA_STYLE ('',( #6350 ) ) ;
#1777 = ORIENTED_EDGE ( 'NONE', *, *, #6913, .F. ) ;
#1778 = SURFACE_SIDE_STYLE ('',( #6985 ) ) ;
#1779 =( NAMED_UNIT ( * ) SI_UNIT ( $, .STERADIAN. ) SOLID_ANGLE_UNIT ( ) );
#1780 = SURFACE_SIDE_STYLE ('',( #1629 ) ) ;
#1781 =( GEOMETRIC_REPRESENTATION_CONTEXT ( 3 ) GLOBAL_UNCERTAINTY_ASSIGNED_CONTEXT ( ( #3388 ) ) GLOBAL_UNIT_ASSIGNED_CONTEXT ( ( #3719, #199, #7030 ) ) REPRESENTATION_CONTEXT ( 'NONE', 'WORKASPACE' ) );
#1782 = PRESENTATION_LAYER_ASSIGNMENT (  '', '', ( #3361 ) ) ;
#1783 = PLANE ( 'NONE',  #4990 ) ;
#1784 = AXIS2_PLACEMENT_3D ( 'NONE', #5543, #2046, #6063 ) ;
#1785 = CARTESIAN_POINT ( 'NONE',  ( 0.7900000000000001465, 1.215000000000000080, 0.2000000000000000111 ) ) ;
#1786 = PRESENTATION_STYLE_ASSIGNMENT (( #27 ) ) ;
#1787 = VECTOR ( 'NONE', #6022, 1000.000000000000000 ) ;
#1788 = CARTESIAN_POINT ( 'NONE',  ( 0.3644406826545871225, 0.1262887235924114171, -0.01000000000000000021 ) ) ;
#1789 = COLOUR_RGB ( '',0.0000000000000000000, 0.0000000000000000000, 0.0000000000000000000 ) ;
#1790 =( NAMED_UNIT ( * ) SI_UNIT ( $, .STERADIAN. ) SOLID_ANGLE_UNIT ( ) );
#1791 = EDGE_CURVE ( 'NONE', #3987, #345, #2472, .T. ) ;
#1792 =( NAMED_UNIT ( * ) PLANE_ANGLE_UNIT ( ) SI_UNIT ( $, .RADIAN. ) );
#1793 = CARTESIAN_POINT ( 'NONE',  ( -0.4767297204084663953, 0.007596861514432420165, -0.02000000000000000042 ) ) ;
#1794 = CARTESIAN_POINT ( 'NONE',  ( 0.3956490148414885666, -0.1537073733094219685, -0.01000000000000000021 ) ) ;
#1795 = DIRECTION ( 'NONE',  ( 1.000000000000000000, 0.0000000000000000000, 0.0000000000000000000 ) ) ;
#1796 = SURFACE_STYLE_USAGE ( .BOTH. , #719 ) ;
#1797 = VERTEX_POINT ( 'NONE', #1960 ) ;
#1798 = VECTOR ( 'NONE', #5269, 1000.000000000000000 ) ;
#1799 =( NAMED_UNIT ( * ) SI_UNIT ( $, .STERADIAN. ) SOLID_ANGLE_UNIT ( ) );
#1800 = CARTESIAN_POINT ( 'NONE',  ( -0.3400000000000000244, 1.500000000000000000, 0.7299999999999999822 ) ) ;
#1801 = FILL_AREA_STYLE ('',( #6370 ) ) ;
#1802 = ADVANCED_FACE ( 'NONE', ( #5341 ), #4278, .T. ) ;
#1803 =( NAMED_UNIT ( * ) SI_UNIT ( $, .STERADIAN. ) SOLID_ANGLE_UNIT ( ) );
#1804 = CARTESIAN_POINT ( 'NONE',  ( -0.5160479996518747559, -0.06889595386421590306, -0.02000000000000000042 ) ) ;
#1805 =( NAMED_UNIT ( * ) PLANE_ANGLE_UNIT ( ) SI_UNIT ( $, .RADIAN. ) );
#1806 = DIRECTION ( 'NONE',  ( 1.000000000000000000, 0.0000000000000000000, -0.0000000000000000000 ) ) ;
#1807 = EDGE_CURVE ( 'NONE', #6001, #4005, #3832, .T. ) ;
#1808 = CARTESIAN_POINT ( 'NONE',  ( 0.4529104602195905827, -0.05943882898199199377, -0.02000000000000000042 ) ) ;
#1809 = PRESENTATION_STYLE_ASSIGNMENT (( #574 ) ) ;
#1810 = PRESENTATION_LAYER_ASSIGNMENT (  '', '', ( #1330 ) ) ;
#1811 = ORIENTED_EDGE ( 'NONE', *, *, #6586, .F. ) ;
#1812 = VERTEX_POINT ( 'NONE', #7248 ) ;
#1813 = FILL_AREA_STYLE_COLOUR ( '', #4263 ) ;
#1814 = LINE ( 'NONE', #88, #2679 ) ;
#1815 = VERTEX_POINT ( 'NONE', #6794 ) ;
#1816 = CARTESIAN_POINT ( 'NONE',  ( -0.7389642144102407384, 0.1523334377386271199, -0.01000000000000000021 ) ) ;
#1817 = COLOUR_RGB ( '',0.0000000000000000000, 0.0000000000000000000, 0.0000000000000000000 ) ;
#1818 = DIRECTION ( 'NONE',  ( 0.0000000000000000000, 0.0000000000000000000, 1.000000000000000000 ) ) ;
#1819 = STYLED_ITEM ( 'NONE', ( #5406 ), #1265 ) ;
#1820 = ORIENTED_EDGE ( 'NONE', *, *, #5781, .F. ) ;
#1821 = MECHANICAL_DESIGN_GEOMETRIC_PRESENTATION_REPRESENTATION (  '', ( #3887 ), #3043 ) ;
#1822 = DIRECTION ( 'NONE',  ( 0.0000000000000000000, 0.0000000000000000000, 1.000000000000000000 ) ) ;
#1823 = SURFACE_SIDE_STYLE ('',( #6711 ) ) ;
#1824 = SURFACE_STYLE_FILL_AREA ( #673 ) ;
#1825 = CARTESIAN_POINT ( 'NONE',  ( -0.6183311814507717052, -0.1901373170059216522, -0.02000000000000000042 ) ) ;
#1826 = PLANE ( 'NONE',  #6682 ) ;
#1827 = PRESENTATION_LAYER_ASSIGNMENT (  '', '', ( #4499 ) ) ;
#1828 = APPLICATION_CONTEXT ( 'automotive_design' ) ;
#1829 = CARTESIAN_POINT ( 'NONE',  ( 0.3220035648673486572, -0.1407917714460156788, -0.02000000000000000042 ) ) ;
#1830 = CARTESIAN_POINT ( 'NONE',  ( -0.2250000000000000888, 1.215000000000000080, 0.2000000000000000111 ) ) ;
#1831 = VECTOR ( 'NONE', #4992, 1000.000000000000000 ) ;
#1832 = PRESENTATION_LAYER_ASSIGNMENT (  '', '', ( #3302 ) ) ;
#1833 = VECTOR ( 'NONE', #219, 1000.000000000000000 ) ;
#1834 = VERTEX_POINT ( 'NONE', #4959 ) ;
#1835 = DIRECTION ( 'NONE',  ( 0.0000000000000000000, -1.000000000000000000, 0.0000000000000000000 ) ) ;
#1836 = VECTOR ( 'NONE', #2875, 1000.000000000000000 ) ;
#1837 = LINE ( 'NONE', #6369, #5012 ) ;
#1838 = VECTOR ( 'NONE', #5552, 1000.000000000000000 ) ;
#1839 = EDGE_CURVE ( 'NONE', #2593, #6791, #7215, .T. ) ;
#1840 = SURFACE_STYLE_FILL_AREA ( #6444 ) ;
#1841 =( GEOMETRIC_REPRESENTATION_CONTEXT ( 3 ) GLOBAL_UNCERTAINTY_ASSIGNED_CONTEXT ( ( #6527 ) ) GLOBAL_UNIT_ASSIGNED_CONTEXT ( ( #1049, #3943, #5105 ) ) REPRESENTATION_CONTEXT ( 'NONE', 'WORKASPACE' ) );
#1842 = DIRECTION ( 'NONE',  ( 1.000000000000000000, 0.0000000000000000000, 0.0000000000000000000 ) ) ;
#1843 = VECTOR ( 'NONE', #6677, 1000.000000000000000 ) ;
#1844 = EDGE_CURVE ( 'NONE', #345, #5462, #4311, .T. ) ;
#1845 = FILL_AREA_STYLE ('',( #7021 ) ) ;
#1846 = CYLINDRICAL_SURFACE ( 'NONE', #2452, 0.1255198065735227408 ) ;
#1847 = DIRECTION ( 'NONE',  ( 1.000000000000000000, 0.0000000000000000000, 0.0000000000000000000 ) ) ;
#1848 = ORIENTED_EDGE ( 'NONE', *, *, #3656, .T. ) ;
#1849 = ORIENTED_EDGE ( 'NONE', *, *, #4551, .F. ) ;
#1850 = DIRECTION ( 'NONE',  ( -0.0000000000000000000, 1.000000000000000000, -0.0000000000000000000 ) ) ;
#1851 = CARTESIAN_POINT ( 'NONE',  ( -0.4391857061999782652, -0.1589850383230197173, -0.009999999999999995004 ) ) ;
#1852 = VERTEX_POINT ( 'NONE', #5568 ) ;
#1853 = EDGE_CURVE ( 'NONE', #3413, #430, #3597, .T. ) ;
#1854 = CARTESIAN_POINT ( 'NONE',  ( -1.222311323609513556, -1.208820028646933720, 0.7199999999999999734 ) ) ;
#1855 = ORIENTED_EDGE ( 'NONE', *, *, #6734, .T. ) ;
#1856 = DIRECTION ( 'NONE',  ( -0.0000000000000000000, 1.000000000000000000, -0.0000000000000000000 ) ) ;
#1857 = CARTESIAN_POINT ( 'NONE',  ( 0.3399999999999999134, -1.510000000000000009, -0.02000000000000000042 ) ) ;
#1858 = CARTESIAN_POINT ( 'NONE',  ( 0.2292378136120574172, 0.2138261502681338133, -0.01000000000000000021 ) ) ;
#1859 = SURFACE_STYLE_FILL_AREA ( #4722 ) ;
#1860 = CARTESIAN_POINT ( 'NONE',  ( 0.4564923984606819585, 0.04760047970896828101, -0.02000000000000000042 ) ) ;
#1861 = CARTESIAN_POINT ( 'NONE',  ( -0.2622336204751618549, -0.1462348779815314248, -0.02000000000000000042 ) ) ;
#1862 = ORIENTED_EDGE ( 'NONE', *, *, #212, .T. ) ;
#1863 =( GEOMETRIC_REPRESENTATION_CONTEXT ( 3 ) GLOBAL_UNCERTAINTY_ASSIGNED_CONTEXT ( ( #6123 ) ) GLOBAL_UNIT_ASSIGNED_CONTEXT ( ( #5768, #4524, #2732 ) ) REPRESENTATION_CONTEXT ( 'NONE', 'WORKASPACE' ) );
#1864 = CARTESIAN_POINT ( 'NONE',  ( -0.1100000000000000699, 0.0000000000000000000, 0.0000000000000000000 ) ) ;
#1865 = VECTOR ( 'NONE', #5658, 1000.000000000000000 ) ;
#1866 =( NAMED_UNIT ( * ) SI_UNIT ( $, .STERADIAN. ) SOLID_ANGLE_UNIT ( ) );
#1867 = PRESENTATION_LAYER_ASSIGNMENT (  '', '', ( #6859 ) ) ;
#1868 = EDGE_CURVE ( 'NONE', #1917, #7484, #1997, .T. ) ;
#1869 = DIRECTION ( 'NONE',  ( 0.0000000000000000000, -1.000000000000000000, 0.0000000000000000000 ) ) ;
#1870 = EDGE_CURVE ( 'NONE', #6844, #6162, #4476, .T. ) ;
#1871 =( LENGTH_UNIT ( ) NAMED_UNIT ( * ) SI_UNIT ( .MILLI., .METRE. ) );
#1872 = CARTESIAN_POINT ( 'NONE',  ( 0.3125772462698315213, -0.1920102303826490553, -0.02000000000000000042 ) ) ;
#1873 = ORIENTED_EDGE ( 'NONE', *, *, #912, .T. ) ;
#1874 = VERTEX_POINT ( 'NONE', #2146 ) ;
#1875 = DIRECTION ( 'NONE',  ( 0.0000000000000000000, 0.0000000000000000000, 1.000000000000000000 ) ) ;
#1876 = CARTESIAN_POINT ( 'NONE',  ( -0.4026807919109991474, -0.1764536436331018143, -0.009999999999999995004 ) ) ;
#1877 = LINE ( 'NONE', #4196, #4626 ) ;
#1878 = ORIENTED_EDGE ( 'NONE', *, *, #2968, .T. ) ;
#1879 =( NAMED_UNIT ( * ) SI_UNIT ( $, .STERADIAN. ) SOLID_ANGLE_UNIT ( ) );
#1880 = SURFACE_STYLE_USAGE ( .BOTH. , #5927 ) ;
#1881 =( NAMED_UNIT ( * ) PLANE_ANGLE_UNIT ( ) SI_UNIT ( $, .RADIAN. ) );
#1882 = SURFACE_STYLE_USAGE ( .BOTH. , #1181 ) ;
#1883 = VECTOR ( 'NONE', #3598, 1000.000000000000000 ) ;
#1884 = CARTESIAN_POINT ( 'NONE',  ( -0.4768677668166251271, 0.01374987811602959055, -0.02000000000000000042 ) ) ;
#1885 = ORIENTED_EDGE ( 'NONE', *, *, #4874, .T. ) ;
#1886 = PLANE ( 'NONE',  #1246 ) ;
#1887 = ADVANCED_FACE ( 'NONE', ( #7281 ), #6723, .T. ) ;
#1888 = EDGE_CURVE ( 'NONE', #2837, #6740, #3792, .T. ) ;
#1889 = SURFACE_STYLE_FILL_AREA ( #4285 ) ;
#1890 = FACE_OUTER_BOUND ( 'NONE', #7143, .T. ) ;
#1891 = STYLED_ITEM ( 'NONE', ( #3344 ), #1646 ) ;
#1892 = PLANE ( 'NONE',  #4477 ) ;
#1893 = CARTESIAN_POINT ( 'NONE',  ( 0.4520456550992995592, 0.06871807789104632247, -0.02000000000000000042 ) ) ;
#1894 = CARTESIAN_POINT ( 'NONE',  ( 0.3399999999999999134, -1.215000000000000080, -0.02000000000000000042 ) ) ;
#1895 = DIRECTION ( 'NONE',  ( 0.0000000000000000000, 1.000000000000000000, 0.0000000000000000000 ) ) ;
#1896 = VECTOR ( 'NONE', #2995, 1000.000000000000000 ) ;
#1897 = STYLED_ITEM ( 'NONE', ( #4424 ), #5553 ) ;
#1898 = EDGE_CURVE ( 'NONE', #6075, #1030, #3223, .T. ) ;
#1899 = CARTESIAN_POINT ( 'NONE',  ( 0.2648243063541065867, -0.1511129267620191785, -0.01000000000000000021 ) ) ;
#1900 = SURFACE_STYLE_USAGE ( .BOTH. , #5400 ) ;
#1901 = ORIENTED_EDGE ( 'NONE', *, *, #3323, .F. ) ;
#1902 = VECTOR ( 'NONE', #500, 1000.000000000000000 ) ;
#1903 = VECTOR ( 'NONE', #1225, 1000.000000000000000 ) ;
#1904 =( LENGTH_UNIT ( ) NAMED_UNIT ( * ) SI_UNIT ( .MILLI., .METRE. ) );
#1905 =( LENGTH_UNIT ( ) NAMED_UNIT ( * ) SI_UNIT ( .MILLI., .METRE. ) );
#1906 =( NAMED_UNIT ( * ) PLANE_ANGLE_UNIT ( ) SI_UNIT ( $, .RADIAN. ) );
#1907 = CARTESIAN_POINT ( 'NONE',  ( -0.7430606779380006799, 0.1346293484826396325, -0.01000000000000000021 ) ) ;
#1908 = VECTOR ( 'NONE', #653, 1000.000000000000000 ) ;
#1909 = CARTESIAN_POINT ( 'NONE',  ( 0.08410784293947239088, -0.1901373170059216522, -0.02000000000000000042 ) ) ;
#1910 = CARTESIAN_POINT ( 'NONE',  ( -0.5076511652077771997, -0.08706942400399626802, -0.02000000000000000042 ) ) ;
#1911 = CARTESIAN_POINT ( 'NONE',  ( -0.1305263034019910895, -0.1901373170059216522, -0.02000000000000000042 ) ) ;
#1912 = ORIENTED_EDGE ( 'NONE', *, *, #3884, .T. ) ;
#1913 = ORIENTED_EDGE ( 'NONE', *, *, #922, .T. ) ;
#1914 = LINE ( 'NONE', #3828, #2324 ) ;
#1915 = DIRECTION ( 'NONE',  ( -1.000000000000000000, 0.0000000000000000000, 0.0000000000000000000 ) ) ;
#1916 = SURFACE_STYLE_FILL_AREA ( #5960 ) ;
#1917 = VERTEX_POINT ( 'NONE', #5529 ) ;
#1918 = CARTESIAN_POINT ( 'NONE',  ( -0.5160269268056794090, 0.09498421971176863876, -0.02000000000000000042 ) ) ;
#1919 = CARTESIAN_POINT ( 'NONE',  ( -0.2085750838897959536, 0.2098626829940784255, -0.02000000000000000042 ) ) ;
#1920 = SURFACE_STYLE_FILL_AREA ( #6044 ) ;
#1921 = B_SPLINE_SURFACE_WITH_KNOTS ( 'NONE', 3, 1, ( 
 ( #3377, #6462 ),
 ( #127, #1365 ),
 ( #3111, #5299 ),
 ( #6566, #196 ),
 ( #3682, #5844 ),
 ( #3567, #5335 ),
 ( #5882, #5381 ),
 ( #4784, #4713 ),
 ( #2992, #50 ),
 ( #2536, #623 ),
 ( #7027, #704 ) ),
 .UNSPECIFIED., .F., .F., .F.,
 ( 4, 1, 1, 1, 1, 1, 1, 1, 4 ),
 ( 2, 2 ),
 ( 0.0000000000000000000, 0.1181659956194980321, 0.2373481794415771562, 0.3578242970291786174, 0.4799483455657547193, 0.6051839811641279709, 0.7332343420752513996, 0.8647053952365709728, 1.000000000000000000 ),
 ( 0.0000000000000000000, 1.000000000000000000 ),
 .UNSPECIFIED. ) ;
#1922 =( NAMED_UNIT ( * ) PLANE_ANGLE_UNIT ( ) SI_UNIT ( $, .RADIAN. ) );
#1923 = CARTESIAN_POINT ( 'NONE',  ( 0.7900000000000001465, -1.510000000000000009, -0.02000000000000000042 ) ) ;
#1924 = ORIENTED_EDGE ( 'NONE', *, *, #1289, .F. ) ;
#1925 = DIRECTION ( 'NONE',  ( 0.0000000000000000000, 0.0000000000000000000, 1.000000000000000000 ) ) ;
#1926 = FILL_AREA_STYLE ('',( #6579 ) ) ;
#1927 = CARTESIAN_POINT ( 'NONE',  ( 0.2425575115995259601, 0.2146423099744507179, -0.01000000000000000021 ) ) ;
#1928 = CARTESIAN_POINT ( 'NONE',  ( -0.8037732546215033969, -0.03403975603031187541, -0.01000000000000000021 ) ) ;
#1929 = CARTESIAN_POINT ( 'NONE',  ( 0.4568122749496870694, -0.03981054240897743263, -0.02000000000000000042 ) ) ;
#1930 = EDGE_CURVE ( 'NONE', #2919, #465, #316, .T. ) ;
#1931 = FILL_AREA_STYLE_COLOUR ( '', #5201 ) ;
#1932 = CARTESIAN_POINT ( 'NONE',  ( -0.4767366545836608238, 0.01987823217104281101, -0.02000000000000000042 ) ) ;
#1933 = EDGE_CURVE ( 'NONE', #378, #5883, #1767, .T. ) ;
#1934 = UNCERTAINTY_MEASURE_WITH_UNIT (LENGTH_MEASURE( 1.000000000000000082E-05 ), #5913, 'distance_accuracy_value', 'NONE');
#1935 = FACE_OUTER_BOUND ( 'NONE', #3403, .T. ) ;
#1936 = DIRECTION ( 'NONE',  ( 0.0000000000000000000, 0.0000000000000000000, 1.000000000000000000 ) ) ;
#1937 = ORIENTED_EDGE ( 'NONE', *, *, #4031, .F. ) ;
#1938 = VECTOR ( 'NONE', #5289, 1000.000000000000000 ) ;
#1939 = CARTESIAN_POINT ( 'NONE',  ( 0.1718320771140527670, 0.2028145532054540512, -0.02000000000000000042 ) ) ;
#1940 = DIRECTION ( 'NONE',  ( 1.000000000000000000, 0.0000000000000000000, 0.0000000000000000000 ) ) ;
#1941 = FILL_AREA_STYLE ('',( #4772 ) ) ;
#1942 = CARTESIAN_POINT ( 'NONE',  ( -0.7379407379005095136, 0.1580072456008028980, -0.01000000000000000021 ) ) ;
#1943 =( GEOMETRIC_REPRESENTATION_CONTEXT ( 3 ) GLOBAL_UNCERTAINTY_ASSIGNED_CONTEXT ( ( #272 ) ) GLOBAL_UNIT_ASSIGNED_CONTEXT ( ( #992, #1713, #521 ) ) REPRESENTATION_CONTEXT ( 'NONE', 'WORKASPACE' ) );
#1944 = CARTESIAN_POINT ( 'NONE',  ( 0.0000000000000000000, 0.2098626829940784255, -0.01000000000000000021 ) ) ;
#1945 = UNCERTAINTY_MEASURE_WITH_UNIT (LENGTH_MEASURE( 1.000000000000000082E-05 ), #3008, 'distance_accuracy_value', 'NONE');
#1946 = SURFACE_SIDE_STYLE ('',( #7311 ) ) ;
#1947 = CARTESIAN_POINT ( 'NONE',  ( -0.6565171570605277118, -0.07794219505470212361, -0.01000000000000000021 ) ) ;
#1948 = CARTESIAN_POINT ( 'NONE',  ( -0.4745664640322767580, -0.02178324729017539624, -0.01000000000000000021 ) ) ;
#1949 = MECHANICAL_DESIGN_GEOMETRIC_PRESENTATION_REPRESENTATION (  '', ( #6818 ), #3062 ) ;
#1950 = LINE ( 'NONE', #654, #1938 ) ;
#1951 = ORIENTED_EDGE ( 'NONE', *, *, #2163, .T. ) ;
#1952 = ORIENTED_EDGE ( 'NONE', *, *, #2402, .T. ) ;
#1953 = SURFACE_STYLE_FILL_AREA ( #3680 ) ;
#1954 = PRESENTATION_LAYER_ASSIGNMENT (  '', '', ( #864 ) ) ;
#1955 = DIRECTION ( 'NONE',  ( 1.000000000000000000, 0.0000000000000000000, 0.0000000000000000000 ) ) ;
#1956 = AXIS2_PLACEMENT_3D ( 'NONE', #6077, #3829, #4822 ) ;
#1957 = VERTEX_POINT ( 'NONE', #425 ) ;
#1958 = CARTESIAN_POINT ( 'NONE',  ( -0.4557810093796368922, 0.1695224752681614155, -0.01000000000000000021 ) ) ;
#1959 = CARTESIAN_POINT ( 'NONE',  ( 0.0000000000000000000, -0.1901373170059216522, -0.01000000000000000021 ) ) ;
#1960 = CARTESIAN_POINT ( 'NONE',  ( 0.6450834526955699921, -0.1462348779815314248, -0.01000000000000000021 ) ) ;
#1961 = STYLED_ITEM ( 'NONE', ( #787 ), #5091 ) ;
#1962 = DIRECTION ( 'NONE',  ( 0.0000000000000000000, -1.000000000000000000, 0.0000000000000000000 ) ) ;
#1963 = LINE ( 'NONE', #5387, #2508 ) ;
#1964 = ORIENTED_EDGE ( 'NONE', *, *, #4354, .F. ) ;
#1965 = CARTESIAN_POINT ( 'NONE',  ( -0.2250000000000000888, 1.215000000000000080, 0.0000000000000000000 ) ) ;
#1966 = DIRECTION ( 'NONE',  ( 0.0000000000000000000, 0.0000000000000000000, -1.000000000000000000 ) ) ;
#1967 = SURFACE_STYLE_USAGE ( .BOTH. , #4209 ) ;
#1968 = SURFACE_SIDE_STYLE ('',( #208 ) ) ;
#1969 = AXIS2_PLACEMENT_3D ( 'NONE', #2244, #4653, #561 ) ;
#1970 = CARTESIAN_POINT ( 'NONE',  ( 0.3956490148414885666, -0.1537073733094219685, -0.02000000000000000042 ) ) ;
#1971 = ADVANCED_FACE ( 'NONE', ( #3938 ), #6942, .T. ) ;
#1972 = ADVANCED_FACE ( 'NONE', ( #3443 ), #462, .T. ) ;
#1973 = CARTESIAN_POINT ( 'NONE',  ( 0.03044930635410657283, 0.1659602439696881704, -0.02000000000000000042 ) ) ;
#1974 = COLOUR_RGB ( '',0.7529411764705882248, 0.7529411764705882248, 0.7529411764705882248 ) ;
#1975 = CARTESIAN_POINT ( 'NONE',  ( -0.7646726448654057595, 0.2098626829940784255, -0.02000000000000000042 ) ) ;
#1976 =( LENGTH_UNIT ( ) NAMED_UNIT ( * ) SI_UNIT ( .MILLI., .METRE. ) );
#1977 = ORIENTED_EDGE ( 'NONE', *, *, #2121, .F. ) ;
#1978 = CARTESIAN_POINT ( 'NONE',  ( -1.499999999999999334, -1.500000000000000000, 0.0000000000000000000 ) ) ;
#1979 = LINE ( 'NONE', #5991, #6486 ) ;
#1980 = PLANE ( 'NONE',  #5835 ) ;
#1981 = PRESENTATION_STYLE_ASSIGNMENT (( #1457 ) ) ;
#1982 = EDGE_CURVE ( 'NONE', #3931, #1283, #2331, .T. ) ;
#1983 = ADVANCED_FACE ( 'NONE', ( #2222 ), #3941, .T. ) ;
#1984 = B_SPLINE_CURVE_WITH_KNOTS ( 'NONE', 3,
 ( #6537, #708, #6612, #781, #1369, #5423, #1291, #2510, #1329, #6466, #3645 ),
 .UNSPECIFIED., .F., .F.,
 ( 4, 1, 1, 1, 1, 1, 1, 1, 4 ),
 ( 0.0000000000000000000, 0.1352946047634290272, 0.2667656579247485449, 0.3948160188358720846, 0.5200516544342452807, 0.6421757029708213826, 0.7626518205584228438, 0.8818340043805019679, 1.000000000000000000 ),
 .UNSPECIFIED. ) ;
#1985 = EDGE_CURVE ( 'NONE', #6596, #4857, #5834, .T. ) ;
#1986 = VECTOR ( 'NONE', #2902, 1000.000000000000000 ) ;
#1987 = AXIS2_PLACEMENT_3D ( 'NONE', #786, #2078, #939 ) ;
#1988 = SURFACE_STYLE_FILL_AREA ( #7207 ) ;
#1989 = DIRECTION ( 'NONE',  ( 0.0000000000000000000, 1.000000000000000000, 0.0000000000000000000 ) ) ;
#1990 =( GEOMETRIC_REPRESENTATION_CONTEXT ( 3 ) GLOBAL_UNCERTAINTY_ASSIGNED_CONTEXT ( ( #7130 ) ) GLOBAL_UNIT_ASSIGNED_CONTEXT ( ( #7333, #4936, #2005 ) ) REPRESENTATION_CONTEXT ( 'NONE', 'WORKASPACE' ) );
#1991 = ORIENTED_EDGE ( 'NONE', *, *, #5511, .T. ) ;
#1992 = VERTEX_POINT ( 'NONE', #5369 ) ;
#1993 = LINE ( 'NONE', #1541, #3296 ) ;
#1994 = VECTOR ( 'NONE', #6951, 1000.000000000000000 ) ;
#1995 = VERTEX_POINT ( 'NONE', #4186 ) ;
#1996 =( NAMED_UNIT ( * ) PLANE_ANGLE_UNIT ( ) SI_UNIT ( $, .RADIAN. ) );
#1997 = LINE ( 'NONE', #2685, #1301 ) ;
#1998 =( NAMED_UNIT ( * ) SI_UNIT ( $, .STERADIAN. ) SOLID_ANGLE_UNIT ( ) );
#1999 = LINE ( 'NONE', #6008, #1037 ) ;
#2000 = ORIENTED_EDGE ( 'NONE', *, *, #2697, .F. ) ;
#2001 = CARTESIAN_POINT ( 'NONE',  ( 0.6450834526955699921, 0.2098626829940784255, -0.02000000000000000042 ) ) ;
#2002 = CARTESIAN_POINT ( 'NONE',  ( 0.1734711291662486277, -0.1756507561949244012, -0.01000000000000000021 ) ) ;
#2003 = COLOUR_RGB ( '',0.0000000000000000000, 0.0000000000000000000, 0.0000000000000000000 ) ;
#2004 =( NAMED_UNIT ( * ) SI_UNIT ( $, .STERADIAN. ) SOLID_ANGLE_UNIT ( ) );
#2005 =( NAMED_UNIT ( * ) SI_UNIT ( $, .STERADIAN. ) SOLID_ANGLE_UNIT ( ) );
#2006 = UNCERTAINTY_MEASURE_WITH_UNIT (LENGTH_MEASURE( 1.000000000000000082E-05 ), #883, 'distance_accuracy_value', 'NONE');
#2007 = FACE_OUTER_BOUND ( 'NONE', #2227, .T. ) ;
#2008 = AXIS2_PLACEMENT_3D ( 'NONE', #6802, #6246, #6731 ) ;
#2009 = DIRECTION ( 'NONE',  ( -0.0000000000000000000, -0.0000000000000000000, -1.000000000000000000 ) ) ;
#2010 = MECHANICAL_DESIGN_GEOMETRIC_PRESENTATION_REPRESENTATION (  '', ( #6398 ), #2749 ) ;
#2011 = ORIENTED_EDGE ( 'NONE', *, *, #6779, .T. ) ;
#2012 = SURFACE_STYLE_FILL_AREA ( #148 ) ;
#2013 = STYLED_ITEM ( 'NONE', ( #4026 ), #6045 ) ;
#2014 = VECTOR ( 'NONE', #2724, 1000.000000000000000 ) ;
#2015 = CARTESIAN_POINT ( 'NONE',  ( 0.2558304039150821052, 0.1708382927501759518, -0.01000000000000000021 ) ) ;
#2016 = SURFACE_STYLE_USAGE ( .BOTH. , #840 ) ;
#2017 = VECTOR ( 'NONE', #300, 1000.000000000000000 ) ;
#2018 = DIRECTION ( 'NONE',  ( 0.0000000000000000000, -1.000000000000000000, 0.0000000000000000000 ) ) ;
#2019 = CARTESIAN_POINT ( 'NONE',  ( 0.0000000000000000000, -0.1901373170059216522, -0.01000000000000000021 ) ) ;
#2020 =( NAMED_UNIT ( * ) PLANE_ANGLE_UNIT ( ) SI_UNIT ( $, .RADIAN. ) );
#2021 = STYLED_ITEM ( 'NONE', ( #977 ), #5790 ) ;
#2022 =( NAMED_UNIT ( * ) PLANE_ANGLE_UNIT ( ) SI_UNIT ( $, .RADIAN. ) );
#2023 = COLOUR_RGB ( '',0.2509803921568627416, 0.2509803921568627416, 0.2509803921568627416 ) ;
#2024 = EDGE_CURVE ( 'NONE', #4229, #4593, #3069, .T. ) ;
#2025 = EDGE_CURVE ( 'NONE', #5015, #168, #5407, .T. ) ;
#2026 = DIRECTION ( 'NONE',  ( 0.0000000000000000000, 0.0000000000000000000, -1.000000000000000000 ) ) ;
#2027 = ORIENTED_EDGE ( 'NONE', *, *, #6275, .T. ) ;
#2028 = CARTESIAN_POINT ( 'NONE',  ( -1.240000000000000213, -1.215000000000000080, -0.02000000000000000042 ) ) ;
#2029 =( LENGTH_UNIT ( ) NAMED_UNIT ( * ) SI_UNIT ( .MILLI., .METRE. ) );
#2030 = EDGE_LOOP ( 'NONE', ( #2157, #84, #918, #6492 ) ) ;
#2031 = DIRECTION ( 'NONE',  ( 0.0000000000000000000, 0.0000000000000000000, -1.000000000000000000 ) ) ;
#2032 = UNCERTAINTY_MEASURE_WITH_UNIT (LENGTH_MEASURE( 1.000000000000000082E-05 ), #4104, 'distance_accuracy_value', 'NONE');
#2033 = FILL_AREA_STYLE_COLOUR ( '', #5482 ) ;
#2034 = COLOUR_RGB ( '',0.0000000000000000000, 0.0000000000000000000, 0.0000000000000000000 ) ;
#2035 = CARTESIAN_POINT ( 'NONE',  ( 1.189999999999999947, -0.8249999999999998446, 0.2000000000000000111 ) ) ;
#2036 = VERTEX_POINT ( 'NONE', #4736 ) ;
#2037 = DIRECTION ( 'NONE',  ( 0.0000000000000000000, 0.0000000000000000000, -1.000000000000000000 ) ) ;
#2038 = CARTESIAN_POINT ( 'NONE',  ( 0.1621566234272772411, -0.1694056096888484630, -0.02000000000000000042 ) ) ;
#2039 = SURFACE_STYLE_USAGE ( .BOTH. , #280 ) ;
#2040 = ORIENTED_EDGE ( 'NONE', *, *, #3231, .T. ) ;
#2041 = DIRECTION ( 'NONE',  ( 0.0000000000000000000, -1.000000000000000000, 0.0000000000000000000 ) ) ;
#2042 = LINE ( 'NONE', #2550, #1358 ) ;
#2043 = B_SPLINE_SURFACE_WITH_KNOTS ( 'NONE', 3, 1, ( 
 ( #1899, #6514 ),
 ( #7158, #4250 ),
 ( #67, #4765 ),
 ( #5983, #2400 ),
 ( #5315, #4725 ),
 ( #7039, #1829 ),
 ( #3584, #3015 ),
 ( #2440, #6210 ),
 ( #2661, #1518 ),
 ( #288, #7299 ),
 ( #4328, #328 ),
 ( #2703, #4972 ),
 ( #2044, #2087 ),
 ( #2623, #5506 ),
 ( #6138, #3734 ),
 ( #4939, #6660 ),
 ( #6737, #4414 ),
 ( #7225, #908 ),
 ( #4878, #4369 ) ),
 .UNSPECIFIED., .F., .F., .F.,
 ( 4, 1, 1, 1, 1, 1, 1, 1, 1, 1, 1, 1, 1, 1, 1, 1, 4 ),
 ( 2, 2 ),
 ( 0.0000000000000000000, 0.06481800302173290618, 0.1272455744744397377, 0.1871943186255020652, 0.2459982253399871643, 0.3036354505094760459, 0.3613670914474540474, 0.4197923154369557208, 0.4794110356087519786, 0.5397459325347868653, 0.6001148833068663535, 0.6614790841803233068, 0.7239231142601161295, 0.7886514816910884518, 0.8559208852739585982, 0.9262258806259363597, 1.000000000000000000 ),
 ( 0.0000000000000000000, 1.000000000000000000 ),
 .UNSPECIFIED. ) ;
#2044 = CARTESIAN_POINT ( 'NONE',  ( 0.3910655931650361961, -0.07285461469409842961, -0.01000000000000000021 ) ) ;
#2045 = DIRECTION ( 'NONE',  ( -0.0000000000000000000, -1.000000000000000000, 0.0000000000000000000 ) ) ;
#2046 = DIRECTION ( 'NONE',  ( 0.0000000000000000000, 0.0000000000000000000, -1.000000000000000000 ) ) ;
#2047 = VERTEX_POINT ( 'NONE', #4153 ) ;
#2048 = DIRECTION ( 'NONE',  ( -1.000000000000000000, 0.0000000000000000000, 0.0000000000000000000 ) ) ;
#2049 = CARTESIAN_POINT ( 'NONE',  ( 1.010000000000000009, -1.510000000000000009, 0.2000000000000000111 ) ) ;
#2050 = FILL_AREA_STYLE_COLOUR ( '', #6451 ) ;
#2051 = DIRECTION ( 'NONE',  ( 1.000000000000000000, 0.0000000000000000000, 0.0000000000000000000 ) ) ;
#2052 =( NAMED_UNIT ( * ) SI_UNIT ( $, .STERADIAN. ) SOLID_ANGLE_UNIT ( ) );
#2053 = VECTOR ( 'NONE', #1046, 1000.000000000000000 ) ;
#2054 = FILL_AREA_STYLE ('',( #6151 ) ) ;
#2055 = DIRECTION ( 'NONE',  ( 0.0000000000000000000, 1.000000000000000000, -0.0000000000000000000 ) ) ;
#2056 =( NAMED_UNIT ( * ) SI_UNIT ( $, .STERADIAN. ) SOLID_ANGLE_UNIT ( ) );
#2057 = VERTEX_POINT ( 'NONE', #189 ) ;
#2058 = VECTOR ( 'NONE', #7201, 1000.000000000000000 ) ;
#2059 = STYLED_ITEM ( 'NONE', ( #4808 ), #6811 ) ;
#2060 = EDGE_CURVE ( 'NONE', #2420, #6639, #2985, .T. ) ;
#2061 = CARTESIAN_POINT ( 'NONE',  ( 0.2648243063541065867, -0.1511129267620191785, -0.02000000000000000042 ) ) ;
#2062 = VERTEX_POINT ( 'NONE', #3281 ) ;
#2063 = LINE ( 'NONE', #2028, #488 ) ;
#2064 = MECHANICAL_DESIGN_GEOMETRIC_PRESENTATION_REPRESENTATION (  '', ( #5588 ), #2187 ) ;
#2065 = LINE ( 'NONE', #3483, #3407 ) ;
#2066 = ORIENTED_EDGE ( 'NONE', *, *, #872, .T. ) ;
#2067 = MECHANICAL_DESIGN_GEOMETRIC_PRESENTATION_REPRESENTATION (  '', ( #2059 ), #601 ) ;
#2068 = UNCERTAINTY_MEASURE_WITH_UNIT (LENGTH_MEASURE( 1.000000000000000082E-05 ), #5399, 'distance_accuracy_value', 'NONE');
#2069 = EDGE_CURVE ( 'NONE', #2751, #6365, #6191, .T. ) ;
#2070 =( LENGTH_UNIT ( ) NAMED_UNIT ( * ) SI_UNIT ( .MILLI., .METRE. ) );
#2071 = VECTOR ( 'NONE', #5759, 1000.000000000000000 ) ;
#2072 = CARTESIAN_POINT ( 'NONE',  ( -0.3173403277922349219, -0.1901373170059216522, -0.02000000000000000042 ) ) ;
#2073 = VECTOR ( 'NONE', #2987, 1000.000000000000000 ) ;
#2074 = STYLED_ITEM ( 'NONE', ( #7515 ), #7325 ) ;
#2075 = VECTOR ( 'NONE', #1390, 1000.000000000000000 ) ;
#2076 = SURFACE_SIDE_STYLE ('',( #4962 ) ) ;
#2077 = EDGE_LOOP ( 'NONE', ( #7176, #48, #1964, #6122 ) ) ;
#2078 = DIRECTION ( 'NONE',  ( 0.9417224702971433992, 0.3363908276654491436, 0.0000000000000000000 ) ) ;
#2079 = SURFACE_STYLE_FILL_AREA ( #321 ) ;
#2080 = SURFACE_STYLE_FILL_AREA ( #3230 ) ;
#2081 = EDGE_CURVE ( 'NONE', #2175, #382, #6031, .T. ) ;
#2082 = CARTESIAN_POINT ( 'NONE',  ( 0.2407219713403276895, -0.1935587831628079736, -0.01000000000000000021 ) ) ;
#2083 = AXIS2_PLACEMENT_3D ( 'NONE', #2559, #4009, #1168 ) ;
#2084 = VECTOR ( 'NONE', #4966, 1000.000000000000000 ) ;
#2085 = ORIENTED_EDGE ( 'NONE', *, *, #2830, .T. ) ;
#2086 = SURFACE_SIDE_STYLE ('',( #3844 ) ) ;
#2087 = CARTESIAN_POINT ( 'NONE',  ( 0.3910655931650361961, -0.07285461469409842961, -0.02000000000000000042 ) ) ;
#2088 = MECHANICAL_DESIGN_GEOMETRIC_PRESENTATION_REPRESENTATION (  '', ( #5241 ), #2933 ) ;
#2089 = DIRECTION ( 'NONE',  ( -1.548860246407863583E-16, -1.000000000000000000, 0.0000000000000000000 ) ) ;
#2090 = UNCERTAINTY_MEASURE_WITH_UNIT (LENGTH_MEASURE( 1.000000000000000082E-05 ), #3919, 'distance_accuracy_value', 'NONE');
#2091 = B_SPLINE_CURVE_WITH_KNOTS ( 'NONE', 3,
 ( #5114, #6877, #6313, #1095, #5738, #509, #2848 ),
 .UNSPECIFIED., .F., .F.,
 ( 4, 1, 1, 1, 4 ),
 ( 0.0000000000000000000, 0.1744817153170503676, 0.3982857591281118714, 0.6738978473986658724, 0.9999999999999998890 ),
 .UNSPECIFIED. ) ;
#2092 = ORIENTED_EDGE ( 'NONE', *, *, #4012, .T. ) ;
#2093 = DIRECTION ( 'NONE',  ( 1.000000000000000000, 0.0000000000000000000, 0.0000000000000000000 ) ) ;
#2094 =( NAMED_UNIT ( * ) PLANE_ANGLE_UNIT ( ) SI_UNIT ( $, .RADIAN. ) );
#2095 = VERTEX_POINT ( 'NONE', #4948 ) ;
#2096 = SURFACE_STYLE_FILL_AREA ( #919 ) ;
#2097 = VERTEX_POINT ( 'NONE', #6634 ) ;
#2098 = CARTESIAN_POINT ( 'NONE',  ( -0.5600000000000000533, -1.215000000000000080, -0.02000000000000000042 ) ) ;
#2099 = PLANE ( 'NONE',  #6177 ) ;
#2100 = ORIENTED_EDGE ( 'NONE', *, *, #25, .T. ) ;
#2101 = ORIENTED_EDGE ( 'NONE', *, *, #2828, .F. ) ;
#2102 = CARTESIAN_POINT ( 'NONE',  ( -1.499999999999999334, -1.500000000000000000, 0.0000000000000000000 ) ) ;
#2103 = FILL_AREA_STYLE ('',( #7318 ) ) ;
#2104 = ADVANCED_FACE ( 'NONE', ( #7314 ), #2099, .T. ) ;
#2105 = FACE_OUTER_BOUND ( 'NONE', #5127, .T. ) ;
#2106 = ORIENTED_EDGE ( 'NONE', *, *, #2060, .F. ) ;
#2107 = DIRECTION ( 'NONE',  ( -0.7071067811865471286, -0.7071067811865480168, 0.0000000000000000000 ) ) ;
#2108 = PRESENTATION_LAYER_ASSIGNMENT (  '', '', ( #5393 ) ) ;
#2109 = AXIS2_PLACEMENT_3D ( 'NONE', #1965, #6088, #2614 ) ;
#2110 = CARTESIAN_POINT ( 'NONE',  ( 0.1621566234272772411, -0.1694056096888484630, -0.02000000000000000042 ) ) ;
#2111 = ORIENTED_EDGE ( 'NONE', *, *, #716, .F. ) ;
#2112 = LINE ( 'NONE', #621, #1026 ) ;
#2113 = DIRECTION ( 'NONE',  ( 0.0000000000000000000, 0.0000000000000000000, -1.000000000000000000 ) ) ;
#2114 = CARTESIAN_POINT ( 'NONE',  ( 0.2516095520313131328, 0.1707744765116404606, -0.02000000000000000042 ) ) ;
#2115 = UNCERTAINTY_MEASURE_WITH_UNIT (LENGTH_MEASURE( 1.000000000000000082E-05 ), #3166, 'distance_accuracy_value', 'NONE');
#2116 = FILL_AREA_STYLE ('',( #438 ) ) ;
#2117 = ORIENTED_EDGE ( 'NONE', *, *, #5644, .F. ) ;
#2118 = DIRECTION ( 'NONE',  ( 1.000000000000000000, -0.0000000000000000000, -0.0000000000000000000 ) ) ;
#2119 = EDGE_CURVE ( 'NONE', #2403, #2723, #1428, .T. ) ;
#2120 = EDGE_CURVE ( 'NONE', #3869, #4568, #5923, .T. ) ;
#2121 = EDGE_CURVE ( 'NONE', #888, #7025, #6526, .T. ) ;
#2122 = LINE ( 'NONE', #1975, #2704 ) ;
#2123 = CARTESIAN_POINT ( 'NONE',  ( 0.2249999999999998945, -1.215000000000000080, 0.2000000000000000111 ) ) ;
#2124 = CYLINDRICAL_SURFACE ( 'NONE', #2611, 0.1150000000000000883 ) ;
#2125 = MECHANICAL_DESIGN_GEOMETRIC_PRESENTATION_REPRESENTATION (  '', ( #917 ), #4926 ) ;
#2126 = LINE ( 'NONE', #2859, #4081 ) ;
#2127 =( NAMED_UNIT ( * ) PLANE_ANGLE_UNIT ( ) SI_UNIT ( $, .RADIAN. ) );
#2128 =( NAMED_UNIT ( * ) SI_UNIT ( $, .STERADIAN. ) SOLID_ANGLE_UNIT ( ) );
#2129 = ADVANCED_FACE ( 'NONE', ( #4467 ), #6714, .T. ) ;
#2130 = COLOUR_RGB ( '',0.7529411764705882248, 0.7529411764705882248, 0.7529411764705882248 ) ;
#2131 = ORIENTED_EDGE ( 'NONE', *, *, #6966, .F. ) ;
#2132 = CARTESIAN_POINT ( 'NONE',  ( 0.2722175990370334087, -0.1950153657864094614, -0.009999999999999991535 ) ) ;
#2133 = ORIENTED_EDGE ( 'NONE', *, *, #5782, .F. ) ;
#2134 = LINE ( 'NONE', #4464, #7504 ) ;
#2135 = DIRECTION ( 'NONE',  ( -1.000000000000000000, 0.0000000000000000000, 0.0000000000000000000 ) ) ;
#2136 = COLOUR_RGB ( '',0.7529411764705882248, 0.7529411764705882248, 0.7529411764705882248 ) ;
#2137 = CARTESIAN_POINT ( 'NONE',  ( 0.1621566234272772411, -0.1255031706644582079, -0.01000000000000000021 ) ) ;
#2138 = ORIENTED_EDGE ( 'NONE', *, *, #1384, .F. ) ;
#2139 = DIRECTION ( 'NONE',  ( 1.000000000000000000, 0.0000000000000000000, 0.0000000000000000000 ) ) ;
#2140 = STYLED_ITEM ( 'NONE', ( #7195 ), #1210 ) ;
#2141 = COLOUR_RGB ( '',0.7529411764705882248, 0.7529411764705882248, 0.7529411764705882248 ) ;
#2142 = ORIENTED_EDGE ( 'NONE', *, *, #3523, .F. ) ;
#2143 = FACE_BOUND ( 'NONE', #496, .T. ) ;
#2144 = EDGE_LOOP ( 'NONE', ( #1500, #5766, #778, #5629 ) ) ;
#2145 = PRESENTATION_LAYER_ASSIGNMENT (  '', '', ( #1062 ) ) ;
#2146 = CARTESIAN_POINT ( 'NONE',  ( 1.189999999999999947, 0.8250000000000000666, 0.0000000000000000000 ) ) ;
#2147 = PRESENTATION_LAYER_ASSIGNMENT (  '', '', ( #7376 ) ) ;
#2148 = COLOUR_RGB ( '',0.0000000000000000000, 0.0000000000000000000, 0.0000000000000000000 ) ;
#2149 = FILL_AREA_STYLE_COLOUR ( '', #3469 ) ;
#2150 = ORIENTED_EDGE ( 'NONE', *, *, #2081, .T. ) ;
#2151 = PRESENTATION_STYLE_ASSIGNMENT (( #5611 ) ) ;
#2152 = SURFACE_STYLE_USAGE ( .BOTH. , #394 ) ;
#2153 = CARTESIAN_POINT ( 'NONE',  ( 0.2407219713403276895, -0.1935587831628079736, -0.01000000000000000021 ) ) ;
#2154 = CARTESIAN_POINT ( 'NONE',  ( 0.2187235157529946739, 0.1674252094094456078, -0.02000000000000000042 ) ) ;
#2155 = UNCERTAINTY_MEASURE_WITH_UNIT (LENGTH_MEASURE( 1.000000000000000082E-05 ), #6039, 'distance_accuracy_value', 'NONE');
#2156 = CARTESIAN_POINT ( 'NONE',  ( -0.3643434110002604087, 0.2069381446312552608, -0.01000000000000000021 ) ) ;
#2157 = ORIENTED_EDGE ( 'NONE', *, *, #7116, .T. ) ;
#2158 = DIRECTION ( 'NONE',  ( -1.000000000000000000, 0.0000000000000000000, 0.0000000000000000000 ) ) ;
#2159 = DIRECTION ( 'NONE',  ( 1.000000000000000000, -0.0000000000000000000, 0.0000000000000000000 ) ) ;
#2160 = EDGE_CURVE ( 'NONE', #6530, #2446, #5131, .T. ) ;
#2161 =( GEOMETRIC_REPRESENTATION_CONTEXT ( 3 ) GLOBAL_UNCERTAINTY_ASSIGNED_CONTEXT ( ( #6833 ) ) GLOBAL_UNIT_ASSIGNED_CONTEXT ( ( #4409, #5654, #3842 ) ) REPRESENTATION_CONTEXT ( 'NONE', 'WORKASPACE' ) );
#2162 = CARTESIAN_POINT ( 'NONE',  ( -0.4850961211666596218, -0.1198674648523793546, -0.01000000000000000021 ) ) ;
#2163 = EDGE_CURVE ( 'NONE', #7447, #3479, #2901, .T. ) ;
#2164 = EDGE_CURVE ( 'NONE', #7364, #3969, #1157, .T. ) ;
#2165 = FILL_AREA_STYLE ('',( #5048 ) ) ;
#2166 = CARTESIAN_POINT ( 'NONE',  ( -0.1100000000000000699, 1.510000000000000009, 0.2000000000000000111 ) ) ;
#2167 = FILL_AREA_STYLE_COLOUR ( '', #5721 ) ;
#2168 = ORIENTED_EDGE ( 'NONE', *, *, #949, .F. ) ;
#2169 = CARTESIAN_POINT ( 'NONE',  ( 0.2722175990370334087, -0.1950153657864094614, -0.02000000000000000042 ) ) ;
#2170 = EDGE_LOOP ( 'NONE', ( #4882, #2613, #1004, #800 ) ) ;
#2171 = SURFACE_STYLE_FILL_AREA ( #7389 ) ;
#2172 = CARTESIAN_POINT ( 'NONE',  ( -0.1207702058410154294, 0.2098626829940784255, -0.02000000000000000042 ) ) ;
#2173 = DIRECTION ( 'NONE',  ( 1.000000000000000000, 0.0000000000000000000, 0.0000000000000000000 ) ) ;
#2174 = SURFACE_STYLE_USAGE ( .BOTH. , #6368 ) ;
#2175 = VERTEX_POINT ( 'NONE', #6257 ) ;
#2176 = DIRECTION ( 'NONE',  ( 0.0000000000000000000, -1.000000000000000000, 0.0000000000000000000 ) ) ;
#2177 = VECTOR ( 'NONE', #7223, 1000.000000000000000 ) ;
#2178 = VERTEX_POINT ( 'NONE', #6297 ) ;
#2179 = CARTESIAN_POINT ( 'NONE',  ( 0.3843792147307389384, -0.08585995103556626207, -0.01000000000000000021 ) ) ;
#2180 = LINE ( 'NONE', #4514, #1836 ) ;
#2181 = ORIENTED_EDGE ( 'NONE', *, *, #3026, .T. ) ;
#2182 = FACE_BOUND ( 'NONE', #1014, .T. ) ;
#2183 =( NAMED_UNIT ( * ) SI_UNIT ( $, .STERADIAN. ) SOLID_ANGLE_UNIT ( ) );
#2184 =( GEOMETRIC_REPRESENTATION_CONTEXT ( 3 ) GLOBAL_UNCERTAINTY_ASSIGNED_CONTEXT ( ( #2032 ) ) GLOBAL_UNIT_ASSIGNED_CONTEXT ( ( #4104, #2451, #2982 ) ) REPRESENTATION_CONTEXT ( 'NONE', 'WORKASPACE' ) );
#2185 = DIRECTION ( 'NONE',  ( 0.0000000000000000000, -1.000000000000000000, 0.0000000000000000000 ) ) ;
#2186 = APPLICATION_PROTOCOL_DEFINITION ( 'draft international standard', 'automotive_design', 1998, #4491 ) ;
#2187 =( GEOMETRIC_REPRESENTATION_CONTEXT ( 3 ) GLOBAL_UNCERTAINTY_ASSIGNED_CONTEXT ( ( #4601 ) ) GLOBAL_UNIT_ASSIGNED_CONTEXT ( ( #5603, #6678, #1543 ) ) REPRESENTATION_CONTEXT ( 'NONE', 'WORKASPACE' ) );
#2188 = COLOUR_RGB ( '',0.7529411764705882248, 0.7529411764705882248, 0.7529411764705882248 ) ;
#2189 = FACE_OUTER_BOUND ( 'NONE', #6549, .T. ) ;
#2190 = EDGE_LOOP ( 'NONE', ( #4741, #2092, #3587, #2464 ) ) ;
#2191 = SURFACE_SIDE_STYLE ('',( #3450 ) ) ;
#2192 = VECTOR ( 'NONE', #6482, 1000.000000000000000 ) ;
#2193 = SURFACE_STYLE_FILL_AREA ( #6983 ) ;
#2194 = FILL_AREA_STYLE_COLOUR ( '', #1817 ) ;
#2195 = CARTESIAN_POINT ( 'NONE',  ( 0.1621566234272772411, -0.1694056096888484630, -0.01000000000000000021 ) ) ;
#2196 =( GEOMETRIC_REPRESENTATION_CONTEXT ( 3 ) GLOBAL_UNCERTAINTY_ASSIGNED_CONTEXT ( ( #6355 ) ) GLOBAL_UNIT_ASSIGNED_CONTEXT ( ( #4185, #3066, #5251 ) ) REPRESENTATION_CONTEXT ( 'NONE', 'WORKASPACE' ) );
#2197 = VECTOR ( 'NONE', #1150, 1000.000000000000000 ) ;
#2198 = ORIENTED_EDGE ( 'NONE', *, *, #1107, .T. ) ;
#2199 = COLOUR_RGB ( '',0.7529411764705882248, 0.7529411764705882248, 0.7529411764705882248 ) ;
#2200 = FILL_AREA_STYLE ('',( #443 ) ) ;
#2201 = CARTESIAN_POINT ( 'NONE',  ( 0.2668288015835965643, -0.1949521642622522588, -0.02000000000000000042 ) ) ;
#2202 = CARTESIAN_POINT ( 'NONE',  ( 0.4520456550992995592, 0.06871807789104632247, -0.01000000000000000021 ) ) ;
#2203 = ADVANCED_FACE ( 'NONE', ( #5787 ), #4617, .T. ) ;
#2204 =( NAMED_UNIT ( * ) PLANE_ANGLE_UNIT ( ) SI_UNIT ( $, .RADIAN. ) );
#2205 = VECTOR ( 'NONE', #6626, 1000.000000000000000 ) ;
#2206 = DIRECTION ( 'NONE',  ( -0.0000000000000000000, -0.0000000000000000000, -1.000000000000000000 ) ) ;
#2207 = ORIENTED_EDGE ( 'NONE', *, *, #6744, .T. ) ;
#2208 = CARTESIAN_POINT ( 'NONE',  ( 0.0000000000000000000, 0.0000000000000000000, 0.7199999999999999734 ) ) ;
#2209 = CARTESIAN_POINT ( 'NONE',  ( -0.1100000000000000699, 1.510000000000000009, -0.02000000000000000042 ) ) ;
#2210 = ORIENTED_EDGE ( 'NONE', *, *, #2025, .T. ) ;
#2211 = FILL_AREA_STYLE ('',( #5090 ) ) ;
#2212 = PLANE ( 'NONE',  #1199 ) ;
#2213 = ORIENTED_EDGE ( 'NONE', *, *, #6259, .T. ) ;
#2214 = CARTESIAN_POINT ( 'NONE',  ( -0.2250000000000000888, -1.215000000000000080, -0.02000000000000000042 ) ) ;
#2215 = ADVANCED_FACE ( 'NONE', ( #5062 ), #3968, .T. ) ;
#2216 = EDGE_CURVE ( 'NONE', #2814, #1797, #3554, .T. ) ;
#2217 = VECTOR ( 'NONE', #3981, 1000.000000000000000 ) ;
#2218 = EDGE_CURVE ( 'NONE', #6530, #1730, #4806, .T. ) ;
#2219 = ORIENTED_EDGE ( 'NONE', *, *, #5419, .F. ) ;
#2220 = CARTESIAN_POINT ( 'NONE',  ( 0.3344561331378758107, -0.1347774110934538416, -0.01000000000000000021 ) ) ;
#2221 = ORIENTED_EDGE ( 'NONE', *, *, #7511, .F. ) ;
#2222 = FACE_OUTER_BOUND ( 'NONE', #3960, .T. ) ;
#2223 = DIRECTION ( 'NONE',  ( 0.0000000000000000000, 0.0000000000000000000, -1.000000000000000000 ) ) ;
#2224 = VECTOR ( 'NONE', #5869, 1000.000000000000000 ) ;
#2225 = ORIENTED_EDGE ( 'NONE', *, *, #5004, .T. ) ;
#2226 = DIRECTION ( 'NONE',  ( 1.000000000000000000, 0.0000000000000000000, 0.0000000000000000000 ) ) ;
#2227 = EDGE_LOOP ( 'NONE', ( #5932, #6650, #1724, #2245, #3148, #3276 ) ) ;
#2228 = SURFACE_STYLE_FILL_AREA ( #1552 ) ;
#2229 = PRESENTATION_STYLE_ASSIGNMENT (( #7449 ) ) ;
#2230 = DIRECTION ( 'NONE',  ( -0.0000000000000000000, 0.0000000000000000000, 1.000000000000000000 ) ) ;
#2231 = VECTOR ( 'NONE', #2206, 1000.000000000000000 ) ;
#2232 = ORIENTED_EDGE ( 'NONE', *, *, #2552, .F. ) ;
#2233 = B_SPLINE_CURVE_WITH_KNOTS ( 'NONE', 3,
 ( #1650, #1082, #3866, #5723, #5137, #5097, #3370, #2179, #2795, #5683, #4553, #7438, #2220, #4989, #6792, #6757, #7317, #6301, #3401 ),
 .UNSPECIFIED., .F., .F.,
 ( 4, 1, 1, 1, 1, 1, 1, 1, 1, 1, 1, 1, 1, 1, 1, 1, 4 ),
 ( 0.0000000000000000000, 0.07377411937406361253, 0.1440791147260413740, 0.2113485183089115760, 0.2760768857398838705, 0.3385209158196766932, 0.3998851166931336465, 0.4602540674652131902, 0.5205889643912480214, 0.5802076845630442792, 0.6386329085525459526, 0.6963645494905239541, 0.7540017746600128357, 0.8128056813744979348, 0.8727544255255602623, 0.9351819969782670938, 1.000000000000000000 ),
 .UNSPECIFIED. ) ;
#2234 = AXIS2_PLACEMENT_3D ( 'NONE', #4167, #670, #588 ) ;
#2235 = SURFACE_STYLE_USAGE ( .BOTH. , #5039 ) ;
#2236 = FACE_OUTER_BOUND ( 'NONE', #1605, .T. ) ;
#2237 = CARTESIAN_POINT ( 'NONE',  ( 0.4456817813635765013, 0.08865043496282382085, -0.01000000000000000021 ) ) ;
#2238 = VECTOR ( 'NONE', #1737, 1000.000000000000000 ) ;
#2239 = SURFACE_SIDE_STYLE ('',( #5745 ) ) ;
#2240 = UNCERTAINTY_MEASURE_WITH_UNIT (LENGTH_MEASURE( 1.000000000000000082E-05 ), #6550, 'distance_accuracy_value', 'NONE');
#2241 = DIRECTION ( 'NONE',  ( -1.000000000000000000, 0.0000000000000000000, 0.0000000000000000000 ) ) ;
#2242 = CARTESIAN_POINT ( 'NONE',  ( 0.3959271219570360545, 0.07363327368528835293, -0.02000000000000000042 ) ) ;
#2243 = VERTEX_POINT ( 'NONE', #3664 ) ;
#2244 = CARTESIAN_POINT ( 'NONE',  ( 0.6750000000000000444, -1.215000000000000080, 0.0000000000000000000 ) ) ;
#2245 = ORIENTED_EDGE ( 'NONE', *, *, #6178, .F. ) ;
#2246 = CARTESIAN_POINT ( 'NONE',  ( 0.1952410491333529952, 0.1609955425090738024, -0.02000000000000000042 ) ) ;
#2247 = ORIENTED_EDGE ( 'NONE', *, *, #1664, .F. ) ;
#2248 = CARTESIAN_POINT ( 'NONE',  ( -0.3432137533258076134, 0.2093777267284331611, -0.02000000000000000042 ) ) ;
#2249 = VECTOR ( 'NONE', #1771, 1000.000000000000000 ) ;
#2250 = EDGE_LOOP ( 'NONE', ( #6374, #1862, #2584, #6803, #6606, #6262 ) ) ;
#2251 = DIRECTION ( 'NONE',  ( 1.000000000000000000, 0.0000000000000000000, 0.0000000000000000000 ) ) ;
#2252 = VECTOR ( 'NONE', #6761, 1000.000000000000000 ) ;
#2253 = ORIENTED_EDGE ( 'NONE', *, *, #6827, .T. ) ;
#2254 = SURFACE_STYLE_FILL_AREA ( #1732 ) ;
#2255 = EDGE_CURVE ( 'NONE', #5919, #6531, #1763, .T. ) ;
#2256 = ADVANCED_FACE ( 'NONE', ( #4693 ), #4070, .T. ) ;
#2257 =( NAMED_UNIT ( * ) SI_UNIT ( $, .STERADIAN. ) SOLID_ANGLE_UNIT ( ) );
#2258 = PRESENTATION_LAYER_ASSIGNMENT (  '', '', ( #1532 ) ) ;
#2259 = PRESENTATION_LAYER_ASSIGNMENT (  '', '', ( #3728 ) ) ;
#2260 = FILL_AREA_STYLE ('',( #2149 ) ) ;
#2261 = ORIENTED_EDGE ( 'NONE', *, *, #5590, .T. ) ;
#2262 = SURFACE_STYLE_USAGE ( .BOTH. , #2191 ) ;
#2263 = LINE ( 'NONE', #2768, #4143 ) ;
#2264 =( GEOMETRIC_REPRESENTATION_CONTEXT ( 3 ) GLOBAL_UNCERTAINTY_ASSIGNED_CONTEXT ( ( #4909 ) ) GLOBAL_UNIT_ASSIGNED_CONTEXT ( ( #1904, #6971, #3057 ) ) REPRESENTATION_CONTEXT ( 'NONE', 'WORKASPACE' ) );
#2265 = FACE_OUTER_BOUND ( 'NONE', #4980, .T. ) ;
#2266 = ORIENTED_EDGE ( 'NONE', *, *, #1439, .T. ) ;
#2267 = PRESENTATION_STYLE_ASSIGNMENT (( #3414 ) ) ;
#2268 = SURFACE_STYLE_FILL_AREA ( #5151 ) ;
#2269 = FACE_OUTER_BOUND ( 'NONE', #4913, .T. ) ;
#2270 = EDGE_CURVE ( 'NONE', #7280, #4041, #7134, .T. ) ;
#2271 = ORIENTED_EDGE ( 'NONE', *, *, #2270, .T. ) ;
#2272 = COLOUR_RGB ( '',0.0000000000000000000, 0.0000000000000000000, 0.0000000000000000000 ) ;
#2273 = CARTESIAN_POINT ( 'NONE',  ( 0.3399999999999999134, 1.510000000000000009, -0.02000000000000000042 ) ) ;
#2274 = CARTESIAN_POINT ( 'NONE',  ( 0.1734711291662486277, -0.1756507561949244012, -0.02000000000000000042 ) ) ;
#2275 = CARTESIAN_POINT ( 'NONE',  ( 0.4060590624516675629, 0.005594390311151550138, -0.02000000000000000042 ) ) ;
#2276 = CARTESIAN_POINT ( 'NONE',  ( 0.3294938980324371713, 0.1536370023687165520, -0.01000000000000000021 ) ) ;
#2277 = CARTESIAN_POINT ( 'NONE',  ( -0.4972403413423119867, -0.1040168548133137694, -0.01000000000000000021 ) ) ;
#2278 = CARTESIAN_POINT ( 'NONE',  ( -0.3843091386840314927, 0.1566885799258848910, -0.01000000000000000021 ) ) ;
#2279 = FILL_AREA_STYLE ('',( #7488 ) ) ;
#2280 = CARTESIAN_POINT ( 'NONE',  ( 0.4004709216547847617, 0.05797834413763344741, -0.02000000000000000042 ) ) ;
#2281 = PLANE ( 'NONE',  #6598 ) ;
#2282 = LINE ( 'NONE', #7423, #5589 ) ;
#2283 = ORIENTED_EDGE ( 'NONE', *, *, #3343, .T. ) ;
#2284 = SURFACE_SIDE_STYLE ('',( #5631 ) ) ;
#2285 = CARTESIAN_POINT ( 'NONE',  ( 1.239999999999999991, -1.500000000000000000, 0.7299999999999999822 ) ) ;
#2286 = DIRECTION ( 'NONE',  ( 1.000000000000000000, 0.0000000000000000000, 0.0000000000000000000 ) ) ;
#2287 = ORIENTED_EDGE ( 'NONE', *, *, #4692, .T. ) ;
#2288 = CARTESIAN_POINT ( 'NONE',  ( -1.190000000000000169, 1.843143693225357784E-16, 0.0000000000000000000 ) ) ;
#2289 =( GEOMETRIC_REPRESENTATION_CONTEXT ( 3 ) GLOBAL_UNCERTAINTY_ASSIGNED_CONTEXT ( ( #1343 ) ) GLOBAL_UNIT_ASSIGNED_CONTEXT ( ( #6274, #5113, #1056 ) ) REPRESENTATION_CONTEXT ( 'NONE', 'WORKASPACE' ) );
#2290 = CARTESIAN_POINT ( 'NONE',  ( -1.010000000000000009, -1.510000000000000009, -0.02000000000000000042 ) ) ;
#2291 = ORIENTED_EDGE ( 'NONE', *, *, #3576, .T. ) ;
#2292 = SURFACE_STYLE_USAGE ( .BOTH. , #461 ) ;
#2293 = EDGE_CURVE ( 'NONE', #168, #4593, #4146, .T. ) ;
#2294 = SURFACE_SIDE_STYLE ('',( #2254 ) ) ;
#2295 = ADVANCED_FACE ( 'NONE', ( #178 ), #3627, .T. ) ;
#2296 = CARTESIAN_POINT ( 'NONE',  ( -0.2250000000000000888, -1.215000000000000080, 0.2000000000000000111 ) ) ;
#2297 = COLOUR_RGB ( '',0.7529411764705882248, 0.7529411764705882248, 0.7529411764705882248 ) ;
#2298 = CARTESIAN_POINT ( 'NONE',  ( -1.222311323609513556, -1.208820028646933720, 0.7299999999999999822 ) ) ;
#2299 = SURFACE_SIDE_STYLE ('',( #5178 ) ) ;
#2300 = ORIENTED_EDGE ( 'NONE', *, *, #4256, .T. ) ;
#2301 = ORIENTED_EDGE ( 'NONE', *, *, #1714, .F. ) ;
#2302 = EDGE_CURVE ( 'NONE', #6208, #7364, #7076, .T. ) ;
#2303 = CARTESIAN_POINT ( 'NONE',  ( -0.1207702058410154294, 0.0000000000000000000, -0.01000000000000000021 ) ) ;
#2304 =( NAMED_UNIT ( * ) PLANE_ANGLE_UNIT ( ) SI_UNIT ( $, .RADIAN. ) );
#2305 = VERTEX_POINT ( 'NONE', #3136 ) ;
#2306 = CARTESIAN_POINT ( 'NONE',  ( 0.7900000000000001465, 0.0000000000000000000, 0.0000000000000000000 ) ) ;
#2307 = CARTESIAN_POINT ( 'NONE',  ( 0.4938639405004481286, -0.1901373170059216522, -0.02000000000000000042 ) ) ;
#2308 = CARTESIAN_POINT ( 'NONE',  ( 0.3549345923616816223, 0.1922403515563295417, -0.02000000000000000042 ) ) ;
#2309 = UNCERTAINTY_MEASURE_WITH_UNIT (LENGTH_MEASURE( 1.000000000000000082E-05 ), #4266, 'distance_accuracy_value', 'NONE');
#2310 = ORIENTED_EDGE ( 'NONE', *, *, #4299, .T. ) ;
#2311 = DIRECTION ( 'NONE',  ( 0.9466707760722535836, 0.3222024856061126430, 0.0000000000000000000 ) ) ;
#2312 = STYLED_ITEM ( 'NONE', ( #5445 ), #6908 ) ;
#2313 = CARTESIAN_POINT ( 'NONE',  ( 0.4037505872665849704, 0.04137889827121054437, -0.009999999999999995004 ) ) ;
#2314 = CARTESIAN_POINT ( 'NONE',  ( 0.7900000000000001465, -1.510000000000000009, 0.2000000000000000111 ) ) ;
#2315 =( NAMED_UNIT ( * ) SI_UNIT ( $, .STERADIAN. ) SOLID_ANGLE_UNIT ( ) );
#2316 = MECHANICAL_DESIGN_GEOMETRIC_PRESENTATION_REPRESENTATION (  '', ( #1354 ), #2443 ) ;
#2317 = MECHANICAL_DESIGN_GEOMETRIC_PRESENTATION_REPRESENTATION (  '', ( #6239 ), #6354 ) ;
#2318 = VECTOR ( 'NONE', #4366, 1000.000000000000000 ) ;
#2319 = CARTESIAN_POINT ( 'NONE',  ( 0.4456817813635765013, 0.08865043496282382085, -0.02000000000000000042 ) ) ;
#2320 =( NAMED_UNIT ( * ) SI_UNIT ( $, .STERADIAN. ) SOLID_ANGLE_UNIT ( ) );
#2321 = CARTESIAN_POINT ( 'NONE',  ( 0.2612501486608863055, 0.1707217583157849272, -0.02000000000000000042 ) ) ;
#2322 = FILL_AREA_STYLE_COLOUR ( '', #4270 ) ;
#2323 = FACE_OUTER_BOUND ( 'NONE', #2673, .T. ) ;
#2324 = VECTOR ( 'NONE', #4392, 1000.000000000000000 ) ;
#2325 = ORIENTED_EDGE ( 'NONE', *, *, #445, .F. ) ;
#2326 = PLANE ( 'NONE',  #4327 ) ;
#2327 =( NAMED_UNIT ( * ) SI_UNIT ( $, .STERADIAN. ) SOLID_ANGLE_UNIT ( ) );
#2328 = CARTESIAN_POINT ( 'NONE',  ( 0.1099999999999998479, -1.500000000000000000, 0.7299999999999999822 ) ) ;
#2329 = SURFACE_STYLE_USAGE ( .BOTH. , #1203 ) ;
#2330 = AXIS2_PLACEMENT_3D ( 'NONE', #5775, #3348, #7517 ) ;
#2331 = LINE ( 'NONE', #5103, #7242 ) ;
#2332 = LINE ( 'NONE', #45, #1575 ) ;
#2333 =( GEOMETRIC_REPRESENTATION_CONTEXT ( 3 ) GLOBAL_UNCERTAINTY_ASSIGNED_CONTEXT ( ( #7406 ) ) GLOBAL_UNIT_ASSIGNED_CONTEXT ( ( #7404, #2304, #3493 ) ) REPRESENTATION_CONTEXT ( 'NONE', 'WORKASPACE' ) );
#2334 = DIRECTION ( 'NONE',  ( 0.0000000000000000000, 0.0000000000000000000, -1.000000000000000000 ) ) ;
#2335 = ORIENTED_EDGE ( 'NONE', *, *, #2160, .F. ) ;
#2336 = ADVANCED_FACE ( 'NONE', ( #5442, #1731 ), #3372, .F. ) ;
#2337 = ORIENTED_EDGE ( 'NONE', *, *, #7383, .T. ) ;
#2338 = CARTESIAN_POINT ( 'NONE',  ( -1.010000000000000009, -1.215000000000000080, 0.0000000000000000000 ) ) ;
#2339 = CARTESIAN_POINT ( 'NONE',  ( -0.5160479996518747559, -0.06889595386421590306, -0.02000000000000000042 ) ) ;
#2340 = ORIENTED_EDGE ( 'NONE', *, *, #3951, .T. ) ;
#2341 = DIRECTION ( 'NONE',  ( -0.0000000000000000000, 1.000000000000000000, 0.0000000000000000000 ) ) ;
#2342 = CARTESIAN_POINT ( 'NONE',  ( 0.4592024447350110394, 0.02532969635811515088, -0.02000000000000000042 ) ) ;
#2343 = ORIENTED_EDGE ( 'NONE', *, *, #3234, .F. ) ;
#2344 = DIRECTION ( 'NONE',  ( 0.0000000000000000000, -1.000000000000000000, 0.0000000000000000000 ) ) ;
#2345 = CARTESIAN_POINT ( 'NONE',  ( -0.4764614912545664938, -0.004358671838400435608, -0.01000000000000000021 ) ) ;
#2346 = SURFACE_STYLE_FILL_AREA ( #5893 ) ;
#2347 = CARTESIAN_POINT ( 'NONE',  ( 0.3536388920547485215, 0.1367651384940536674, -0.02000000000000000042 ) ) ;
#2348 = CARTESIAN_POINT ( 'NONE',  ( 0.2718794449609584496, 0.1704932089854381827, -0.01000000000000000021 ) ) ;
#2349 = CARTESIAN_POINT ( 'NONE',  ( -0.7900000000000001465, -1.500000000000000000, 0.7299999999999999822 ) ) ;
#2350 = ORIENTED_EDGE ( 'NONE', *, *, #5372, .T. ) ;
#2351 = LINE ( 'NONE', #6996, #4339 ) ;
#2352 = MECHANICAL_DESIGN_GEOMETRIC_PRESENTATION_REPRESENTATION (  '', ( #5142 ), #5020 ) ;
#2353 = ADVANCED_FACE ( 'NONE', ( #2182, #6866 ), #6375, .T. ) ;
#2354 = CARTESIAN_POINT ( 'NONE',  ( 0.3370954579221366321, 0.2005392541203611656, -0.009999999999999995004 ) ) ;
#2355 = CARTESIAN_POINT ( 'NONE',  ( 0.2927402615236415762, -0.1945576512862258745, -0.01000000000000000021 ) ) ;
#2356 = EDGE_CURVE ( 'NONE', #1772, #2391, #5141, .T. ) ;
#2357 = VECTOR ( 'NONE', #3430, 1000.000000000000000 ) ;
#2358 = B_SPLINE_CURVE_WITH_KNOTS ( 'NONE', 3,
 ( #6360, #5815, #2348, #1224, #2895, #3463, #2276, #3540, #591, #1788, #2929, #5235, #28, #1633, #4606, #476, #5120, #4685, #5743 ),
 .UNSPECIFIED., .F., .F.,
 ( 4, 1, 1, 1, 1, 1, 1, 1, 1, 1, 1, 1, 1, 1, 1, 1, 4 ),
 ( 0.0000000000000000000, 0.06460397028839230671, 0.1267024139629473467, 0.1867568140356183348, 0.2455056873654374860, 0.3036520244499754662, 0.3615030739706254770, 0.4202402229284675772, 0.4800333407766962934, 0.5406781347755160727, 0.6011918063807818458, 0.6623335024774423818, 0.7247395102972318259, 0.7894677361728866805, 0.8565048600438308624, 0.9263120958391902748, 1.000000000000000000 ),
 .UNSPECIFIED. ) ;
#2359 = PLANE ( 'NONE',  #1593 ) ;
#2360 = PLANE ( 'NONE',  #7051 ) ;
#2361 = MECHANICAL_DESIGN_GEOMETRIC_PRESENTATION_REPRESENTATION (  '', ( #6859 ), #2858 ) ;
#2362 = ORIENTED_EDGE ( 'NONE', *, *, #1119, .F. ) ;
#2363 = DIRECTION ( 'NONE',  ( 1.000000000000000000, 0.0000000000000000000, 0.0000000000000000000 ) ) ;
#2364 = EDGE_CURVE ( 'NONE', #378, #700, #2798, .T. ) ;
#2365 = ORIENTED_EDGE ( 'NONE', *, *, #3573, .F. ) ;
#2366 = LINE ( 'NONE', #2409, #6695 ) ;
#2367 =( NAMED_UNIT ( * ) PLANE_ANGLE_UNIT ( ) SI_UNIT ( $, .RADIAN. ) );
#2368 = SURFACE_SIDE_STYLE ('',( #7049 ) ) ;
#2369 =( NAMED_UNIT ( * ) PLANE_ANGLE_UNIT ( ) SI_UNIT ( $, .RADIAN. ) );
#2370 = CARTESIAN_POINT ( 'NONE',  ( -0.4123257307972503227, -0.1228103921547681610, -0.02000000000000000042 ) ) ;
#2371 = VECTOR ( 'NONE', #7474, 1000.000000000000000 ) ;
#2372 = SURFACE_STYLE_USAGE ( .BOTH. , #769 ) ;
#2373 = LINE ( 'NONE', #698, #3061 ) ;
#2374 = VECTOR ( 'NONE', #2230, 1000.000000000000000 ) ;
#2375 = LINE ( 'NONE', #618, #5158 ) ;
#2376 = EDGE_LOOP ( 'NONE', ( #6793, #1873, #3516, #15 ) ) ;
#2377 = ORIENTED_EDGE ( 'NONE', *, *, #2293, .F. ) ;
#2378 = LINE ( 'NONE', #1285, #43 ) ;
#2379 = STYLED_ITEM ( 'NONE', ( #6674 ), #4353 ) ;
#2380 = CARTESIAN_POINT ( 'NONE',  ( -0.5271537828293073602, -0.02908402675179893801, -0.009999999999999995004 ) ) ;
#2381 = FACE_OUTER_BOUND ( 'NONE', #7007, .T. ) ;
#2382 = ORIENTED_EDGE ( 'NONE', *, *, #4551, .T. ) ;
#2383 = CARTESIAN_POINT ( 'NONE',  ( -0.7379407379005095136, 0.1580072456008028980, -0.02000000000000000042 ) ) ;
#2384 = CARTESIAN_POINT ( 'NONE',  ( 0.0000000000000000000, -0.1901373170059216522, -0.01000000000000000021 ) ) ;
#2385 = PRESENTATION_LAYER_ASSIGNMENT (  '', '', ( #3607 ) ) ;
#2386 = STYLED_ITEM ( 'NONE', ( #5211 ), #1971 ) ;
#2387 = AXIS2_PLACEMENT_3D ( 'NONE', #5017, #5130, #1569 ) ;
#2388 = CARTESIAN_POINT ( 'NONE',  ( 0.7900000000000001465, -1.215000000000000080, -0.02000000000000000042 ) ) ;
#2389 = VECTOR ( 'NONE', #6107, 1000.000000000000000 ) ;
#2390 = CARTESIAN_POINT ( 'NONE',  ( -0.4768677668166251271, 0.01374987811602959055, -0.01000000000000000021 ) ) ;
#2391 = VERTEX_POINT ( 'NONE', #1620 ) ;
#2392 =( LENGTH_UNIT ( ) NAMED_UNIT ( * ) SI_UNIT ( .MILLI., .METRE. ) );
#2393 = PRESENTATION_LAYER_ASSIGNMENT (  '', '', ( #7010 ) ) ;
#2394 =( GEOMETRIC_REPRESENTATION_CONTEXT ( 3 ) GLOBAL_UNCERTAINTY_ASSIGNED_CONTEXT ( ( #3920 ) ) GLOBAL_UNIT_ASSIGNED_CONTEXT ( ( #4408, #5988, #3879 ) ) REPRESENTATION_CONTEXT ( 'NONE', 'WORKASPACE' ) );
#2395 =( NAMED_UNIT ( * ) SI_UNIT ( $, .STERADIAN. ) SOLID_ANGLE_UNIT ( ) );
#2396 = FACE_OUTER_BOUND ( 'NONE', #2682, .T. ) ;
#2397 = ADVANCED_FACE ( 'NONE', ( #3484 ), #1846, .F. ) ;
#2398 = COLOUR_RGB ( '',0.7529411764705882248, 0.7529411764705882248, 0.7529411764705882248 ) ;
#2399 = CARTESIAN_POINT ( 'NONE',  ( -0.4711769861714714125, 0.06517457685518179833, -0.02000000000000000042 ) ) ;
#2400 = CARTESIAN_POINT ( 'NONE',  ( 0.2947797691219554705, -0.1487014655819828002, -0.02000000000000000042 ) ) ;
#2401 = DIRECTION ( 'NONE',  ( -1.000000000000000000, 0.0000000000000000000, -0.0000000000000000000 ) ) ;
#2402 = EDGE_CURVE ( 'NONE', #1995, #4086, #5329, .T. ) ;
#2403 = VERTEX_POINT ( 'NONE', #3488 ) ;
#2404 = VECTOR ( 'NONE', #6787, 1000.000000000000000 ) ;
#2405 = EDGE_CURVE ( 'NONE', #7437, #6862, #617, .T. ) ;
#2406 = FILL_AREA_STYLE ('',( #3552 ) ) ;
#2407 = CARTESIAN_POINT ( 'NONE',  ( 0.08410784293947239088, -0.1901373170059216522, -0.02000000000000000042 ) ) ;
#2408 = LINE ( 'NONE', #2285, #5501 ) ;
#2409 = CARTESIAN_POINT ( 'NONE',  ( -0.7373860594995520490, 0.1610821951892003334, -0.02000000000000000042 ) ) ;
#2410 = AXIS2_PLACEMENT_3D ( 'NONE', #2529, #6603, #6750 ) ;
#2411 = CARTESIAN_POINT ( 'NONE',  ( 1.125000000000000222, 1.215000000000000080, 0.2000000000000000111 ) ) ;
#2412 = CARTESIAN_POINT ( 'NONE',  ( -0.5597945960849178837, -0.1901373170059216522, -0.01000000000000000021 ) ) ;
#2413 = CARTESIAN_POINT ( 'NONE',  ( -0.5600000000000000533, -1.215000000000000080, 0.2000000000000000111 ) ) ;
#2414 = CARTESIAN_POINT ( 'NONE',  ( -0.4608365494720775835, -0.06781221235771245359, -0.02000000000000000042 ) ) ;
#2415 = DIRECTION ( 'NONE',  ( 0.0000000000000000000, 0.0000000000000000000, 1.000000000000000000 ) ) ;
#2416 = DIRECTION ( 'NONE',  ( 0.0000000000000000000, 0.0000000000000000000, 1.000000000000000000 ) ) ;
#2417 = DIRECTION ( 'NONE',  ( 1.000000000000000000, 0.0000000000000000000, 0.0000000000000000000 ) ) ;
#2418 =( GEOMETRIC_REPRESENTATION_CONTEXT ( 3 ) GLOBAL_UNCERTAINTY_ASSIGNED_CONTEXT ( ( #4217 ) ) GLOBAL_UNIT_ASSIGNED_CONTEXT ( ( #2752, #2538, #1879 ) ) REPRESENTATION_CONTEXT ( 'NONE', 'WORKASPACE' ) );
#2419 = ORIENTED_EDGE ( 'NONE', *, *, #7009, .T. ) ;
#2420 = VERTEX_POINT ( 'NONE', #655 ) ;
#2421 =( NAMED_UNIT ( * ) SI_UNIT ( $, .STERADIAN. ) SOLID_ANGLE_UNIT ( ) );
#2422 = CARTESIAN_POINT ( 'NONE',  ( -0.5300480942821179653, -0.007471148720307655040, -0.009999999999999995004 ) ) ;
#2423 = FILL_AREA_STYLE ('',( #4117 ) ) ;
#2424 = ORIENTED_EDGE ( 'NONE', *, *, #6186, .T. ) ;
#2425 = CARTESIAN_POINT ( 'NONE',  ( 0.3399999999999999134, 1.215000000000000080, 0.2000000000000000111 ) ) ;
#2426 = LINE ( 'NONE', #5964, #1420 ) ;
#2427 = SURFACE_STYLE_USAGE ( .BOTH. , #665 ) ;
#2428 = CARTESIAN_POINT ( 'NONE',  ( -1.125000000000000222, 1.215000000000000080, 0.2000000000000000111 ) ) ;
#2429 = VERTEX_POINT ( 'NONE', #5292 ) ;
#2430 = SURFACE_STYLE_USAGE ( .BOTH. , #4682 ) ;
#2431 = PRESENTATION_LAYER_ASSIGNMENT (  '', '', ( #2911 ) ) ;
#2432 = DIRECTION ( 'NONE',  ( 0.0000000000000000000, 0.0000000000000000000, -1.000000000000000000 ) ) ;
#2433 = UNCERTAINTY_MEASURE_WITH_UNIT (LENGTH_MEASURE( 1.000000000000000082E-05 ), #4306, 'distance_accuracy_value', 'NONE');
#2434 = CARTESIAN_POINT ( 'NONE',  ( 0.2165389027608430328, 0.2126726667808701843, -0.01000000000000000021 ) ) ;
#2435 = CARTESIAN_POINT ( 'NONE',  ( 0.4090030060381776300, -0.1411123768963002678, -0.02000000000000000042 ) ) ;
#2436 = CARTESIAN_POINT ( 'NONE',  ( 0.4595433896549683261, 0.01009915573068013127, -0.02000000000000000042 ) ) ;
#2437 = PRESENTATION_LAYER_ASSIGNMENT (  '', '', ( #2922 ) ) ;
#2438 = CARTESIAN_POINT ( 'NONE',  ( -0.3843091386840314927, 0.1566885799258848910, -0.01000000000000000021 ) ) ;
#2439 = LINE ( 'NONE', #101, #2807 ) ;
#2440 = CARTESIAN_POINT ( 'NONE',  ( 0.3462003251928427172, -0.1275244803611438604, -0.01000000000000000021 ) ) ;
#2441 = SURFACE_STYLE_FILL_AREA ( #761 ) ;
#2442 = AXIS2_PLACEMENT_3D ( 'NONE', #5526, #313, #7279 ) ;
#2443 =( GEOMETRIC_REPRESENTATION_CONTEXT ( 3 ) GLOBAL_UNCERTAINTY_ASSIGNED_CONTEXT ( ( #6769 ) ) GLOBAL_UNIT_ASSIGNED_CONTEXT ( ( #1344, #4845, #5985 ) ) REPRESENTATION_CONTEXT ( 'NONE', 'WORKASPACE' ) );
#2444 = EDGE_CURVE ( 'NONE', #168, #1684, #119, .T. ) ;
#2445 = PRODUCT_RELATED_PRODUCT_CATEGORY ( 'part', '', ( #6201 ) ) ;
#2446 = VERTEX_POINT ( 'NONE', #82 ) ;
#2447 =( LENGTH_UNIT ( ) NAMED_UNIT ( * ) SI_UNIT ( .MILLI., .METRE. ) );
#2448 =( NAMED_UNIT ( * ) SI_UNIT ( $, .STERADIAN. ) SOLID_ANGLE_UNIT ( ) );
#2449 = FACE_OUTER_BOUND ( 'NONE', #867, .T. ) ;
#2450 = CARTESIAN_POINT ( 'NONE',  ( -1.010000000000000009, 1.510000000000000009, 0.2000000000000000111 ) ) ;
#2451 =( NAMED_UNIT ( * ) PLANE_ANGLE_UNIT ( ) SI_UNIT ( $, .RADIAN. ) );
#2452 = AXIS2_PLACEMENT_3D ( 'NONE', #2298, #6490, #3596 ) ;
#2453 = VECTOR ( 'NONE', #4679, 1000.000000000000000 ) ;
#2454 = VECTOR ( 'NONE', #5451, 1000.000000000000000 ) ;
#2455 = FACE_OUTER_BOUND ( 'NONE', #4545, .T. ) ;
#2456 = PRESENTATION_LAYER_ASSIGNMENT (  '', '', ( #6110 ) ) ;
#2457 = FILL_AREA_STYLE_COLOUR ( '', #2793 ) ;
#2458 = COLOUR_RGB ( '',0.7529411764705882248, 0.7529411764705882248, 0.7529411764705882248 ) ;
#2459 = CARTESIAN_POINT ( 'NONE',  ( -0.4712855530890534550, -0.03815459257875054161, -0.02000000000000000042 ) ) ;
#2460 = EDGE_CURVE ( 'NONE', #1852, #4197, #4047, .T. ) ;
#2461 = EDGE_CURVE ( 'NONE', #4230, #7324, #2373, .T. ) ;
#2462 = VECTOR ( 'NONE', #7337, 1000.000000000000000 ) ;
#2463 = CARTESIAN_POINT ( 'NONE',  ( 0.1099999999999999034, -1.510000000000000009, -0.02000000000000000042 ) ) ;
#2464 = ORIENTED_EDGE ( 'NONE', *, *, #2302, .F. ) ;
#2465 = ORIENTED_EDGE ( 'NONE', *, *, #6147, .T. ) ;
#2466 = CARTESIAN_POINT ( 'NONE',  ( 0.1621566234272772411, -0.1255031706644582079, -0.02000000000000000042 ) ) ;
#2467 = CARTESIAN_POINT ( 'NONE',  ( -0.5271537828293073602, -0.02908402675179893801, -0.02000000000000000042 ) ) ;
#2468 = CARTESIAN_POINT ( 'NONE',  ( 0.0000000000000000000, 0.0000000000000000000, -0.01000000000000000021 ) ) ;
#2469 = ORIENTED_EDGE ( 'NONE', *, *, #3897, .F. ) ;
#2470 = CARTESIAN_POINT ( 'NONE',  ( -0.1110141082800398804, -0.009649512127872853645, -0.02000000000000000042 ) ) ;
#2471 = FILL_AREA_STYLE_COLOUR ( '', #4699 ) ;
#2472 = LINE ( 'NONE', #7178, #302 ) ;
#2473 = ADVANCED_FACE ( 'NONE', ( #3445 ), #6007, .T. ) ;
#2474 = CARTESIAN_POINT ( 'NONE',  ( -1.010000000000000009, 1.215000000000000080, 0.0000000000000000000 ) ) ;
#2475 = VERTEX_POINT ( 'NONE', #5055 ) ;
#2476 = CARTESIAN_POINT ( 'NONE',  ( 0.2558304039150821052, 0.1708382927501759518, -0.02000000000000000042 ) ) ;
#2477 = CARTESIAN_POINT ( 'NONE',  ( -0.6183311814507717052, -0.1901373170059216522, -0.02000000000000000042 ) ) ;
#2478 = CARTESIAN_POINT ( 'NONE',  ( 0.2668288015835965643, -0.1949521642622522588, -0.01000000000000000021 ) ) ;
#2479 =( NAMED_UNIT ( * ) PLANE_ANGLE_UNIT ( ) SI_UNIT ( $, .RADIAN. ) );
#2480 = FACE_OUTER_BOUND ( 'NONE', #388, .T. ) ;
#2481 = DIRECTION ( 'NONE',  ( -1.000000000000000000, 0.0000000000000000000, 0.0000000000000000000 ) ) ;
#2482 = CARTESIAN_POINT ( 'NONE',  ( -0.4442392103361721967, 0.1178507096355062567, -0.01000000000000000021 ) ) ;
#2483 = PRESENTATION_STYLE_ASSIGNMENT (( #3624 ) ) ;
#2484 = B_SPLINE_CURVE_WITH_KNOTS ( 'NONE', 3,
 ( #5896, #3126, #5310, #2548, #4872, #6509, #1302, #244, #1970, #2435, #3654, #4287, #714, #3618, #5394, #1929, #6621, #1411, #3729 ),
 .UNSPECIFIED., .F., .F.,
 ( 4, 1, 1, 1, 1, 1, 1, 1, 1, 1, 1, 1, 1, 1, 1, 1, 4 ),
 ( 0.0000000000000000000, 0.06783324845577361206, 0.1326555365079041815, 0.1950508840508279329, 0.2555829330687772738, 0.3147998341472899586, 0.3736004728263744856, 0.4325455953267435261, 0.4924306292835653465, 0.5526712559629696209, 0.6125130441881164733, 0.6726102503570065005, 0.7338383693139460817, 0.7965942385677740045, 0.8614497992905733037, 0.9291989423509054991, 1.000000000000000000 ),
 .UNSPECIFIED. ) ;
#2485 = UNCERTAINTY_MEASURE_WITH_UNIT (LENGTH_MEASURE( 1.000000000000000082E-05 ), #6619, 'distance_accuracy_value', 'NONE');
#2486 = VECTOR ( 'NONE', #6900, 1000.000000000000000 ) ;
#2487 = ORIENTED_EDGE ( 'NONE', *, *, #4836, .F. ) ;
#2488 = CARTESIAN_POINT ( 'NONE',  ( -0.6750000000000000444, -1.215000000000000080, 0.2000000000000000111 ) ) ;
#2489 = FILL_AREA_STYLE_COLOUR ( '', #7241 ) ;
#2490 = AXIS2_PLACEMENT_3D ( 'NONE', #1754, #2241, #4651 ) ;
#2491 = SURFACE_STYLE_FILL_AREA ( #1941 ) ;
#2492 = PRESENTATION_STYLE_ASSIGNMENT (( #182 ) ) ;
#2493 = VECTOR ( 'NONE', #4793, 1000.000000000000000 ) ;
#2494 = DIRECTION ( 'NONE',  ( 1.000000000000000000, -0.0000000000000000000, -0.0000000000000000000 ) ) ;
#2495 = UNCERTAINTY_MEASURE_WITH_UNIT (LENGTH_MEASURE( 1.000000000000000082E-05 ), #1523, 'distance_accuracy_value', 'NONE');
#2496 = DIRECTION ( 'NONE',  ( 1.000000000000000000, 0.0000000000000000000, 0.0000000000000000000 ) ) ;
#2497 = CARTESIAN_POINT ( 'NONE',  ( -0.4768677668166251271, 0.01374987811602959055, -0.01000000000000000021 ) ) ;
#2498 = PLANE ( 'NONE',  #5205 ) ;
#2499 = UNCERTAINTY_MEASURE_WITH_UNIT (LENGTH_MEASURE( 1.000000000000000082E-05 ), #2803, 'distance_accuracy_value', 'NONE');
#2500 =( LENGTH_UNIT ( ) NAMED_UNIT ( * ) SI_UNIT ( .MILLI., .METRE. ) );
#2501 = ORIENTED_EDGE ( 'NONE', *, *, #4599, .T. ) ;
#2502 = ORIENTED_EDGE ( 'NONE', *, *, #1515, .T. ) ;
#2503 = CARTESIAN_POINT ( 'NONE',  ( -0.5600000000000000533, 1.500000000000000000, 0.2000000000000000111 ) ) ;
#2504 = DIRECTION ( 'NONE',  ( 0.0000000000000000000, 0.0000000000000000000, -1.000000000000000000 ) ) ;
#2505 = VERTEX_POINT ( 'NONE', #3277 ) ;
#2506 = CARTESIAN_POINT ( 'NONE',  ( -0.4037441990163854189, 0.1969292772158851013, -0.01000000000000000021 ) ) ;
#2507 = ADVANCED_FACE ( 'NONE', ( #6183 ), #1565, .F. ) ;
#2508 = VECTOR ( 'NONE', #202, 1000.000000000000000 ) ;
#2509 = EDGE_CURVE ( 'NONE', #4471, #3453, #6667, .T. ) ;
#2510 = CARTESIAN_POINT ( 'NONE',  ( 0.1849448633547338405, -0.1368392811292742650, -0.02000000000000000042 ) ) ;
#2511 = STYLED_ITEM ( 'NONE', ( #156 ), #4352 ) ;
#2512 = LINE ( 'NONE', #3757, #3718 ) ;
#2513 = ORIENTED_EDGE ( 'NONE', *, *, #4986, .F. ) ;
#2514 = CARTESIAN_POINT ( 'NONE',  ( 0.1099999999999999034, -1.215000000000000080, 0.2000000000000000111 ) ) ;
#2515 = CARTESIAN_POINT ( 'NONE',  ( 0.3644406826545871225, 0.1262887235924114171, -0.02000000000000000042 ) ) ;
#2516 = CARTESIAN_POINT ( 'NONE',  ( 0.2292378136120574172, 0.2138261502681338133, -0.02000000000000000042 ) ) ;
#2517 = CARTESIAN_POINT ( 'NONE',  ( -0.1100000000000000699, -1.215000000000000080, -0.02000000000000000042 ) ) ;
#2518 = VECTOR ( 'NONE', #469, 1000.000000000000000 ) ;
#2519 =( NAMED_UNIT ( * ) SI_UNIT ( $, .STERADIAN. ) SOLID_ANGLE_UNIT ( ) );
#2520 = CARTESIAN_POINT ( 'NONE',  ( -0.4664534619019472528, 0.08009407557877305794, -0.01000000000000000021 ) ) ;
#2521 = CARTESIAN_POINT ( 'NONE',  ( 0.2562877209882529206, 0.2147407317745662070, -0.02000000000000000042 ) ) ;
#2522 = VERTEX_POINT ( 'NONE', #2633 ) ;
#2523 = COLOUR_RGB ( '',0.0000000000000000000, 0.0000000000000000000, 0.0000000000000000000 ) ;
#2524 =( LENGTH_UNIT ( ) NAMED_UNIT ( * ) SI_UNIT ( .MILLI., .METRE. ) );
#2525 = LINE ( 'NONE', #6065, #7370 ) ;
#2526 = CARTESIAN_POINT ( 'NONE',  ( -0.7404281279891958834, 0.1445599769469426699, -0.01000000000000000021 ) ) ;
#2527 = PRESENTATION_LAYER_ASSIGNMENT (  '', '', ( #2892 ) ) ;
#2528 = CARTESIAN_POINT ( 'NONE',  ( -0.1100000000000000699, -1.215000000000000080, 0.2000000000000000111 ) ) ;
#2529 = CARTESIAN_POINT ( 'NONE',  ( -0.1100000000000000699, 1.215000000000000080, 0.2000000000000000111 ) ) ;
#2530 = CARTESIAN_POINT ( 'NONE',  ( -0.4243697435646077154, -0.1142160644697415989, -0.01000000000000000021 ) ) ;
#2531 = COLOUR_RGB ( '',0.0000000000000000000, 0.0000000000000000000, 0.0000000000000000000 ) ;
#2532 = ORIENTED_EDGE ( 'NONE', *, *, #3249, .T. ) ;
#2533 = ORIENTED_EDGE ( 'NONE', *, *, #4438, .F. ) ;
#2534 = SURFACE_STYLE_USAGE ( .BOTH. , #3110 ) ;
#2535 = EDGE_CURVE ( 'NONE', #4230, #7173, #4946, .T. ) ;
#2536 = CARTESIAN_POINT ( 'NONE',  ( 0.2599941381278039199, -0.1510495105430509910, -0.01000000000000000021 ) ) ;
#2537 = VERTEX_POINT ( 'NONE', #4380 ) ;
#2538 =( NAMED_UNIT ( * ) PLANE_ANGLE_UNIT ( ) SI_UNIT ( $, .RADIAN. ) );
#2539 = EDGE_CURVE ( 'NONE', #4041, #4515, #6710, .T. ) ;
#2540 = DIRECTION ( 'NONE',  ( 0.0000000000000000000, 0.0000000000000000000, -1.000000000000000000 ) ) ;
#2541 = PLANE ( 'NONE',  #4075 ) ;
#2542 = LINE ( 'NONE', #6685, #537 ) ;
#2543 = ORIENTED_EDGE ( 'NONE', *, *, #7009, .F. ) ;
#2544 =( LENGTH_UNIT ( ) NAMED_UNIT ( * ) SI_UNIT ( .MILLI., .METRE. ) );
#2545 =( NAMED_UNIT ( * ) PLANE_ANGLE_UNIT ( ) SI_UNIT ( $, .RADIAN. ) );
#2546 =( NAMED_UNIT ( * ) PLANE_ANGLE_UNIT ( ) SI_UNIT ( $, .RADIAN. ) );
#2547 = COLOUR_RGB ( '',0.0000000000000000000, 0.0000000000000000000, 0.0000000000000000000 ) ;
#2548 = CARTESIAN_POINT ( 'NONE',  ( 0.3125772462698315213, -0.1920102303826490553, -0.02000000000000000042 ) ) ;
#2549 = VECTOR ( 'NONE', #4663, 1000.000000000000000 ) ;
#2550 = CARTESIAN_POINT ( 'NONE',  ( -0.9399999999999997247, -0.8249999999999998446, -0.02000000000000000042 ) ) ;
#2551 = STYLED_ITEM ( 'NONE', ( #615 ), #6552 ) ;
#2552 = EDGE_CURVE ( 'NONE', #6796, #3399, #335, .T. ) ;
#2553 = EDGE_CURVE ( 'NONE', #7209, #5140, #6928, .T. ) ;
#2554 = LINE ( 'NONE', #6625, #5990 ) ;
#2555 = CARTESIAN_POINT ( 'NONE',  ( -0.7435598399873570852, 0.1330334147013954582, -0.02000000000000000042 ) ) ;
#2556 = ORIENTED_EDGE ( 'NONE', *, *, #1578, .F. ) ;
#2557 = MECHANICAL_DESIGN_GEOMETRIC_PRESENTATION_REPRESENTATION (  '', ( #7521 ), #2671 ) ;
#2558 = CARTESIAN_POINT ( 'NONE',  ( 0.5600000000000000533, 1.500000000000000000, 0.0000000000000000000 ) ) ;
#2559 = CARTESIAN_POINT ( 'NONE',  ( 0.0000000000000000000, 0.0000000000000000000, 0.0000000000000000000 ) ) ;
#2560 = PRESENTATION_LAYER_ASSIGNMENT (  '', '', ( #3537 ) ) ;
#2561 = LINE ( 'NONE', #4224, #2058 ) ;
#2562 = CARTESIAN_POINT ( 'NONE',  ( -0.1100000000000000699, 1.500000000000000000, 0.2000000000000000111 ) ) ;
#2563 = AXIS2_PLACEMENT_3D ( 'NONE', #1579, #2796, #421 ) ;
#2564 = LINE ( 'NONE', #7205, #4705 ) ;
#2565 = AXIS2_PLACEMENT_3D ( 'NONE', #7233, #2018, #4338 ) ;
#2566 = FILL_AREA_STYLE_COLOUR ( '', #2148 ) ;
#2567 = AXIS2_PLACEMENT_3D ( 'NONE', #1700, #2159, #1023 ) ;
#2568 = SURFACE_SIDE_STYLE ('',( #226 ) ) ;
#2569 = EDGE_LOOP ( 'NONE', ( #1092, #567, #5605, #1444 ) ) ;
#2570 = ORIENTED_EDGE ( 'NONE', *, *, #538, .F. ) ;
#2571 = CARTESIAN_POINT ( 'NONE',  ( -0.3173403277922349219, -0.1901373170059216522, -0.01000000000000000021 ) ) ;
#2572 = PRESENTATION_LAYER_ASSIGNMENT (  '', '', ( #4140 ) ) ;
#2573 = PRESENTATION_STYLE_ASSIGNMENT (( #2534 ) ) ;
#2574 = MECHANICAL_DESIGN_GEOMETRIC_PRESENTATION_REPRESENTATION (  '', ( #5850 ), #1243 ) ;
#2575 = AXIS2_PLACEMENT_3D ( 'NONE', #849, #2504, #1915 ) ;
#2576 = SURFACE_STYLE_USAGE ( .BOTH. , #4433 ) ;
#2577 = EDGE_LOOP ( 'NONE', ( #4974, #3831, #2956, #535 ) ) ;
#2578 = CARTESIAN_POINT ( 'NONE',  ( -0.4972244129537780610, 0.1284123966942695705, -0.01000000000000000021 ) ) ;
#2579 = DIRECTION ( 'NONE',  ( -0.0000000000000000000, -0.0000000000000000000, -1.000000000000000000 ) ) ;
#2580 = DIRECTION ( 'NONE',  ( 0.0000000000000000000, 0.0000000000000000000, -1.000000000000000000 ) ) ;
#2581 = COLOUR_RGB ( '',0.0000000000000000000, 0.0000000000000000000, 0.0000000000000000000 ) ;
#2582 = PRESENTATION_STYLE_ASSIGNMENT (( #6614 ) ) ;
#2583 = CARTESIAN_POINT ( 'NONE',  ( 0.1718320771140527670, 0.2028145532054540512, -0.01000000000000000021 ) ) ;
#2584 = ORIENTED_EDGE ( 'NONE', *, *, #5560, .T. ) ;
#2585 = FACE_OUTER_BOUND ( 'NONE', #2170, .T. ) ;
#2586 = CARTESIAN_POINT ( 'NONE',  ( 0.1982865681292542426, -0.1852421956839183370, -0.02000000000000000042 ) ) ;
#2587 =( NAMED_UNIT ( * ) PLANE_ANGLE_UNIT ( ) SI_UNIT ( $, .RADIAN. ) );
#2588 = FILL_AREA_STYLE ('',( #5466 ) ) ;
#2589 = FILL_AREA_STYLE_COLOUR ( '', #6620 ) ;
#2590 = CARTESIAN_POINT ( 'NONE',  ( -1.125000000000000222, -1.215000000000000080, -0.02000000000000000042 ) ) ;
#2591 =( GEOMETRIC_REPRESENTATION_CONTEXT ( 3 ) GLOBAL_UNCERTAINTY_ASSIGNED_CONTEXT ( ( #5652 ) ) GLOBAL_UNIT_ASSIGNED_CONTEXT ( ( #4284, #6618, #3726 ) ) REPRESENTATION_CONTEXT ( 'NONE', 'WORKASPACE' ) );
#2592 = CARTESIAN_POINT ( 'NONE',  ( -0.5600000000000000533, -1.215000000000000080, 0.0000000000000000000 ) ) ;
#2593 = VERTEX_POINT ( 'NONE', #4497 ) ;
#2594 = ADVANCED_FACE ( 'NONE', ( #522 ), #2281, .T. ) ;
#2595 = EDGE_CURVE ( 'NONE', #2178, #1812, #5672, .T. ) ;
#2596 = CARTESIAN_POINT ( 'NONE',  ( -0.4767366545836608238, 0.01987823217104281101, -0.01000000000000000021 ) ) ;
#2597 = FACE_OUTER_BOUND ( 'NONE', #943, .T. ) ;
#2598 = SURFACE_STYLE_FILL_AREA ( #6708 ) ;
#2599 = CARTESIAN_POINT ( 'NONE',  ( 0.2791612236576339057, -0.1948605029524689281, -0.02000000000000000042 ) ) ;
#2600 = FILL_AREA_STYLE ('',( #6113 ) ) ;
#2601 = DIRECTION ( 'NONE',  ( 0.0000000000000000000, -1.000000000000000000, 0.0000000000000000000 ) ) ;
#2602 = ADVANCED_FACE ( 'NONE', ( #4035 ), #1640, .T. ) ;
#2603 = SURFACE_STYLE_FILL_AREA ( #4342 ) ;
#2604 = PRESENTATION_STYLE_ASSIGNMENT (( #3179 ) ) ;
#2605 = VECTOR ( 'NONE', #4129, 1000.000000000000000 ) ;
#2606 = CARTESIAN_POINT ( 'NONE',  ( 0.4938639405004481286, -0.1462348779815314248, -0.02000000000000000042 ) ) ;
#2607 = SURFACE_SIDE_STYLE ('',( #3677 ) ) ;
#2608 = ORIENTED_EDGE ( 'NONE', *, *, #6913, .T. ) ;
#2609 = PLANE ( 'NONE',  #6468 ) ;
#2610 = EDGE_LOOP ( 'NONE', ( #3600, #7252, #7467, #2085 ) ) ;
#2611 = AXIS2_PLACEMENT_3D ( 'NONE', #2819, #5744, #6848 ) ;
#2612 = PLANE ( 'NONE',  #3956 ) ;
#2613 = ORIENTED_EDGE ( 'NONE', *, *, #538, .T. ) ;
#2614 = DIRECTION ( 'NONE',  ( 1.000000000000000000, 0.0000000000000000000, 0.0000000000000000000 ) ) ;
#2615 = PRESENTATION_STYLE_ASSIGNMENT (( #3229 ) ) ;
#2616 = PRESENTATION_STYLE_ASSIGNMENT (( #2039 ) ) ;
#2617 = PLANE ( 'NONE',  #2008 ) ;
#2618 = ORIENTED_EDGE ( 'NONE', *, *, #1714, .T. ) ;
#2619 = AXIS2_PLACEMENT_3D ( 'NONE', #5304, #3538, #4643 ) ;
#2620 = DIRECTION ( 'NONE',  ( 1.000000000000000000, 0.0000000000000000000, 0.0000000000000000000 ) ) ;
#2621 = PLANE ( 'NONE',  #7182 ) ;
#2622 = UNCERTAINTY_MEASURE_WITH_UNIT (LENGTH_MEASURE( 1.000000000000000082E-05 ), #2524, 'distance_accuracy_value', 'NONE');
#2623 = CARTESIAN_POINT ( 'NONE',  ( 0.3966008352406113491, -0.05895021226348581139, -0.01000000000000000021 ) ) ;
#2624 = SURFACE_STYLE_USAGE ( .BOTH. , #6104 ) ;
#2625 = DIRECTION ( 'NONE',  ( 0.0000000000000000000, 0.0000000000000000000, -1.000000000000000000 ) ) ;
#2626 = ORIENTED_EDGE ( 'NONE', *, *, #2725, .T. ) ;
#2627 = EDGE_CURVE ( 'NONE', #2717, #6784, #19, .T. ) ;
#2628 = VECTOR ( 'NONE', #3423, 1000.000000000000000 ) ;
#2629 =( GEOMETRIC_REPRESENTATION_CONTEXT ( 3 ) GLOBAL_UNCERTAINTY_ASSIGNED_CONTEXT ( ( #5068 ) ) GLOBAL_UNIT_ASSIGNED_CONTEXT ( ( #6907, #4045, #4558 ) ) REPRESENTATION_CONTEXT ( 'NONE', 'WORKASPACE' ) );
#2630 = CARTESIAN_POINT ( 'NONE',  ( 0.6450834526955699921, -0.1462348779815314248, -0.02000000000000000042 ) ) ;
#2631 = DIRECTION ( 'NONE',  ( 0.0000000000000000000, -0.0000000000000000000, 1.000000000000000000 ) ) ;
#2632 = MECHANICAL_DESIGN_GEOMETRIC_PRESENTATION_REPRESENTATION (  '', ( #5912 ), #3369 ) ;
#2633 = CARTESIAN_POINT ( 'NONE',  ( -0.1100000000000000699, -1.510000000000000009, 0.2000000000000000111 ) ) ;
#2634 =( GEOMETRIC_REPRESENTATION_CONTEXT ( 3 ) GLOBAL_UNCERTAINTY_ASSIGNED_CONTEXT ( ( #252 ) ) GLOBAL_UNIT_ASSIGNED_CONTEXT ( ( #3436, #3473, #1571 ) ) REPRESENTATION_CONTEXT ( 'NONE', 'WORKASPACE' ) );
#2635 = EDGE_CURVE ( 'NONE', #6639, #2843, #3661, .T. ) ;
#2636 = FACE_OUTER_BOUND ( 'NONE', #6609, .T. ) ;
#2637 = COLOUR_RGB ( '',0.0000000000000000000, 0.0000000000000000000, 0.0000000000000000000 ) ;
#2638 = CARTESIAN_POINT ( 'NONE',  ( -0.8037732546215033969, -0.03403975603031187541, -0.02000000000000000042 ) ) ;
#2639 = CARTESIAN_POINT ( 'NONE',  ( 0.2097171621395887420, -0.1448673067122211722, -0.01000000000000000021 ) ) ;
#2640 = MECHANICAL_DESIGN_GEOMETRIC_PRESENTATION_REPRESENTATION (  '', ( #2892 ), #6418 ) ;
#2641 = ORIENTED_EDGE ( 'NONE', *, *, #533, .F. ) ;
#2642 = CARTESIAN_POINT ( 'NONE',  ( -0.4744993801899172747, 0.04905978680085293364, -0.02000000000000000042 ) ) ;
#2643 = EDGE_CURVE ( 'NONE', #6531, #4922, #6852, .T. ) ;
#2644 = EDGE_CURVE ( 'NONE', #5069, #5163, #6894, .T. ) ;
#2645 = ORIENTED_EDGE ( 'NONE', *, *, #1479, .T. ) ;
#2646 = CARTESIAN_POINT ( 'NONE',  ( 0.4059479345116168703, -0.0002540919671569435794, -0.02000000000000000042 ) ) ;
#2647 = ORIENTED_EDGE ( 'NONE', *, *, #4599, .F. ) ;
#2648 = CARTESIAN_POINT ( 'NONE',  ( 0.5600000000000000533, -1.510000000000000009, 0.2000000000000000111 ) ) ;
#2649 = UNCERTAINTY_MEASURE_WITH_UNIT (LENGTH_MEASURE( 1.000000000000000082E-05 ), #471, 'distance_accuracy_value', 'NONE');
#2650 = DIRECTION ( 'NONE',  ( 0.0000000000000000000, 0.0000000000000000000, -1.000000000000000000 ) ) ;
#2651 = STYLED_ITEM ( 'NONE', ( #3821 ), #1340 ) ;
#2652 = FILL_AREA_STYLE ('',( #898 ) ) ;
#2653 = ORIENTED_EDGE ( 'NONE', *, *, #5891, .T. ) ;
#2654 = SURFACE_STYLE_USAGE ( .BOTH. , #1477 ) ;
#2655 = CARTESIAN_POINT ( 'NONE',  ( 0.2562400789127872724, -0.1948279763673731180, -0.01000000000000000021 ) ) ;
#2656 = CARTESIAN_POINT ( 'NONE',  ( -1.240000000000000213, 1.500000000000000000, 0.2000000000000000111 ) ) ;
#2657 = CARTESIAN_POINT ( 'NONE',  ( 0.3399999999999999134, -1.510000000000000009, 0.2000000000000000111 ) ) ;
#2658 = EDGE_LOOP ( 'NONE', ( #1360, #1399, #746, #441 ) ) ;
#2659 = DIRECTION ( 'NONE',  ( 1.000000000000000000, 0.0000000000000000000, 0.0000000000000000000 ) ) ;
#2660 =( LENGTH_UNIT ( ) NAMED_UNIT ( * ) SI_UNIT ( .MILLI., .METRE. ) );
#2661 = CARTESIAN_POINT ( 'NONE',  ( 0.3571266283687791199, -0.1188350962321363530, -0.01000000000000000021 ) ) ;
#2662 = SURFACE_STYLE_FILL_AREA ( #6699 ) ;
#2663 = ORIENTED_EDGE ( 'NONE', *, *, #6827, .F. ) ;
#2664 = LINE ( 'NONE', #1978, #6770 ) ;
#2665 = AXIS2_PLACEMENT_3D ( 'NONE', #4046, #1130, #6342 ) ;
#2666 = CARTESIAN_POINT ( 'NONE',  ( 0.1099999999999999034, 1.510000000000000009, 0.2000000000000000111 ) ) ;
#2667 = FILL_AREA_STYLE_COLOUR ( '', #3285 ) ;
#2668 = ADVANCED_FACE ( 'NONE', ( #5242 ), #2359, .T. ) ;
#2669 = ORIENTED_EDGE ( 'NONE', *, *, #4111, .T. ) ;
#2670 = SURFACE_SIDE_STYLE ('',( #5554 ) ) ;
#2671 =( GEOMETRIC_REPRESENTATION_CONTEXT ( 3 ) GLOBAL_UNCERTAINTY_ASSIGNED_CONTEXT ( ( #2706 ) ) GLOBAL_UNIT_ASSIGNED_CONTEXT ( ( #7135, #5370, #5409 ) ) REPRESENTATION_CONTEXT ( 'NONE', 'WORKASPACE' ) );
#2672 = ORIENTED_EDGE ( 'NONE', *, *, #2931, .F. ) ;
#2673 = EDGE_LOOP ( 'NONE', ( #1115, #4983, #4275, #2677, #580, #6950 ) ) ;
#2674 = CARTESIAN_POINT ( 'NONE',  ( -0.3843091386840314927, 0.1566885799258848910, -0.02000000000000000042 ) ) ;
#2675 = MECHANICAL_DESIGN_GEOMETRIC_PRESENTATION_REPRESENTATION (  '', ( #1589 ), #1468 ) ;
#2676 = EDGE_CURVE ( 'NONE', #6208, #552, #4097, .T. ) ;
#2677 = ORIENTED_EDGE ( 'NONE', *, *, #7512, .F. ) ;
#2678 = CARTESIAN_POINT ( 'NONE',  ( -0.1100000000000000699, 1.215000000000000080, -0.02000000000000000042 ) ) ;
#2679 = VECTOR ( 'NONE', #6003, 1000.000000000000000 ) ;
#2680 = VECTOR ( 'NONE', #3659, 1000.000000000000000 ) ;
#2681 = CARTESIAN_POINT ( 'NONE',  ( 0.2800508066877112068, -0.1507204933050893814, -0.02000000000000000042 ) ) ;
#2682 = EDGE_LOOP ( 'NONE', ( #197, #2672, #7315, #2993 ) ) ;
#2683 = STYLED_ITEM ( 'NONE', ( #984 ), #7227 ) ;
#2684 = UNCERTAINTY_MEASURE_WITH_UNIT (LENGTH_MEASURE( 1.000000000000000082E-05 ), #2894, 'distance_accuracy_value', 'NONE');
#2685 = CARTESIAN_POINT ( 'NONE',  ( 0.5600000000000000533, 1.215000000000000080, 0.2000000000000000111 ) ) ;
#2686 = EDGE_CURVE ( 'NONE', #892, #5378, #6547, .T. ) ;
#2687 = ADVANCED_FACE ( 'NONE', ( #4803 ), #2043, .T. ) ;
#2688 = VECTOR ( 'NONE', #2251, 1000.000000000000000 ) ;
#2689 = CARTESIAN_POINT ( 'NONE',  ( -0.7900000000000001465, 1.500000000000000000, 0.7299999999999999822 ) ) ;
#2690 = ORIENTED_EDGE ( 'NONE', *, *, #1255, .T. ) ;
#2691 = FILL_AREA_STYLE ('',( #7185 ) ) ;
#2692 =( LENGTH_UNIT ( ) NAMED_UNIT ( * ) SI_UNIT ( .MILLI., .METRE. ) );
#2693 = CARTESIAN_POINT ( 'NONE',  ( 0.2516095520313131328, 0.1707744765116404606, -0.01000000000000000021 ) ) ;
#2694 = VECTOR ( 'NONE', #1519, 1000.000000000000000 ) ;
#2695 = CARTESIAN_POINT ( 'NONE',  ( 1.189999999999999947, -0.8249999999999998446, 0.2000000000000000111 ) ) ;
#2696 = SURFACE_STYLE_USAGE ( .BOTH. , #361 ) ;
#2697 = EDGE_CURVE ( 'NONE', #4523, #1587, #6175, .T. ) ;
#2698 = MECHANICAL_DESIGN_GEOMETRIC_PRESENTATION_REPRESENTATION (  '', ( #2074 ), #374 ) ;
#2699 =( GEOMETRIC_REPRESENTATION_CONTEXT ( 3 ) GLOBAL_UNCERTAINTY_ASSIGNED_CONTEXT ( ( #2155 ) ) GLOBAL_UNIT_ASSIGNED_CONTEXT ( ( #6039, #7212, #1434 ) ) REPRESENTATION_CONTEXT ( 'NONE', 'WORKASPACE' ) );
#2700 = EDGE_LOOP ( 'NONE', ( #753, #2977, #5260, #2469 ) ) ;
#2701 = DIRECTION ( 'NONE',  ( -1.000000000000000000, 0.0000000000000000000, 0.0000000000000000000 ) ) ;
#2702 = DIRECTION ( 'NONE',  ( 0.0000000000000000000, 0.0000000000000000000, 1.000000000000000000 ) ) ;
#2703 = CARTESIAN_POINT ( 'NONE',  ( 0.3843792147307389384, -0.08585995103556626207, -0.01000000000000000021 ) ) ;
#2704 = VECTOR ( 'NONE', #6062, 1000.000000000000114 ) ;
#2705 = DIRECTION ( 'NONE',  ( 0.0000000000000000000, -1.000000000000000000, 0.0000000000000000000 ) ) ;
#2706 = UNCERTAINTY_MEASURE_WITH_UNIT (LENGTH_MEASURE( 1.000000000000000082E-05 ), #7135, 'distance_accuracy_value', 'NONE');
#2707 = FACE_OUTER_BOUND ( 'NONE', #4925, .T. ) ;
#2708 = CARTESIAN_POINT ( 'NONE',  ( -0.4604244497579174089, 0.09387581155780010123, -0.01000000000000000021 ) ) ;
#2709 = CARTESIAN_POINT ( 'NONE',  ( -1.240000000000000213, 1.510000000000000009, -0.02000000000000000042 ) ) ;
#2710 = PRESENTATION_STYLE_ASSIGNMENT (( #373 ) ) ;
#2711 = ORIENTED_EDGE ( 'NONE', *, *, #872, .F. ) ;
#2712 = CARTESIAN_POINT ( 'NONE',  ( 0.4401713982522109103, -0.09543176509390777218, -0.02000000000000000042 ) ) ;
#2713 = ORIENTED_EDGE ( 'NONE', *, *, #4238, .F. ) ;
#2714 = CARTESIAN_POINT ( 'NONE',  ( -0.4850555645901181712, 0.1434342661594736612, -0.02000000000000000042 ) ) ;
#2715 = PLANE ( 'NONE',  #2387 ) ;
#2716 = CARTESIAN_POINT ( 'NONE',  ( 0.2648243063541065867, -0.1511129267620191785, -0.01000000000000000021 ) ) ;
#2717 = VERTEX_POINT ( 'NONE', #3236 ) ;
#2718 = ORIENTED_EDGE ( 'NONE', *, *, #3142, .F. ) ;
#2719 =( NAMED_UNIT ( * ) SI_UNIT ( $, .STERADIAN. ) SOLID_ANGLE_UNIT ( ) );
#2720 = VECTOR ( 'NONE', #530, 1000.000000000000000 ) ;
#2721 = CARTESIAN_POINT ( 'NONE',  ( 0.3966008352406113491, -0.05895021226348581139, -0.02000000000000000042 ) ) ;
#2722 = UNCERTAINTY_MEASURE_WITH_UNIT (LENGTH_MEASURE( 1.000000000000000082E-05 ), #999, 'distance_accuracy_value', 'NONE');
#2723 = VERTEX_POINT ( 'NONE', #4290 ) ;
#2724 = DIRECTION ( 'NONE',  ( 0.0000000000000000000, 1.000000000000000000, -0.0000000000000000000 ) ) ;
#2725 = EDGE_CURVE ( 'NONE', #2872, #6142, #5437, .T. ) ;
#2726 = VECTOR ( 'NONE', #4944, 1000.000000000000000 ) ;
#2727 = SURFACE_STYLE_USAGE ( .BOTH. , #3978 ) ;
#2728 = CIRCLE ( 'NONE', #274, 0.1255198065735227408 ) ;
#2729 = LINE ( 'NONE', #937, #1412 ) ;
#2730 = EDGE_LOOP ( 'NONE', ( #5054, #5733, #4934, #6463 ) ) ;
#2731 = EDGE_CURVE ( 'NONE', #5685, #4230, #7261, .T. ) ;
#2732 =( NAMED_UNIT ( * ) SI_UNIT ( $, .STERADIAN. ) SOLID_ANGLE_UNIT ( ) );
#2733 = LINE ( 'NONE', #543, #5616 ) ;
#2734 = EDGE_CURVE ( 'NONE', #7447, #7112, #7193, .T. ) ;
#2735 = FILL_AREA_STYLE ('',( #974 ) ) ;
#2736 = FILL_AREA_STYLE_COLOUR ( '', #4463 ) ;
#2737 = UNCERTAINTY_MEASURE_WITH_UNIT (LENGTH_MEASURE( 1.000000000000000082E-05 ), #4479, 'distance_accuracy_value', 'NONE');
#2738 = CARTESIAN_POINT ( 'NONE',  ( -0.4972244129537780610, 0.1284123966942695705, -0.01000000000000000021 ) ) ;
#2739 = SURFACE_SIDE_STYLE ('',( #1019 ) ) ;
#2740 = VERTEX_POINT ( 'NONE', #5541 ) ;
#2741 = FILL_AREA_STYLE ('',( #7258 ) ) ;
#2742 = SURFACE_STYLE_USAGE ( .BOTH. , #4533 ) ;
#2743 = DIRECTION ( 'NONE',  ( 0.0000000000000000000, -1.000000000000000000, 0.0000000000000000000 ) ) ;
#2744 = VECTOR ( 'NONE', #2417, 1000.000000000000000 ) ;
#2745 = CARTESIAN_POINT ( 'NONE',  ( 0.2562877209882529206, 0.2147407317745662070, -0.02000000000000000042 ) ) ;
#2746 = LINE ( 'NONE', #332, #7097 ) ;
#2747 = DIRECTION ( 'NONE',  ( 0.3393303772748786362, 0.9406672605435402179, 0.0000000000000000000 ) ) ;
#2748 =( GEOMETRIC_REPRESENTATION_CONTEXT ( 3 ) GLOBAL_UNCERTAINTY_ASSIGNED_CONTEXT ( ( #4473 ) ) GLOBAL_UNIT_ASSIGNED_CONTEXT ( ( #5928, #1257, #200 ) ) REPRESENTATION_CONTEXT ( 'NONE', 'WORKASPACE' ) );
#2749 =( GEOMETRIC_REPRESENTATION_CONTEXT ( 3 ) GLOBAL_UNCERTAINTY_ASSIGNED_CONTEXT ( ( #3878 ) ) GLOBAL_UNIT_ASSIGNED_CONTEXT ( ( #6254, #7525, #6853 ) ) REPRESENTATION_CONTEXT ( 'NONE', 'WORKASPACE' ) );
#2750 = EDGE_LOOP ( 'NONE', ( #3396, #3183, #970, #6948, #4896 ) ) ;
#2751 = VERTEX_POINT ( 'NONE', #3881 ) ;
#2752 =( LENGTH_UNIT ( ) NAMED_UNIT ( * ) SI_UNIT ( .MILLI., .METRE. ) );
#2753 =( GEOMETRIC_REPRESENTATION_CONTEXT ( 3 ) GLOBAL_UNCERTAINTY_ASSIGNED_CONTEXT ( ( #3328 ) ) GLOBAL_UNIT_ASSIGNED_CONTEXT ( ( #2909, #1207, #2183 ) ) REPRESENTATION_CONTEXT ( 'NONE', 'WORKASPACE' ) );
#2754 = COLOUR_RGB ( '',0.0000000000000000000, 0.0000000000000000000, 0.0000000000000000000 ) ;
#2755 = DIRECTION ( 'NONE',  ( 0.0000000000000000000, 0.0000000000000000000, -1.000000000000000000 ) ) ;
#2756 = ORIENTED_EDGE ( 'NONE', *, *, #3026, .F. ) ;
#2757 = PRESENTATION_STYLE_ASSIGNMENT (( #2329 ) ) ;
#2758 = VECTOR ( 'NONE', #3170, 1000.000000000000000 ) ;
#2759 = EDGE_LOOP ( 'NONE', ( #1135, #1326, #2340, #1163, #2000, #4037 ) ) ;
#2760 = MECHANICAL_DESIGN_GEOMETRIC_PRESENTATION_REPRESENTATION (  '', ( #5291 ), #2394 ) ;
#2761 = LINE ( 'NONE', #5562, #2821 ) ;
#2762 = CARTESIAN_POINT ( 'NONE',  ( -1.499999999999999778, 1.500000000000000000, 0.7299999999999999822 ) ) ;
#2763 = ORIENTED_EDGE ( 'NONE', *, *, #5607, .T. ) ;
#2764 = STYLED_ITEM ( 'NONE', ( #3985 ), #1010 ) ;
#2765 = FILL_AREA_STYLE ('',( #5145 ) ) ;
#2766 = EDGE_CURVE ( 'NONE', #2988, #3563, #2554, .T. ) ;
#2767 = ORIENTED_EDGE ( 'NONE', *, *, #478, .T. ) ;
#2768 = CARTESIAN_POINT ( 'NONE',  ( -0.1100000000000000699, -1.510000000000000009, 0.2000000000000000111 ) ) ;
#2769 = PRESENTATION_LAYER_ASSIGNMENT (  '', '', ( #6058 ) ) ;
#2770 =( NAMED_UNIT ( * ) PLANE_ANGLE_UNIT ( ) SI_UNIT ( $, .RADIAN. ) );
#2771 = UNCERTAINTY_MEASURE_WITH_UNIT (LENGTH_MEASURE( 1.000000000000000082E-05 ), #5156, 'distance_accuracy_value', 'NONE');
#2772 = CARTESIAN_POINT ( 'NONE',  ( -0.5076428370892442921, 0.1123048348530916868, -0.01000000000000000021 ) ) ;
#2773 =( LENGTH_UNIT ( ) NAMED_UNIT ( * ) SI_UNIT ( .MILLI., .METRE. ) );
#2774 = ORIENTED_EDGE ( 'NONE', *, *, #5644, .T. ) ;
#2775 = LINE ( 'NONE', #442, #1865 ) ;
#2776 =( LENGTH_UNIT ( ) NAMED_UNIT ( * ) SI_UNIT ( .MILLI., .METRE. ) );
#2777 =( LENGTH_UNIT ( ) NAMED_UNIT ( * ) SI_UNIT ( .MILLI., .METRE. ) );
#2778 =( NAMED_UNIT ( * ) PLANE_ANGLE_UNIT ( ) SI_UNIT ( $, .RADIAN. ) );
#2779 = CARTESIAN_POINT ( 'NONE',  ( -0.5305263034019911395, 0.01489317079895642083, -0.01000000000000000021 ) ) ;
#2780 = CARTESIAN_POINT ( 'NONE',  ( -0.3269232333967622139, 0.1658430463020504342, -0.01000000000000000021 ) ) ;
#2781 = UNCERTAINTY_MEASURE_WITH_UNIT (LENGTH_MEASURE( 1.000000000000000082E-05 ), #53, 'distance_accuracy_value', 'NONE');
#2782 = CARTESIAN_POINT ( 'NONE',  ( 0.1839037518729717269, 0.1565394872394380577, -0.01000000000000000021 ) ) ;
#2783 = EDGE_CURVE ( 'NONE', #6862, #5140, #5006, .T. ) ;
#2784 = FACE_OUTER_BOUND ( 'NONE', #6851, .T. ) ;
#2785 = ORIENTED_EDGE ( 'NONE', *, *, #2444, .T. ) ;
#2786 = DIRECTION ( 'NONE',  ( -0.0000000000000000000, 0.0000000000000000000, 1.000000000000000000 ) ) ;
#2787 = ORIENTED_EDGE ( 'NONE', *, *, #5453, .T. ) ;
#2788 = SURFACE_STYLE_FILL_AREA ( #2211 ) ;
#2789 = SURFACE_STYLE_FILL_AREA ( #454 ) ;
#2790 = DIRECTION ( 'NONE',  ( 0.0000000000000000000, -1.000000000000000000, 0.0000000000000000000 ) ) ;
#2791 = ORIENTED_EDGE ( 'NONE', *, *, #1515, .F. ) ;
#2792 = CARTESIAN_POINT ( 'NONE',  ( -0.8622336204751619437, -0.1901373170059216522, -0.01000000000000000021 ) ) ;
#2793 = COLOUR_RGB ( '',0.7529411764705882248, 0.7529411764705882248, 0.7529411764705882248 ) ;
#2794 = ORIENTED_EDGE ( 'NONE', *, *, #2302, .T. ) ;
#2795 = CARTESIAN_POINT ( 'NONE',  ( 0.3763848076294828982, -0.09790749168932091906, -0.01000000000000000021 ) ) ;
#2796 = DIRECTION ( 'NONE',  ( -1.000000000000000000, 0.0000000000000000000, -0.0000000000000000000 ) ) ;
#2797 = EDGE_LOOP ( 'NONE', ( #4128, #5075, #1777, #3996 ) ) ;
#2798 = LINE ( 'NONE', #3330, #6773 ) ;
#2799 = DIRECTION ( 'NONE',  ( -1.000000000000000000, 0.0000000000000000000, 0.0000000000000000000 ) ) ;
#2800 = VECTOR ( 'NONE', #5890, 1000.000000000000000 ) ;
#2801 = PRESENTATION_LAYER_ASSIGNMENT (  '', '', ( #225 ) ) ;
#2802 = FILL_AREA_STYLE_COLOUR ( '', #2297 ) ;
#2803 =( LENGTH_UNIT ( ) NAMED_UNIT ( * ) SI_UNIT ( .MILLI., .METRE. ) );
#2804 = COLOUR_RGB ( '',0.0000000000000000000, 0.0000000000000000000, 0.0000000000000000000 ) ;
#2805 = ORIENTED_EDGE ( 'NONE', *, *, #3098, .F. ) ;
#2806 = FILL_AREA_STYLE ('',( #1053 ) ) ;
#2807 = VECTOR ( 'NONE', #4064, 1000.000000000000000 ) ;
#2808 = FILL_AREA_STYLE ('',( #1550 ) ) ;
#2809 = PRESENTATION_STYLE_ASSIGNMENT (( #5695 ) ) ;
#2810 = ORIENTED_EDGE ( 'NONE', *, *, #3982, .F. ) ;
#2811 = CARTESIAN_POINT ( 'NONE',  ( -0.7435598399873570852, 0.1330334147013954582, -0.01000000000000000021 ) ) ;
#2812 =( NAMED_UNIT ( * ) SI_UNIT ( $, .STERADIAN. ) SOLID_ANGLE_UNIT ( ) );
#2813 = PRESENTATION_LAYER_ASSIGNMENT (  '', '', ( #4512 ) ) ;
#2814 = VERTEX_POINT ( 'NONE', #3269 ) ;
#2815 =( GEOMETRIC_REPRESENTATION_CONTEXT ( 3 ) GLOBAL_UNCERTAINTY_ASSIGNED_CONTEXT ( ( #4928 ) ) GLOBAL_UNIT_ASSIGNED_CONTEXT ( ( #65, #639, #5356 ) ) REPRESENTATION_CONTEXT ( 'NONE', 'WORKASPACE' ) );
#2816 = CARTESIAN_POINT ( 'NONE',  ( 0.2258734076461884899, -0.1916307018081011004, -0.02000000000000000042 ) ) ;
#2817 = SURFACE_STYLE_USAGE ( .BOTH. , #446 ) ;
#2818 = DIRECTION ( 'NONE',  ( 0.0000000000000000000, 0.0000000000000000000, -1.000000000000000000 ) ) ;
#2819 = CARTESIAN_POINT ( 'NONE',  ( 0.6750000000000000444, 1.215000000000000080, 0.2000000000000000111 ) ) ;
#2820 = COLOUR_RGB ( '',0.7529411764705882248, 0.7529411764705882248, 0.7529411764705882248 ) ;
#2821 = VECTOR ( 'NONE', #6831, 1000.000000000000000 ) ;
#2822 = PRESENTATION_STYLE_ASSIGNMENT (( #4575 ) ) ;
#2823 =( GEOMETRIC_REPRESENTATION_CONTEXT ( 3 ) GLOBAL_UNCERTAINTY_ASSIGNED_CONTEXT ( ( #2115 ) ) GLOBAL_UNIT_ASSIGNED_CONTEXT ( ( #3166, #255, #5581 ) ) REPRESENTATION_CONTEXT ( 'NONE', 'WORKASPACE' ) );
#2824 = FACE_OUTER_BOUND ( 'NONE', #291, .T. ) ;
#2825 = SURFACE_SIDE_STYLE ('',( #4495 ) ) ;
#2826 = EDGE_LOOP ( 'NONE', ( #1249, #4428, #2833, #5802 ) ) ;
#2827 = DIRECTION ( 'NONE',  ( 1.000000000000000000, 0.0000000000000000000, 0.0000000000000000000 ) ) ;
#2828 = EDGE_CURVE ( 'NONE', #3399, #2305, #2122, .T. ) ;
#2829 = ORIENTED_EDGE ( 'NONE', *, *, #6719, .T. ) ;
#2830 = EDGE_CURVE ( 'NONE', #330, #1527, #5580, .T. ) ;
#2831 = VERTEX_POINT ( 'NONE', #367 ) ;
#2832 = CARTESIAN_POINT ( 'NONE',  ( -0.5300544269266496133, 0.03632197112974424463, -0.02000000000000000042 ) ) ;
#2833 = ORIENTED_EDGE ( 'NONE', *, *, #7336, .F. ) ;
#2834 = CARTESIAN_POINT ( 'NONE',  ( -1.240000000000000213, -1.215000000000000080, 0.0000000000000000000 ) ) ;
#2835 = EDGE_CURVE ( 'NONE', #4417, #6315, #1488, .T. ) ;
#2836 =( LENGTH_UNIT ( ) NAMED_UNIT ( * ) SI_UNIT ( .MILLI., .METRE. ) );
#2837 = VERTEX_POINT ( 'NONE', #5474 ) ;
#2838 = SURFACE_STYLE_FILL_AREA ( #6905 ) ;
#2839 = SURFACE_STYLE_USAGE ( .BOTH. , #2294 ) ;
#2840 =( NAMED_UNIT ( * ) SI_UNIT ( $, .STERADIAN. ) SOLID_ANGLE_UNIT ( ) );
#2841 = LINE ( 'NONE', #3833, #6467 ) ;
#2842 = PLANE ( 'NONE',  #5528 ) ;
#2843 = VERTEX_POINT ( 'NONE', #3203 ) ;
#2844 = SURFACE_STYLE_FILL_AREA ( #5147 ) ;
#2845 = DIRECTION ( 'NONE',  ( -0.0000000000000000000, -1.000000000000000000, 0.0000000000000000000 ) ) ;
#2846 = PRESENTATION_STYLE_ASSIGNMENT (( #6914 ) ) ;
#2847 = VERTEX_POINT ( 'NONE', #2592 ) ;
#2848 = CARTESIAN_POINT ( 'NONE',  ( -0.7373860594995520490, 0.1610821951892003334, -0.02000000000000000042 ) ) ;
#2849 =( GEOMETRIC_REPRESENTATION_CONTEXT ( 3 ) GLOBAL_UNCERTAINTY_ASSIGNED_CONTEXT ( ( #2495 ) ) GLOBAL_UNIT_ASSIGNED_CONTEXT ( ( #1523, #2127, #6250 ) ) REPRESENTATION_CONTEXT ( 'NONE', 'WORKASPACE' ) );
#2850 = ORIENTED_EDGE ( 'NONE', *, *, #2509, .T. ) ;
#2851 = CIRCLE ( 'NONE', #5634, 0.1150000000000000328 ) ;
#2852 = DIRECTION ( 'NONE',  ( -1.000000000000000000, 0.0000000000000000000, 0.0000000000000000000 ) ) ;
#2853 = SURFACE_STYLE_USAGE ( .BOTH. , #5192 ) ;
#2854 =( NAMED_UNIT ( * ) SI_UNIT ( $, .STERADIAN. ) SOLID_ANGLE_UNIT ( ) );
#2855 = STYLED_ITEM ( 'NONE', ( #4573 ), #722 ) ;
#2856 =( NAMED_UNIT ( * ) SI_UNIT ( $, .STERADIAN. ) SOLID_ANGLE_UNIT ( ) );
#2857 = CARTESIAN_POINT ( 'NONE',  ( -0.5225335043959098424, -0.04956283992870645638, -0.01000000000000000021 ) ) ;
#2858 =( GEOMETRIC_REPRESENTATION_CONTEXT ( 3 ) GLOBAL_UNCERTAINTY_ASSIGNED_CONTEXT ( ( #3652 ) ) GLOBAL_UNIT_ASSIGNED_CONTEXT ( ( #6242, #431, #702 ) ) REPRESENTATION_CONTEXT ( 'NONE', 'WORKASPACE' ) );
#2859 = CARTESIAN_POINT ( 'NONE',  ( 1.240000000000000213, -1.215000000000000080, 0.2000000000000000111 ) ) ;
#2860 = LINE ( 'NONE', #6400, #2357 ) ;
#2861 = FACE_OUTER_BOUND ( 'NONE', #6721, .T. ) ;
#2862 =( LENGTH_UNIT ( ) NAMED_UNIT ( * ) SI_UNIT ( .MILLI., .METRE. ) );
#2863 = ADVANCED_FACE ( 'NONE', ( #2007 ), #1450, .T. ) ;
#2864 =( GEOMETRIC_REPRESENTATION_CONTEXT ( 3 ) GLOBAL_UNCERTAINTY_ASSIGNED_CONTEXT ( ( #6165 ) ) GLOBAL_UNIT_ASSIGNED_CONTEXT ( ( #353, #3979, #5609 ) ) REPRESENTATION_CONTEXT ( 'NONE', 'WORKASPACE' ) );
#2865 = ADVANCED_FACE ( 'NONE', ( #6807 ), #3461, .T. ) ;
#2866 = ORIENTED_EDGE ( 'NONE', *, *, #7501, .T. ) ;
#2867 = SURFACE_STYLE_USAGE ( .BOTH. , #3472 ) ;
#2868 = CARTESIAN_POINT ( 'NONE',  ( -1.499999999999999778, 1.500000000000000000, 0.0000000000000000000 ) ) ;
#2869 = SURFACE_STYLE_FILL_AREA ( #4583 ) ;
#2870 =( GEOMETRIC_REPRESENTATION_CONTEXT ( 3 ) GLOBAL_UNCERTAINTY_ASSIGNED_CONTEXT ( ( #7292 ) ) GLOBAL_UNIT_ASSIGNED_CONTEXT ( ( #6491, #6947, #5293 ) ) REPRESENTATION_CONTEXT ( 'NONE', 'WORKASPACE' ) );
#2871 = EDGE_CURVE ( 'NONE', #4769, #1995, #3385, .T. ) ;
#2872 = VERTEX_POINT ( 'NONE', #5660 ) ;
#2873 = SURFACE_STYLE_FILL_AREA ( #648 ) ;
#2874 = PRESENTATION_LAYER_ASSIGNMENT (  '', '', ( #6160 ) ) ;
#2875 = DIRECTION ( 'NONE',  ( 0.0000000000000000000, 0.0000000000000000000, 1.000000000000000000 ) ) ;
#2876 = ORIENTED_EDGE ( 'NONE', *, *, #4905, .F. ) ;
#2877 = DIRECTION ( 'NONE',  ( 1.000000000000000000, 0.0000000000000000000, 0.0000000000000000000 ) ) ;
#2878 = SURFACE_SIDE_STYLE ('',( #6978 ) ) ;
#2879 = SURFACE_STYLE_USAGE ( .BOTH. , #5836 ) ;
#2880 = AXIS2_PLACEMENT_3D ( 'NONE', #6283, #1145, #1068 ) ;
#2881 = EDGE_CURVE ( 'NONE', #4197, #2178, #5028, .T. ) ;
#2882 =( GEOMETRIC_REPRESENTATION_CONTEXT ( 3 ) GLOBAL_UNCERTAINTY_ASSIGNED_CONTEXT ( ( #480 ) ) GLOBAL_UNIT_ASSIGNED_CONTEXT ( ( #3358, #6366, #1077 ) ) REPRESENTATION_CONTEXT ( 'NONE', 'WORKASPACE' ) );
#2883 = CARTESIAN_POINT ( 'NONE',  ( -0.9207702058410154322, -0.1901373170059216522, -0.02000000000000000042 ) ) ;
#2884 = EDGE_LOOP ( 'NONE', ( #5692, #926, #3662, #192 ) ) ;
#2885 = EDGE_LOOP ( 'NONE', ( #6037, #7450, #5839, #4191 ) ) ;
#2886 = CARTESIAN_POINT ( 'NONE',  ( 1.125000000000000222, 1.215000000000000080, -0.02000000000000000042 ) ) ;
#2887 = VECTOR ( 'NONE', #764, 1000.000000000000000 ) ;
#2888 = ORIENTED_EDGE ( 'NONE', *, *, #7501, .F. ) ;
#2889 = VECTOR ( 'NONE', #4406, 1000.000000000000000 ) ;
#2890 = FILL_AREA_STYLE_COLOUR ( '', #924 ) ;
#2891 = ORIENTED_EDGE ( 'NONE', *, *, #4099, .T. ) ;
#2892 = STYLED_ITEM ( 'NONE', ( #2604 ), #2129 ) ;
#2893 = CARTESIAN_POINT ( 'NONE',  ( 0.1621566234272772411, 0.1988870732379808270, -0.02000000000000000042 ) ) ;
#2894 =( LENGTH_UNIT ( ) NAMED_UNIT ( * ) SI_UNIT ( .MILLI., .METRE. ) );
#2895 = CARTESIAN_POINT ( 'NONE',  ( 0.3022189933182686250, 0.1648921014183521438, -0.01000000000000000021 ) ) ;
#2896 = CARTESIAN_POINT ( 'NONE',  ( -0.3250441845691567910, -0.1461045944148157139, -0.02000000000000000042 ) ) ;
#2897 = CARTESIAN_POINT ( 'NONE',  ( 1.010000000000000009, -1.215000000000000080, 0.2000000000000000111 ) ) ;
#2898 = CARTESIAN_POINT ( 'NONE',  ( 0.03044930635410657283, -0.1462348779815314248, -0.01000000000000000021 ) ) ;
#2899 = ORIENTED_EDGE ( 'NONE', *, *, #4778, .F. ) ;
#2900 =( NAMED_UNIT ( * ) PLANE_ANGLE_UNIT ( ) SI_UNIT ( $, .RADIAN. ) );
#2901 = LINE ( 'NONE', #3398, #195 ) ;
#2902 = DIRECTION ( 'NONE',  ( -1.000000000000000000, 0.0000000000000000000, -0.0000000000000000000 ) ) ;
#2903 = ADVANCED_FACE ( 'NONE', ( #2236 ), #6882, .T. ) ;
#2904 =( NAMED_UNIT ( * ) SI_UNIT ( $, .STERADIAN. ) SOLID_ANGLE_UNIT ( ) );
#2905 = ORIENTED_EDGE ( 'NONE', *, *, #1671, .T. ) ;
#2906 =( NAMED_UNIT ( * ) SI_UNIT ( $, .STERADIAN. ) SOLID_ANGLE_UNIT ( ) );
#2907 = PLANE ( 'NONE',  #5837 ) ;
#2908 = SURFACE_SIDE_STYLE ('',( #4006 ) ) ;
#2909 =( LENGTH_UNIT ( ) NAMED_UNIT ( * ) SI_UNIT ( .MILLI., .METRE. ) );
#2910 = SURFACE_STYLE_FILL_AREA ( #1768 ) ;
#2911 = STYLED_ITEM ( 'NONE', ( #1011 ), #6397 ) ;
#2912 =( NAMED_UNIT ( * ) SI_UNIT ( $, .STERADIAN. ) SOLID_ANGLE_UNIT ( ) );
#2913 = CARTESIAN_POINT ( 'NONE',  ( -0.7332553688297644978, 0.1453134642965548950, -0.02000000000000000042 ) ) ;
#2914 = ORIENTED_EDGE ( 'NONE', *, *, #4195, .T. ) ;
#2915 = ORIENTED_EDGE ( 'NONE', *, *, #1476, .F. ) ;
#2916 = SURFACE_STYLE_USAGE ( .BOTH. , #6424 ) ;
#2917 = CARTESIAN_POINT ( 'NONE',  ( -0.4556956407120459907, -0.1474143134190556703, -0.009999999999999995004 ) ) ;
#2918 = DIRECTION ( 'NONE',  ( -1.000000000000000000, 0.0000000000000000000, -0.0000000000000000000 ) ) ;
#2919 = VERTEX_POINT ( 'NONE', #3504 ) ;
#2920 = FILL_AREA_STYLE ('',( #3497 ) ) ;
#2921 = EDGE_CURVE ( 'NONE', #1730, #4100, #1335, .T. ) ;
#2922 = STYLED_ITEM ( 'NONE', ( #2757 ), #6736 ) ;
#2923 = EDGE_CURVE ( 'NONE', #4282, #378, #2851, .T. ) ;
#2924 = UNCERTAINTY_MEASURE_WITH_UNIT (LENGTH_MEASURE( 1.000000000000000082E-05 ), #7479, 'distance_accuracy_value', 'NONE');
#2925 = ORIENTED_EDGE ( 'NONE', *, *, #282, .F. ) ;
#2926 = DIRECTION ( 'NONE',  ( 0.3222024856061125875, -0.9466707760722534726, 0.0000000000000000000 ) ) ;
#2927 = AXIS2_PLACEMENT_3D ( 'NONE', #5870, #2947, #4773 ) ;
#2928 = FACE_OUTER_BOUND ( 'NONE', #3824, .T. ) ;
#2929 = CARTESIAN_POINT ( 'NONE',  ( 0.3742841185649279367, 0.1147034820817927070, -0.01000000000000000021 ) ) ;
#2930 = ORIENTED_EDGE ( 'NONE', *, *, #4216, .F. ) ;
#2931 = EDGE_CURVE ( 'NONE', #4005, #465, #169, .T. ) ;
#2932 = PRESENTATION_LAYER_ASSIGNMENT (  '', '', ( #5342 ) ) ;
#2933 =( GEOMETRIC_REPRESENTATION_CONTEXT ( 3 ) GLOBAL_UNCERTAINTY_ASSIGNED_CONTEXT ( ( #3222 ) ) GLOBAL_UNIT_ASSIGNED_CONTEXT ( ( #4065, #3961, #3468 ) ) REPRESENTATION_CONTEXT ( 'NONE', 'WORKASPACE' ) );
#2934 = CARTESIAN_POINT ( 'NONE',  ( -1.010000000000000009, 1.510000000000000009, -0.02000000000000000042 ) ) ;
#2935 = VECTOR ( 'NONE', #2702, 1000.000000000000000 ) ;
#2936 = CARTESIAN_POINT ( 'NONE',  ( -0.4608365494720775835, -0.06781221235771245359, -0.02000000000000000042 ) ) ;
#2937 = CARTESIAN_POINT ( 'NONE',  ( -0.3400000000000000799, 1.500000000000000000, 0.2000000000000000111 ) ) ;
#2938 = SURFACE_STYLE_USAGE ( .BOTH. , #4612 ) ;
#2939 =( NAMED_UNIT ( * ) PLANE_ANGLE_UNIT ( ) SI_UNIT ( $, .RADIAN. ) );
#2940 = VECTOR ( 'NONE', #6938, 1000.000000000000114 ) ;
#2941 = ORIENTED_EDGE ( 'NONE', *, *, #3208, .F. ) ;
#2942 = PRESENTATION_LAYER_ASSIGNMENT (  '', '', ( #4888 ) ) ;
#2943 = PRESENTATION_STYLE_ASSIGNMENT (( #643 ) ) ;
#2944 = SURFACE_STYLE_FILL_AREA ( #5949 ) ;
#2945 = MECHANICAL_DESIGN_GEOMETRIC_PRESENTATION_REPRESENTATION (  '', ( #4395 ), #1122 ) ;
#2946 = CARTESIAN_POINT ( 'NONE',  ( 0.7900000000000001465, 1.510000000000000009, 0.2000000000000000111 ) ) ;
#2947 = DIRECTION ( 'NONE',  ( 0.0000000000000000000, 0.0000000000000000000, -1.000000000000000000 ) ) ;
#2948 = FILL_AREA_STYLE_COLOUR ( '', #7189 ) ;
#2949 = VECTOR ( 'NONE', #6591, 1000.000000000000000 ) ;
#2950 = FILL_AREA_STYLE ('',( #3592 ) ) ;
#2951 = CARTESIAN_POINT ( 'NONE',  ( -0.3539363797247152554, -0.1438321155657926453, -0.02000000000000000042 ) ) ;
#2952 = DIRECTION ( 'NONE',  ( 0.0000000000000000000, 0.0000000000000000000, -1.000000000000000000 ) ) ;
#2953 = STYLED_ITEM ( 'NONE', ( #6010 ), #4843 ) ;
#2954 =( NAMED_UNIT ( * ) PLANE_ANGLE_UNIT ( ) SI_UNIT ( $, .RADIAN. ) );
#2955 = CARTESIAN_POINT ( 'NONE',  ( 0.7900000000000001465, -1.500000000000000000, 0.7299999999999999822 ) ) ;
#2956 = ORIENTED_EDGE ( 'NONE', *, *, #6259, .F. ) ;
#2957 = EDGE_LOOP ( 'NONE', ( #1735, #721, #6264, #2608 ) ) ;
#2958 = CARTESIAN_POINT ( 'NONE',  ( -0.1100000000000000699, 1.500000000000000000, 0.7299999999999999822 ) ) ;
#2959 = CARTESIAN_POINT ( 'NONE',  ( -0.4768677668166251271, 0.01374987811602959055, -0.02000000000000000042 ) ) ;
#2960 = CARTESIAN_POINT ( 'NONE',  ( -0.8217610594995520268, -0.07794219505470212361, -0.02000000000000000042 ) ) ;
#2961 = ORIENTED_EDGE ( 'NONE', *, *, #1389, .F. ) ;
#2962 = CARTESIAN_POINT ( 'NONE',  ( -0.7332553688297644978, 0.1453134642965548950, -0.02000000000000000042 ) ) ;
#2963 = EDGE_CURVE ( 'NONE', #3716, #3987, #96, .T. ) ;
#2964 = CARTESIAN_POINT ( 'NONE',  ( 0.4277271393508673691, 0.1250652259538937161, -0.02000000000000000042 ) ) ;
#2965 = VECTOR ( 'NONE', #4849, 1000.000000000000000 ) ;
#2966 = EDGE_CURVE ( 'NONE', #1403, #6050, #136, .T. ) ;
#2967 = CARTESIAN_POINT ( 'NONE',  ( -0.4745664640322767580, -0.02178324729017539624, -0.01000000000000000021 ) ) ;
#2968 = EDGE_CURVE ( 'NONE', #5788, #4423, #2970, .T. ) ;
#2969 = ORIENTED_EDGE ( 'NONE', *, *, #383, .F. ) ;
#2970 = LINE ( 'NONE', #754, #7460 ) ;
#2971 = CARTESIAN_POINT ( 'NONE',  ( 0.2874080360455592564, 0.1682492771112604757, -0.02000000000000000042 ) ) ;
#2972 = CARTESIAN_POINT ( 'NONE',  ( 0.3877408071955816826, 0.1702318828774309345, -0.009999999999999995004 ) ) ;
#2973 = CARTESIAN_POINT ( 'NONE',  ( 0.4209183466921579408, -0.1270203340718689955, -0.01000000000000000021 ) ) ;
#2974 = AXIS2_PLACEMENT_3D ( 'NONE', #6100, #2659, #983 ) ;
#2975 =( NAMED_UNIT ( * ) SI_UNIT ( $, .STERADIAN. ) SOLID_ANGLE_UNIT ( ) );
#2976 = STYLED_ITEM ( 'NONE', ( #5220 ), #3322 ) ;
#2977 = ORIENTED_EDGE ( 'NONE', *, *, #1868, .T. ) ;
#2978 = SURFACE_SIDE_STYLE ('',( #4069 ) ) ;
#2979 = DIRECTION ( 'NONE',  ( -0.0000000000000000000, 0.0000000000000000000, 1.000000000000000000 ) ) ;
#2980 = DIRECTION ( 'NONE',  ( 0.0000000000000000000, 0.0000000000000000000, -1.000000000000000000 ) ) ;
#2981 = CARTESIAN_POINT ( 'NONE',  ( -0.5600000000000000533, 0.0000000000000000000, 0.0000000000000000000 ) ) ;
#2982 =( NAMED_UNIT ( * ) SI_UNIT ( $, .STERADIAN. ) SOLID_ANGLE_UNIT ( ) );
#2983 = LINE ( 'NONE', #2288, #3669 ) ;
#2984 = LINE ( 'NONE', #2412, #5045 ) ;
#2985 = LINE ( 'NONE', #5288, #4212 ) ;
#2986 = CARTESIAN_POINT ( 'NONE',  ( 0.03044930635410657283, -0.009649512127872853645, -0.02000000000000000042 ) ) ;
#2987 = DIRECTION ( 'NONE',  ( 0.0000000000000000000, -1.000000000000000000, 0.0000000000000000000 ) ) ;
#2988 = VERTEX_POINT ( 'NONE', #3086 ) ;
#2989 = ORIENTED_EDGE ( 'NONE', *, *, #2697, .T. ) ;
#2990 = DIRECTION ( 'NONE',  ( 0.0000000000000000000, 0.0000000000000000000, 1.000000000000000000 ) ) ;
#2991 = CARTESIAN_POINT ( 'NONE',  ( -0.5225335043959098424, -0.04956283992870645638, -0.02000000000000000042 ) ) ;
#2992 = CARTESIAN_POINT ( 'NONE',  ( 0.2504703067301669583, -0.1509244703065557580, -0.01000000000000000021 ) ) ;
#2993 = ORIENTED_EDGE ( 'NONE', *, *, #5750, .T. ) ;
#2994 = CARTESIAN_POINT ( 'NONE',  ( -0.7360903277922349330, 0.1610821951892003334, -0.01000000000000000021 ) ) ;
#2995 = DIRECTION ( 'NONE',  ( 0.0000000000000000000, 0.0000000000000000000, -1.000000000000000000 ) ) ;
#2996 = SURFACE_SIDE_STYLE ('',( #1920 ) ) ;
#2997 = AXIS2_PLACEMENT_3D ( 'NONE', #1201, #1275, #6518 ) ;
#2998 = MECHANICAL_DESIGN_GEOMETRIC_PRESENTATION_REPRESENTATION (  '', ( #6522 ), #2753 ) ;
#2999 = PRESENTATION_LAYER_ASSIGNMENT (  '', '', ( #1897 ) ) ;
#3000 = EDGE_CURVE ( 'NONE', #3599, #1772, #6502, .T. ) ;
#3001 = FACE_OUTER_BOUND ( 'NONE', #837, .T. ) ;
#3002 = LINE ( 'NONE', #6989, #3049 ) ;
#3003 = ORIENTED_EDGE ( 'NONE', *, *, #614, .T. ) ;
#3004 = DIRECTION ( 'NONE',  ( -1.000000000000000000, -0.0000000000000000000, -0.0000000000000000000 ) ) ;
#3005 = CARTESIAN_POINT ( 'NONE',  ( 0.2718794449609584496, 0.1704932089854381827, -0.02000000000000000042 ) ) ;
#3006 = PRESENTATION_LAYER_ASSIGNMENT (  '', '', ( #3965 ) ) ;
#3007 = CARTESIAN_POINT ( 'NONE',  ( 0.1821015556478081387, 0.2059418829195883427, -0.01000000000000000021 ) ) ;
#3008 =( LENGTH_UNIT ( ) NAMED_UNIT ( * ) SI_UNIT ( .MILLI., .METRE. ) );
#3009 = ORIENTED_EDGE ( 'NONE', *, *, #5312, .F. ) ;
#3010 = LINE ( 'NONE', #7079, #6126 ) ;
#3011 = CARTESIAN_POINT ( 'NONE',  ( 0.3718243443249449887, 0.1821600520004694190, -0.02000000000000000042 ) ) ;
#3012 = MECHANICAL_DESIGN_GEOMETRIC_PRESENTATION_REPRESENTATION (  '', ( #7376 ), #444 ) ;
#3013 = CARTESIAN_POINT ( 'NONE',  ( -0.4341417909656510865, 0.1279745385946096659, -0.01000000000000000021 ) ) ;
#3014 = DIRECTION ( 'NONE',  ( -0.0000000000000000000, 1.000000000000000000, 0.0000000000000000000 ) ) ;
#3015 = CARTESIAN_POINT ( 'NONE',  ( 0.3344561331378758107, -0.1347774110934538416, -0.02000000000000000042 ) ) ;
#3016 = CARTESIAN_POINT ( 'NONE',  ( 0.7900000000000001465, -1.215000000000000080, -0.02000000000000000042 ) ) ;
#3017 = ORIENTED_EDGE ( 'NONE', *, *, #2635, .T. ) ;
#3018 = EDGE_CURVE ( 'NONE', #4423, #6471, #7073, .T. ) ;
#3019 = FILL_AREA_STYLE ('',( #5826 ) ) ;
#3020 = LINE ( 'NONE', #3590, #1057 ) ;
#3021 =( LENGTH_UNIT ( ) NAMED_UNIT ( * ) SI_UNIT ( .MILLI., .METRE. ) );
#3022 = CARTESIAN_POINT ( 'NONE',  ( -0.7389642144102407384, 0.1523334377386271199, -0.01000000000000000021 ) ) ;
#3023 = VECTOR ( 'NONE', #1266, 1000.000000000000000 ) ;
#3024 = DIRECTION ( 'NONE',  ( -1.548860246407863583E-16, -1.000000000000000000, 0.0000000000000000000 ) ) ;
#3025 = FILL_AREA_STYLE ('',( #4662 ) ) ;
#3026 = EDGE_CURVE ( 'NONE', #5685, #5294, #4834, .T. ) ;
#3027 =( NAMED_UNIT ( * ) SI_UNIT ( $, .STERADIAN. ) SOLID_ANGLE_UNIT ( ) );
#3028 = CARTESIAN_POINT ( 'NONE',  ( -0.4767297204084663953, 0.007596861514432420165, -0.01000000000000000021 ) ) ;
#3029 = DIRECTION ( 'NONE',  ( -1.000000000000000000, 0.0000000000000000000, -0.0000000000000000000 ) ) ;
#3030 = SURFACE_STYLE_USAGE ( .BOTH. , #4740 ) ;
#3031 = ORIENTED_EDGE ( 'NONE', *, *, #571, .F. ) ;
#3032 = ORIENTED_EDGE ( 'NONE', *, *, #1423, .F. ) ;
#3033 =( LENGTH_UNIT ( ) NAMED_UNIT ( * ) SI_UNIT ( .MILLI., .METRE. ) );
#3034 = CARTESIAN_POINT ( 'NONE',  ( -0.5305263034019911395, 0.01489317079895642083, -0.009999999999999995004 ) ) ;
#3035 = CARTESIAN_POINT ( 'NONE',  ( -0.2085750838897959536, 0.2098626829940784255, -0.02000000000000000042 ) ) ;
#3036 = ORIENTED_EDGE ( 'NONE', *, *, #4680, .T. ) ;
#3037 =( LENGTH_UNIT ( ) NAMED_UNIT ( * ) SI_UNIT ( .MILLI., .METRE. ) );
#3038 = SURFACE_STYLE_USAGE ( .BOTH. , #5383 ) ;
#3039 = DIRECTION ( 'NONE',  ( 0.0000000000000000000, -1.000000000000000000, 0.0000000000000000000 ) ) ;
#3040 = LINE ( 'NONE', #4753, #2453 ) ;
#3041 = FILL_AREA_STYLE ('',( #94 ) ) ;
#3042 = ORIENTED_EDGE ( 'NONE', *, *, #6966, .T. ) ;
#3043 =( GEOMETRIC_REPRESENTATION_CONTEXT ( 3 ) GLOBAL_UNCERTAINTY_ASSIGNED_CONTEXT ( ( #1561 ) ) GLOBAL_UNIT_ASSIGNED_CONTEXT ( ( #7359, #3904, #2840 ) ) REPRESENTATION_CONTEXT ( 'NONE', 'WORKASPACE' ) );
#3044 = CARTESIAN_POINT ( 'NONE',  ( 0.3022189933182686250, 0.1648921014183521438, -0.009999999999999995004 ) ) ;
#3045 = UNCERTAINTY_MEASURE_WITH_UNIT (LENGTH_MEASURE( 1.000000000000000082E-05 ), #3255, 'distance_accuracy_value', 'NONE');
#3046 = CARTESIAN_POINT ( 'NONE',  ( 0.1821015556478081387, 0.2059418829195883427, -0.02000000000000000042 ) ) ;
#3047 = SURFACE_STYLE_USAGE ( .BOTH. , #1264 ) ;
#3048 = SURFACE_STYLE_FILL_AREA ( #5434 ) ;
#3049 = VECTOR ( 'NONE', #5931, 999.9999999999998863 ) ;
#3050 = CARTESIAN_POINT ( 'NONE',  ( -0.4764614912545664938, -0.004358671838400435608, -0.02000000000000000042 ) ) ;
#3051 = AXIS2_PLACEMENT_3D ( 'NONE', #5916, #7093, #3029 ) ;
#3052 = LINE ( 'NONE', #1894, #1149 ) ;
#3053 = SURFACE_STYLE_FILL_AREA ( #4139 ) ;
#3054 = FACE_OUTER_BOUND ( 'NONE', #3713, .T. ) ;
#3055 = MECHANICAL_DESIGN_GEOMETRIC_PRESENTATION_REPRESENTATION (  '', ( #1104 ), #5967 ) ;
#3056 = ORIENTED_EDGE ( 'NONE', *, *, #2460, .T. ) ;
#3057 =( NAMED_UNIT ( * ) SI_UNIT ( $, .STERADIAN. ) SOLID_ANGLE_UNIT ( ) );
#3058 = FILL_AREA_STYLE_COLOUR ( '', #2141 ) ;
#3059 = COLOUR_RGB ( '',0.0000000000000000000, 0.0000000000000000000, 0.0000000000000000000 ) ;
#3060 = DIRECTION ( 'NONE',  ( 0.0000000000000000000, 1.000000000000000000, 0.0000000000000000000 ) ) ;
#3061 = VECTOR ( 'NONE', #2416, 1000.000000000000000 ) ;
#3062 =( GEOMETRIC_REPRESENTATION_CONTEXT ( 3 ) GLOBAL_UNCERTAINTY_ASSIGNED_CONTEXT ( ( #3189 ) ) GLOBAL_UNIT_ASSIGNED_CONTEXT ( ( #4937, #907, #7259 ) ) REPRESENTATION_CONTEXT ( 'NONE', 'WORKASPACE' ) );
#3063 = ADVANCED_FACE ( 'NONE', ( #58 ), #26, .T. ) ;
#3064 = EDGE_CURVE ( 'NONE', #911, #6009, #4242, .T. ) ;
#3065 = LINE ( 'NONE', #6521, #472 ) ;
#3066 =( NAMED_UNIT ( * ) PLANE_ANGLE_UNIT ( ) SI_UNIT ( $, .RADIAN. ) );
#3067 = PRODUCT_DEFINITION_FORMATION_WITH_SPECIFIED_SOURCE ( 'ÈÎºÎ', '', #6201, .NOT_KNOWN. ) ;
#3068 = CARTESIAN_POINT ( 'NONE',  ( -0.4391857061999782652, -0.1589850383230197173, -0.02000000000000000042 ) ) ;
#3069 = LINE ( 'NONE', #4814, #7491 ) ;
#3070 = LINE ( 'NONE', #1318, #6090 ) ;
#3071 = ADVANCED_FACE ( 'NONE', ( #4868 ), #4964, .T. ) ;
#3072 =( GEOMETRIC_REPRESENTATION_CONTEXT ( 3 ) GLOBAL_UNCERTAINTY_ASSIGNED_CONTEXT ( ( #4435 ) ) GLOBAL_UNIT_ASSIGNED_CONTEXT ( ( #3091, #5862, #2975 ) ) REPRESENTATION_CONTEXT ( 'NONE', 'WORKASPACE' ) );
#3073 = CARTESIAN_POINT ( 'NONE',  ( 0.3313437569818610817, -0.1877572244239512633, -0.02000000000000000042 ) ) ;
#3074 = ORIENTED_EDGE ( 'NONE', *, *, #6829, .F. ) ;
#3075 = VERTEX_POINT ( 'NONE', #6578 ) ;
#3076 = LINE ( 'NONE', #4783, #905 ) ;
#3077 = SURFACE_SIDE_STYLE ('',( #4307 ) ) ;
#3078 = CARTESIAN_POINT ( 'NONE',  ( -0.1207702058410154294, 0.2098626829940784255, -0.01000000000000000021 ) ) ;
#3079 = ORIENTED_EDGE ( 'NONE', *, *, #3561, .T. ) ;
#3080 = CARTESIAN_POINT ( 'NONE',  ( -0.5225369221854130330, 0.07654387474337469299, -0.01000000000000000021 ) ) ;
#3081 = FILL_AREA_STYLE ('',( #2471 ) ) ;
#3082 = DIRECTION ( 'NONE',  ( 0.0000000000000000000, 0.0000000000000000000, -1.000000000000000000 ) ) ;
#3083 = SURFACE_SIDE_STYLE ('',( #7286 ) ) ;
#3084 = DIRECTION ( 'NONE',  ( 1.000000000000000000, 0.0000000000000000000, 0.0000000000000000000 ) ) ;
#3085 = VERTEX_POINT ( 'NONE', #3691 ) ;
#3086 = CARTESIAN_POINT ( 'NONE',  ( -1.189999999999999947, 0.8250000000000000666, 0.0000000000000000000 ) ) ;
#3087 = SURFACE_STYLE_FILL_AREA ( #7074 ) ;
#3088 = CARTESIAN_POINT ( 'NONE',  ( 0.2722175990370334087, -0.1950153657864094614, -0.01000000000000000021 ) ) ;
#3089 = CARTESIAN_POINT ( 'NONE',  ( 0.08410784293947239088, -0.1901373170059216522, -0.02000000000000000042 ) ) ;
#3090 =( LENGTH_UNIT ( ) NAMED_UNIT ( * ) SI_UNIT ( .MILLI., .METRE. ) );
#3091 =( LENGTH_UNIT ( ) NAMED_UNIT ( * ) SI_UNIT ( .MILLI., .METRE. ) );
#3092 = UNCERTAINTY_MEASURE_WITH_UNIT (LENGTH_MEASURE( 1.000000000000000082E-05 ), #3037, 'distance_accuracy_value', 'NONE');
#3093 =( LENGTH_UNIT ( ) NAMED_UNIT ( * ) SI_UNIT ( .MILLI., .METRE. ) );
#3094 = EDGE_LOOP ( 'NONE', ( #4016, #95, #7244, #3638, #5558, #177, #2424, #847, #4782, #5539, #2501, #2027 ) ) ;
#3095 = CARTESIAN_POINT ( 'NONE',  ( -0.8217610594995520268, -0.07794219505470212361, -0.02000000000000000042 ) ) ;
#3096 = CARTESIAN_POINT ( 'NONE',  ( 1.240000000000000213, -1.510000000000000009, -0.02000000000000000042 ) ) ;
#3097 =( GEOMETRIC_REPRESENTATION_CONTEXT ( 3 ) GLOBAL_UNCERTAINTY_ASSIGNED_CONTEXT ( ( #7321 ) ) GLOBAL_UNIT_ASSIGNED_CONTEXT ( ( #6430, #5853, #4757 ) ) REPRESENTATION_CONTEXT ( 'NONE', 'WORKASPACE' ) );
#3098 = EDGE_CURVE ( 'NONE', #4509, #4049, #4914, .T. ) ;
#3099 = ADVANCED_FACE ( 'NONE', ( #1373 ), #355, .T. ) ;
#3100 = CARTESIAN_POINT ( 'NONE',  ( 1.189999999999999947, 0.8250000000000000666, -0.02000000000000000042 ) ) ;
#3101 = UNCERTAINTY_MEASURE_WITH_UNIT (LENGTH_MEASURE( 1.000000000000000082E-05 ), #1599, 'distance_accuracy_value', 'NONE');
#3102 = SURFACE_STYLE_FILL_AREA ( #2950 ) ;
#3103 = FILL_AREA_STYLE ('',( #767 ) ) ;
#3104 = CARTESIAN_POINT ( 'NONE',  ( -0.3700631257814578912, -0.1405910777592075112, -0.01000000000000000021 ) ) ;
#3105 = FILL_AREA_STYLE_COLOUR ( '', #110 ) ;
#3106 = FILL_AREA_STYLE_COLOUR ( '', #799 ) ;
#3107 = ORIENTED_EDGE ( 'NONE', *, *, #4960, .T. ) ;
#3108 = VERTEX_POINT ( 'NONE', #2001 ) ;
#3109 = CARTESIAN_POINT ( 'NONE',  ( -1.096791517035990760, -1.208820028646933720, 0.7199999999999999734 ) ) ;
#3110 = SURFACE_SIDE_STYLE ('',( #4860 ) ) ;
#3111 = CARTESIAN_POINT ( 'NONE',  ( 0.1732190399727800700, -0.1317340457746420945, -0.01000000000000000021 ) ) ;
#3112 = ORIENTED_EDGE ( 'NONE', *, *, #1423, .T. ) ;
#3113 = CARTESIAN_POINT ( 'NONE',  ( -0.3432137533258076134, 0.2093777267284331611, -0.02000000000000000042 ) ) ;
#3114 = VECTOR ( 'NONE', #4930, 1000.000000000000000 ) ;
#3115 = PLANE ( 'NONE',  #7360 ) ;
#3116 = EDGE_CURVE ( 'NONE', #2446, #3852, #3937, .T. ) ;
#3117 = EDGE_CURVE ( 'NONE', #3564, #6862, #1445, .T. ) ;
#3118 = PRESENTATION_LAYER_ASSIGNMENT (  '', '', ( #6398 ) ) ;
#3119 = CARTESIAN_POINT ( 'NONE',  ( -0.1100000000000000699, 1.215000000000000080, 0.0000000000000000000 ) ) ;
#3120 = ORIENTED_EDGE ( 'NONE', *, *, #3752, .F. ) ;
#3121 = CARTESIAN_POINT ( 'NONE',  ( -0.1100000000000000699, -1.215000000000000080, -0.02000000000000000042 ) ) ;
#3122 =( NAMED_UNIT ( * ) SI_UNIT ( $, .STERADIAN. ) SOLID_ANGLE_UNIT ( ) );
#3123 = DIRECTION ( 'NONE',  ( -0.0000000000000000000, -0.0000000000000000000, -1.000000000000000000 ) ) ;
#3124 = COLOUR_RGB ( '',0.0000000000000000000, 0.0000000000000000000, 0.0000000000000000000 ) ;
#3125 = AXIS2_PLACEMENT_3D ( 'NONE', #4503, #1116, #2135 ) ;
#3126 = CARTESIAN_POINT ( 'NONE',  ( 0.2791612236576339057, -0.1948605029524689281, -0.02000000000000000042 ) ) ;
#3127 = FACE_BOUND ( 'NONE', #5347, .T. ) ;
#3128 =( GEOMETRIC_REPRESENTATION_CONTEXT ( 3 ) GLOBAL_UNCERTAINTY_ASSIGNED_CONTEXT ( ( #176 ) ) GLOBAL_UNIT_ASSIGNED_CONTEXT ( ( #5439, #4912, #1491 ) ) REPRESENTATION_CONTEXT ( 'NONE', 'WORKASPACE' ) );
#3129 = CARTESIAN_POINT ( 'NONE',  ( -0.3380377035984481471, 0.1656143496383678249, -0.02000000000000000042 ) ) ;
#3130 = CARTESIAN_POINT ( 'NONE',  ( -1.125000000000000222, 1.215000000000000080, 0.2000000000000000111 ) ) ;
#3131 = AXIS2_PLACEMENT_3D ( 'NONE', #5512, #2048, #179 ) ;
#3132 = DIRECTION ( 'NONE',  ( 0.0000000000000000000, 0.0000000000000000000, -1.000000000000000000 ) ) ;
#3133 = LINE ( 'NONE', #4329, #2205 ) ;
#3134 = ORIENTED_EDGE ( 'NONE', *, *, #1870, .T. ) ;
#3135 = COLOUR_RGB ( '',0.0000000000000000000, 0.0000000000000000000, 0.0000000000000000000 ) ;
#3136 = CARTESIAN_POINT ( 'NONE',  ( -0.9207702058410154322, -0.1901373170059216522, -0.02000000000000000042 ) ) ;
#3137 = DIRECTION ( 'NONE',  ( 1.000000000000000000, 0.0000000000000000000, 0.0000000000000000000 ) ) ;
#3138 = CARTESIAN_POINT ( 'NONE',  ( -0.5600000000000000533, -1.215000000000000080, 0.2000000000000000111 ) ) ;
#3139 = SURFACE_STYLE_FILL_AREA ( #2600 ) ;
#3140 = FACE_OUTER_BOUND ( 'NONE', #3490, .T. ) ;
#3141 = LINE ( 'NONE', #3860, #4949 ) ;
#3142 = EDGE_CURVE ( 'NONE', #3470, #658, #2728, .T. ) ;
#3143 = CARTESIAN_POINT ( 'NONE',  ( 0.6750000000000000444, -1.215000000000000080, -0.02000000000000000042 ) ) ;
#3144 = SURFACE_STYLE_FILL_AREA ( #1845 ) ;
#3145 = VECTOR ( 'NONE', #1376, 1000.000000000000000 ) ;
#3146 =( NAMED_UNIT ( * ) SI_UNIT ( $, .STERADIAN. ) SOLID_ANGLE_UNIT ( ) );
#3147 = ORIENTED_EDGE ( 'NONE', *, *, #2461, .T. ) ;
#3148 = ORIENTED_EDGE ( 'NONE', *, *, #1868, .F. ) ;
#3149 = CARTESIAN_POINT ( 'NONE',  ( 0.4938639405004481286, -0.1462348779815314248, -0.02000000000000000042 ) ) ;
#3150 = ORIENTED_EDGE ( 'NONE', *, *, #3939, .F. ) ;
#3151 = DIRECTION ( 'NONE',  ( 0.0000000000000000000, 0.0000000000000000000, -1.000000000000000000 ) ) ;
#3152 = DIRECTION ( 'NONE',  ( 1.000000000000000000, -0.0000000000000000000, -0.0000000000000000000 ) ) ;
#3153 = DIRECTION ( 'NONE',  ( 0.0000000000000000000, 0.0000000000000000000, 1.000000000000000000 ) ) ;
#3154 = DIRECTION ( 'NONE',  ( 0.0000000000000000000, 0.0000000000000000000, -1.000000000000000000 ) ) ;
#3155 = ORIENTED_EDGE ( 'NONE', *, *, #6317, .T. ) ;
#3156 = ADVANCED_FACE ( 'NONE', ( #5734 ), #6839, .T. ) ;
#3157 = PRESENTATION_STYLE_ASSIGNMENT (( #5464 ) ) ;
#3158 =( NAMED_UNIT ( * ) SI_UNIT ( $, .STERADIAN. ) SOLID_ANGLE_UNIT ( ) );
#3159 = SURFACE_STYLE_USAGE ( .BOTH. , #5937 ) ;
#3160 = CARTESIAN_POINT ( 'NONE',  ( 0.5600000000000000533, -1.510000000000000009, 0.2000000000000000111 ) ) ;
#3161 = DIRECTION ( 'NONE',  ( -1.000000000000000000, 0.0000000000000000000, 0.0000000000000000000 ) ) ;
#3162 = UNCERTAINTY_MEASURE_WITH_UNIT (LENGTH_MEASURE( 1.000000000000000082E-05 ), #1460, 'distance_accuracy_value', 'NONE');
#3163 = PRESENTATION_LAYER_ASSIGNMENT (  '', '', ( #3887 ) ) ;
#3164 = ADVANCED_FACE ( 'NONE', ( #5693 ), #3410, .F. ) ;
#3165 = DIRECTION ( 'NONE',  ( 0.0000000000000000000, 0.0000000000000000000, -1.000000000000000000 ) ) ;
#3166 =( LENGTH_UNIT ( ) NAMED_UNIT ( * ) SI_UNIT ( .MILLI., .METRE. ) );
#3167 = CARTESIAN_POINT ( 'NONE',  ( -1.125000000000000222, -1.215000000000000080, 0.2000000000000000111 ) ) ;
#3168 = EDGE_LOOP ( 'NONE', ( #4566, #266, #3321, #1652 ) ) ;
#3169 = AXIS2_PLACEMENT_3D ( 'NONE', #3591, #5404, #6599 ) ;
#3170 = DIRECTION ( 'NONE',  ( 0.0000000000000000000, 0.0000000000000000000, 1.000000000000000000 ) ) ;
#3171 = DIRECTION ( 'NONE',  ( 0.0000000000000000000, 0.0000000000000000000, -1.000000000000000000 ) ) ;
#3172 = CARTESIAN_POINT ( 'NONE',  ( 1.010000000000000009, -1.500000000000000000, 0.0000000000000000000 ) ) ;
#3173 = MECHANICAL_DESIGN_GEOMETRIC_PRESENTATION_REPRESENTATION (  '', ( #3536 ), #2823 ) ;
#3174 = STYLED_ITEM ( 'NONE', ( #2710 ), #6922 ) ;
#3175 = SURFACE_SIDE_STYLE ('',( #3139 ) ) ;
#3176 = DIRECTION ( 'NONE',  ( -0.0000000000000000000, 1.000000000000000000, 0.0000000000000000000 ) ) ;
#3177 = VECTOR ( 'NONE', #766, 1000.000000000000000 ) ;
#3178 = CARTESIAN_POINT ( 'NONE',  ( -0.2250000000000000888, 1.215000000000000080, -0.02000000000000000042 ) ) ;
#3179 = SURFACE_STYLE_USAGE ( .BOTH. , #845 ) ;
#3180 = VECTOR ( 'NONE', #7298, 1000.000000000000000 ) ;
#3181 = DIRECTION ( 'NONE',  ( -0.0000000000000000000, 1.000000000000000000, 0.0000000000000000000 ) ) ;
#3182 = VERTEX_POINT ( 'NONE', #7365 ) ;
#3183 = ORIENTED_EDGE ( 'NONE', *, *, #1384, .T. ) ;
#3184 = LINE ( 'NONE', #267, #1601 ) ;
#3185 = AXIS2_PLACEMENT_3D ( 'NONE', #1577, #3899, #6903 ) ;
#3186 = ORIENTED_EDGE ( 'NONE', *, *, #7147, .T. ) ;
#3187 = SURFACE_STYLE_FILL_AREA ( #7322 ) ;
#3188 = VECTOR ( 'NONE', #1296, 1000.000000000000000 ) ;
#3189 = UNCERTAINTY_MEASURE_WITH_UNIT (LENGTH_MEASURE( 1.000000000000000082E-05 ), #4937, 'distance_accuracy_value', 'NONE');
#3190 = MANIFOLD_SOLID_BREP ( '°ü¸²2', #3570 ) ;
#3191 = DIRECTION ( 'NONE',  ( 0.3393303772748786362, 0.9406672605435402179, 0.0000000000000000000 ) ) ;
#3192 = ORIENTED_EDGE ( 'NONE', *, *, #6219, .F. ) ;
#3193 = DIRECTION ( 'NONE',  ( 0.0000000000000000000, -1.000000000000000000, 0.0000000000000000000 ) ) ;
#3194 = FILL_AREA_STYLE_COLOUR ( '', #2581 ) ;
#3195 = EDGE_CURVE ( 'NONE', #534, #1514, #2112, .T. ) ;
#3196 = CARTESIAN_POINT ( 'NONE',  ( 0.1734711291662486277, -0.1756507561949244012, -0.02000000000000000042 ) ) ;
#3197 = CARTESIAN_POINT ( 'NONE',  ( 1.240000000000000213, -1.500000000000000000, 0.2000000000000000111 ) ) ;
#3198 = DIRECTION ( 'NONE',  ( 0.0000000000000000000, -1.000000000000000000, 0.0000000000000000000 ) ) ;
#3199 = ORIENTED_EDGE ( 'NONE', *, *, #2734, .F. ) ;
#3200 = SURFACE_SIDE_STYLE ('',( #868 ) ) ;
#3201 = EDGE_CURVE ( 'NONE', #6406, #5555, #3492, .T. ) ;
#3202 = PRESENTATION_STYLE_ASSIGNMENT (( #6017 ) ) ;
#3203 = CARTESIAN_POINT ( 'NONE',  ( 1.240000000000000213, 1.215000000000000080, 0.0000000000000000000 ) ) ;
#3204 = FACE_OUTER_BOUND ( 'NONE', #5021, .T. ) ;
#3205 = ORIENTED_EDGE ( 'NONE', *, *, #730, .F. ) ;
#3206 = CARTESIAN_POINT ( 'NONE',  ( -0.4711769861714714125, 0.06517457685518179833, -0.01000000000000000021 ) ) ;
#3207 = CARTESIAN_POINT ( 'NONE',  ( -0.7900000000000001465, -1.500000000000000000, 0.2000000000000000111 ) ) ;
#3208 = EDGE_CURVE ( 'NONE', #1852, #7025, #7063, .T. ) ;
#3209 = STYLED_ITEM ( 'NONE', ( #7200 ), #284 ) ;
#3210 = CARTESIAN_POINT ( 'NONE',  ( 0.3313437569818610817, -0.1877572244239512633, -0.009999999999999991535 ) ) ;
#3211 = DIRECTION ( 'NONE',  ( 0.0000000000000000000, 0.0000000000000000000, -1.000000000000000000 ) ) ;
#3212 = COLOUR_RGB ( '',0.0000000000000000000, 0.0000000000000000000, 0.0000000000000000000 ) ;
#3213 = CARTESIAN_POINT ( 'NONE',  ( 0.2364255539937619444, -0.1496412803270115721, -0.01000000000000000021 ) ) ;
#3214 = ORIENTED_EDGE ( 'NONE', *, *, #6219, .T. ) ;
#3215 = SURFACE_STYLE_FILL_AREA ( #738 ) ;
#3216 = VERTEX_POINT ( 'NONE', #4193 ) ;
#3217 = DIRECTION ( 'NONE',  ( 0.0000000000000000000, 0.0000000000000000000, -1.000000000000000000 ) ) ;
#3218 =( NAMED_UNIT ( * ) PLANE_ANGLE_UNIT ( ) SI_UNIT ( $, .RADIAN. ) );
#3219 = AXIS2_PLACEMENT_3D ( 'NONE', #2886, #5181, #7403 ) ;
#3220 = PLANE ( 'NONE',  #2442 ) ;
#3221 = ORIENTED_EDGE ( 'NONE', *, *, #5829, .F. ) ;
#3222 = UNCERTAINTY_MEASURE_WITH_UNIT (LENGTH_MEASURE( 1.000000000000000082E-05 ), #4065, 'distance_accuracy_value', 'NONE');
#3223 = LINE ( 'NONE', #389, #2014 ) ;
#3224 = CARTESIAN_POINT ( 'NONE',  ( 0.1621566234272772411, 0.1988870732379808270, -0.01000000000000000021 ) ) ;
#3225 = ORIENTED_EDGE ( 'NONE', *, *, #2356, .T. ) ;
#3226 = FILL_AREA_STYLE_COLOUR ( '', #897 ) ;
#3227 = SURFACE_STYLE_USAGE ( .BOTH. , #1510 ) ;
#3228 = DIRECTION ( 'NONE',  ( 0.0000000000000000000, 0.0000000000000000000, 1.000000000000000000 ) ) ;
#3229 = SURFACE_STYLE_USAGE ( .BOTH. , #1968 ) ;
#3230 = FILL_AREA_STYLE ('',( #3914 ) ) ;
#3231 = EDGE_CURVE ( 'NONE', #6817, #6712, #3076, .T. ) ;
#3232 = ORIENTED_EDGE ( 'NONE', *, *, #2119, .F. ) ;
#3233 = PRESENTATION_LAYER_ASSIGNMENT (  '', '', ( #6516 ) ) ;
#3234 = EDGE_CURVE ( 'NONE', #2047, #1283, #2378, .T. ) ;
#3235 = SURFACE_SIDE_STYLE ('',( #6173 ) ) ;
#3236 = CARTESIAN_POINT ( 'NONE',  ( 0.7900000000000001465, -1.215000000000000080, 0.0000000000000000000 ) ) ;
#3237 = LINE ( 'NONE', #4415, #2694 ) ;
#3238 = STYLED_ITEM ( 'NONE', ( #6570 ), #1762 ) ;
#3239 = ORIENTED_EDGE ( 'NONE', *, *, #1623, .F. ) ;
#3240 = SURFACE_STYLE_USAGE ( .BOTH. , #6741 ) ;
#3241 = CARTESIAN_POINT ( 'NONE',  ( 1.010000000000000009, -1.500000000000000000, 0.2000000000000000111 ) ) ;
#3242 = LINE ( 'NONE', #7230, #1833 ) ;
#3243 = ORIENTED_EDGE ( 'NONE', *, *, #7231, .T. ) ;
#3244 = SURFACE_STYLE_USAGE ( .BOTH. , #4460 ) ;
#3245 = MECHANICAL_DESIGN_GEOMETRIC_PRESENTATION_REPRESENTATION (  '', ( #4712 ), #1545 ) ;
#3246 = PRESENTATION_STYLE_ASSIGNMENT (( #4382 ) ) ;
#3247 = VERTEX_POINT ( 'NONE', #1323 ) ;
#3248 = EDGE_CURVE ( 'NONE', #3108, #2814, #7100, .T. ) ;
#3249 = EDGE_CURVE ( 'NONE', #3963, #624, #4051, .T. ) ;
#3250 = CARTESIAN_POINT ( 'NONE',  ( -0.5600000000000000533, -1.510000000000000009, 0.2000000000000000111 ) ) ;
#3251 = DIRECTION ( 'NONE',  ( 1.000000000000000000, 0.0000000000000000000, -0.0000000000000000000 ) ) ;
#3252 = ORIENTED_EDGE ( 'NONE', *, *, #6358, .T. ) ;
#3253 = CARTESIAN_POINT ( 'NONE',  ( -0.4604244497579174089, 0.09387581155780010123, -0.02000000000000000042 ) ) ;
#3254 = VERTEX_POINT ( 'NONE', #2338 ) ;
#3255 =( LENGTH_UNIT ( ) NAMED_UNIT ( * ) SI_UNIT ( .MILLI., .METRE. ) );
#3256 = CARTESIAN_POINT ( 'NONE',  ( 1.010000000000000009, 1.510000000000000009, -0.02000000000000000042 ) ) ;
#3257 = CARTESIAN_POINT ( 'NONE',  ( 0.3087863572464062956, -0.1454417015232583876, -0.02000000000000000042 ) ) ;
#3258 = EDGE_LOOP ( 'NONE', ( #1090, #5864, #3329, #2117 ) ) ;
#3259 = CARTESIAN_POINT ( 'NONE',  ( 1.010000000000000009, -1.215000000000000080, 0.2000000000000000111 ) ) ;
#3260 = DIRECTION ( 'NONE',  ( -0.0000000000000000000, -1.000000000000000000, 0.0000000000000000000 ) ) ;
#3261 = VERTEX_POINT ( 'NONE', #4710 ) ;
#3262 = CARTESIAN_POINT ( 'NONE',  ( -1.010000000000000009, -1.215000000000000080, 0.2000000000000000111 ) ) ;
#3263 = CARTESIAN_POINT ( 'NONE',  ( 0.2117532131209990398, -0.1887841355084664552, -0.01000000000000000021 ) ) ;
#3264 = SURFACE_STYLE_USAGE ( .BOTH. , #5651 ) ;
#3265 = UNCERTAINTY_MEASURE_WITH_UNIT (LENGTH_MEASURE( 1.000000000000000082E-05 ), #5523, 'distance_accuracy_value', 'NONE');
#3266 = VECTOR ( 'NONE', #747, 1000.000000000000000 ) ;
#3267 = ORIENTED_EDGE ( 'NONE', *, *, #3976, .T. ) ;
#3268 = B_SPLINE_SURFACE_WITH_KNOTS ( 'NONE', 3, 1, ( 
 ( #7405, #1627 ),
 ( #2693, #2114 ),
 ( #6312, #7369 ),
 ( #3379, #6164 ),
 ( #3877, #2154 ),
 ( #3300, #5737 ),
 ( #4567, #5001 ),
 ( #1662, #6244 ),
 ( #508, #467 ),
 ( #975, #4443 ),
 ( #1695, #7448 ) ),
 .UNSPECIFIED., .F., .F., .F.,
 ( 4, 1, 1, 1, 1, 1, 1, 1, 4 ),
 ( 2, 2 ),
 ( 0.0000000000000000000, 0.1287308049809021693, 0.2549136798385434055, 0.3797970842560174365, 0.5033187212177139269, 0.6266432005071800315, 0.7505800292579487554, 0.8747203032643739995, 1.000000000000000000 ),
 ( 0.0000000000000000000, 1.000000000000000000 ),
 .UNSPECIFIED. ) ;
#3269 = CARTESIAN_POINT ( 'NONE',  ( 0.6450834526955699921, 0.2098626829940784255, -0.01000000000000000021 ) ) ;
#3270 = CARTESIAN_POINT ( 'NONE',  ( 0.03044930635410657283, 0.03425292689651740496, -0.02000000000000000042 ) ) ;
#3271 = MECHANICAL_DESIGN_GEOMETRIC_PRESENTATION_REPRESENTATION (  '', ( #2764 ), #2289 ) ;
#3272 =( LENGTH_UNIT ( ) NAMED_UNIT ( * ) SI_UNIT ( .MILLI., .METRE. ) );
#3273 = PRESENTATION_STYLE_ASSIGNMENT (( #6925 ) ) ;
#3274 = COLOUR_RGB ( '',0.7529411764705882248, 0.7529411764705882248, 0.7529411764705882248 ) ;
#3275 = LINE ( 'NONE', #7384, #2726 ) ;
#3276 = ORIENTED_EDGE ( 'NONE', *, *, #3487, .F. ) ;
#3277 = CARTESIAN_POINT ( 'NONE',  ( 0.4597175990370334087, 0.002316951286761314600, -0.02000000000000000042 ) ) ;
#3278 = VECTOR ( 'NONE', #813, 1000.000000000000000 ) ;
#3279 = ORIENTED_EDGE ( 'NONE', *, *, #1701, .T. ) ;
#3280 = DIRECTION ( 'NONE',  ( 0.0000000000000000000, 0.0000000000000000000, -1.000000000000000000 ) ) ;
#3281 = CARTESIAN_POINT ( 'NONE',  ( -1.010000000000000009, 1.215000000000000080, -0.02000000000000000042 ) ) ;
#3282 = EDGE_LOOP ( 'NONE', ( #3441, #4563, #816, #5116 ) ) ;
#3283 = SURFACE_SIDE_STYLE ('',( #3744 ) ) ;
#3284 = EDGE_CURVE ( 'NONE', #4197, #6747, #5959, .T. ) ;
#3285 = COLOUR_RGB ( '',0.7529411764705882248, 0.7529411764705882248, 0.7529411764705882248 ) ;
#3286 = EDGE_CURVE ( 'NONE', #1436, #4579, #7507, .T. ) ;
#3287 = ORIENTED_EDGE ( 'NONE', *, *, #2293, .T. ) ;
#3288 = PRESENTATION_STYLE_ASSIGNMENT (( #6335 ) ) ;
#3289 = PRESENTATION_LAYER_ASSIGNMENT (  '', '', ( #4378 ) ) ;
#3290 = STYLED_ITEM ( 'NONE', ( #4178 ), #4511 ) ;
#3291 = VECTOR ( 'NONE', #3165, 1000.000000000000000 ) ;
#3292 = PRESENTATION_STYLE_ASSIGNMENT (( #965 ) ) ;
#3293 = ORIENTED_EDGE ( 'NONE', *, *, #1479, .F. ) ;
#3294 = EDGE_CURVE ( 'NONE', #5294, #7324, #4085, .T. ) ;
#3295 =( GEOMETRIC_REPRESENTATION_CONTEXT ( 3 ) GLOBAL_UNCERTAINTY_ASSIGNED_CONTEXT ( ( #5999 ) ) GLOBAL_UNIT_ASSIGNED_CONTEXT ( ( #5968, #1922, #4929 ) ) REPRESENTATION_CONTEXT ( 'NONE', 'WORKASPACE' ) );
#3296 = VECTOR ( 'NONE', #5639, 1000.000000000000000 ) ;
#3297 = ORIENTED_EDGE ( 'NONE', *, *, #398, .T. ) ;
#3298 = PRESENTATION_STYLE_ASSIGNMENT (( #2262 ) ) ;
#3299 = CARTESIAN_POINT ( 'NONE',  ( -0.9399999999999997247, -0.8249999999999998446, -0.02000000000000000042 ) ) ;
#3300 = CARTESIAN_POINT ( 'NONE',  ( 0.2068720377553208700, 0.1645527428409472026, -0.01000000000000000021 ) ) ;
#3301 = UNCERTAINTY_MEASURE_WITH_UNIT (LENGTH_MEASURE( 1.000000000000000082E-05 ), #3838, 'distance_accuracy_value', 'NONE');
#3302 = STYLED_ITEM ( 'NONE', ( #515 ), #4731 ) ;
#3303 = FACE_OUTER_BOUND ( 'NONE', #135, .T. ) ;
#3304 = FACE_OUTER_BOUND ( 'NONE', #3357, .T. ) ;
#3305 = EDGE_LOOP ( 'NONE', ( #5478, #906, #3267, #1334, #2362, #5925 ) ) ;
#3306 = LINE ( 'NONE', #285, #3583 ) ;
#3307 = DIRECTION ( 'NONE',  ( 0.0000000000000000000, 0.0000000000000000000, -1.000000000000000000 ) ) ;
#3308 =( NAMED_UNIT ( * ) PLANE_ANGLE_UNIT ( ) SI_UNIT ( $, .RADIAN. ) );
#3309 = AXIS2_PLACEMENT_3D ( 'NONE', #6404, #5820, #5711 ) ;
#3310 = UNCERTAINTY_MEASURE_WITH_UNIT (LENGTH_MEASURE( 1.000000000000000082E-05 ), #1905, 'distance_accuracy_value', 'NONE');
#3311 = CARTESIAN_POINT ( 'NONE',  ( -0.5271537828293073602, -0.02908402675179893801, -0.01000000000000000021 ) ) ;
#3312 = DIRECTION ( 'NONE',  ( -0.0000000000000000000, 1.000000000000000000, 0.0000000000000000000 ) ) ;
#3313 = DIRECTION ( 'NONE',  ( -1.000000000000000000, 0.0000000000000000000, 0.0000000000000000000 ) ) ;
#3314 = COLOUR_RGB ( '',0.7529411764705882248, 0.7529411764705882248, 0.7529411764705882248 ) ;
#3315 = ORIENTED_EDGE ( 'NONE', *, *, #6186, .F. ) ;
#3316 = CARTESIAN_POINT ( 'NONE',  ( 0.3125772462698315213, -0.1920102303826490553, -0.009999999999999991535 ) ) ;
#3317 = ORIENTED_EDGE ( 'NONE', *, *, #3816, .T. ) ;
#3318 = CARTESIAN_POINT ( 'NONE',  ( -1.240000000000000213, -1.500000000000000000, 0.0000000000000000000 ) ) ;
#3319 = CARTESIAN_POINT ( 'NONE',  ( 0.2432513903162161761, 0.1706481071301940156, -0.02000000000000000042 ) ) ;
#3320 = SURFACE_SIDE_STYLE ('',( #1034 ) ) ;
#3321 = ORIENTED_EDGE ( 'NONE', *, *, #533, .T. ) ;
#3322 = ADVANCED_FACE ( 'NONE', ( #659 ), #3601, .T. ) ;
#3323 = EDGE_CURVE ( 'NONE', #6531, #1310, #1250, .T. ) ;
#3324 = VERTEX_POINT ( 'NONE', #7174 ) ;
#3325 = PLANE ( 'NONE',  #3185 ) ;
#3326 = VECTOR ( 'NONE', #7495, 1000.000000000000000 ) ;
#3327 = LINE ( 'NONE', #2290, #2071 ) ;
#3328 = UNCERTAINTY_MEASURE_WITH_UNIT (LENGTH_MEASURE( 1.000000000000000082E-05 ), #2909, 'distance_accuracy_value', 'NONE');
#3329 = ORIENTED_EDGE ( 'NONE', *, *, #2966, .F. ) ;
#3330 = CARTESIAN_POINT ( 'NONE',  ( 0.3399999999999999134, 1.215000000000000080, 0.2000000000000000111 ) ) ;
#3331 = MECHANICAL_DESIGN_GEOMETRIC_PRESENTATION_REPRESENTATION (  '', ( #41 ), #4173 ) ;
#3332 = CARTESIAN_POINT ( 'NONE',  ( -0.9399999999999997247, -0.8249999999999998446, 0.2000000000000000111 ) ) ;
#3333 = STYLED_ITEM ( 'NONE', ( #5010 ), #298 ) ;
#3334 = COLOUR_RGB ( '',0.7529411764705882248, 0.7529411764705882248, 0.7529411764705882248 ) ;
#3335 = DIRECTION ( 'NONE',  ( 0.0000000000000000000, -1.000000000000000000, -0.0000000000000000000 ) ) ;
#3336 = ORIENTED_EDGE ( 'NONE', *, *, #5829, .T. ) ;
#3337 = DIRECTION ( 'NONE',  ( 0.0000000000000000000, 1.000000000000000000, 0.0000000000000000000 ) ) ;
#3338 = CARTESIAN_POINT ( 'NONE',  ( 0.6987419892809358934, 0.0000000000000000000, -0.01000000000000000021 ) ) ;
#3339 =( NAMED_UNIT ( * ) PLANE_ANGLE_UNIT ( ) SI_UNIT ( $, .RADIAN. ) );
#3340 =( NAMED_UNIT ( * ) SI_UNIT ( $, .STERADIAN. ) SOLID_ANGLE_UNIT ( ) );
#3341 = EDGE_CURVE ( 'NONE', #430, #4272, #3184, .T. ) ;
#3342 = CARTESIAN_POINT ( 'NONE',  ( -0.4220930526358548929, 0.1895512673978209661, -0.01000000000000000021 ) ) ;
#3343 = EDGE_CURVE ( 'NONE', #1874, #3216, #5525, .T. ) ;
#3344 = PRESENTATION_STYLE_ASSIGNMENT (( #5034 ) ) ;
#3345 = ORIENTED_EDGE ( 'NONE', *, *, #1701, .F. ) ;
#3346 = CARTESIAN_POINT ( 'NONE',  ( 0.3399999999999999134, 1.215000000000000080, -0.02000000000000000042 ) ) ;
#3347 = LINE ( 'NONE', #1143, #2935 ) ;
#3348 = DIRECTION ( 'NONE',  ( -1.000000000000000000, 0.0000000000000000000, 0.0000000000000000000 ) ) ;
#3349 = CARTESIAN_POINT ( 'NONE',  ( 0.4037505872665849704, 0.04137889827121054437, -0.02000000000000000042 ) ) ;
#3350 = COLOUR_RGB ( '',0.7529411764705882248, 0.7529411764705882248, 0.7529411764705882248 ) ;
#3351 =( NAMED_UNIT ( * ) SI_UNIT ( $, .STERADIAN. ) SOLID_ANGLE_UNIT ( ) );
#3352 = SURFACE_STYLE_FILL_AREA ( #5668 ) ;
#3353 = CARTESIAN_POINT ( 'NONE',  ( 0.4059205366598896414, 0.01177282668827888713, -0.02000000000000000042 ) ) ;
#3354 = STYLED_ITEM ( 'NONE', ( #4751 ), #1802 ) ;
#3355 = ORIENTED_EDGE ( 'NONE', *, *, #7327, .T. ) ;
#3356 = LINE ( 'NONE', #5673, #5718 ) ;
#3357 = EDGE_LOOP ( 'NONE', ( #5101, #456, #7042, #3748 ) ) ;
#3358 =( LENGTH_UNIT ( ) NAMED_UNIT ( * ) SI_UNIT ( .MILLI., .METRE. ) );
#3359 = COLOUR_RGB ( '',0.7529411764705882248, 0.7529411764705882248, 0.7529411764705882248 ) ;
#3360 = DIRECTION ( 'NONE',  ( 0.0000000000000000000, -1.000000000000000000, 0.0000000000000000000 ) ) ;
#3361 = STYLED_ITEM ( 'NONE', ( #5175 ), #1983 ) ;
#3362 = CARTESIAN_POINT ( 'NONE',  ( 0.6750000000000000444, -1.215000000000000080, -0.02000000000000000042 ) ) ;
#3363 = B_SPLINE_CURVE_WITH_KNOTS ( 'NONE', 3,
 ( #997, #6821, #7347, #6786, #2246, #1156, #4547, #5060, #3319, #1719, #4465 ),
 .UNSPECIFIED., .F., .F.,
 ( 4, 1, 1, 1, 1, 1, 1, 1, 4 ),
 ( 0.0000000000000000000, 0.1252796967356259727, 0.2494199707420513001, 0.3733567994928199130, 0.4966812787822861286, 0.6202029157439825635, 0.7450863201614565945, 0.8712691950190978307, 1.000000000000000000 ),
 .UNSPECIFIED. ) ;
#3364 = ORIENTED_EDGE ( 'NONE', *, *, #1791, .F. ) ;
#3365 = CARTESIAN_POINT ( 'NONE',  ( -0.5160269268056794090, 0.09498421971176863876, -0.02000000000000000042 ) ) ;
#3366 = STYLED_ITEM ( 'NONE', ( #6661 ), #1256 ) ;
#3367 = MECHANICAL_DESIGN_GEOMETRIC_PRESENTATION_REPRESENTATION (  '', ( #7010 ), #4237 ) ;
#3368 = ORIENTED_EDGE ( 'NONE', *, *, #6230, .F. ) ;
#3369 =( GEOMETRIC_REPRESENTATION_CONTEXT ( 3 ) GLOBAL_UNCERTAINTY_ASSIGNED_CONTEXT ( ( #1636 ) ) GLOBAL_UNIT_ASSIGNED_CONTEXT ( ( #5245, #2900, #5865 ) ) REPRESENTATION_CONTEXT ( 'NONE', 'WORKASPACE' ) );
#3370 = CARTESIAN_POINT ( 'NONE',  ( 0.3910655931650361961, -0.07285461469409842961, -0.01000000000000000021 ) ) ;
#3371 = ORIENTED_EDGE ( 'NONE', *, *, #384, .T. ) ;
#3372 = PLANE ( 'NONE',  #3373 ) ;
#3373 = AXIS2_PLACEMENT_3D ( 'NONE', #3442, #5761, #2877 ) ;
#3374 = ORIENTED_EDGE ( 'NONE', *, *, #4162, .T. ) ;
#3375 = DIRECTION ( 'NONE',  ( 0.0000000000000000000, -0.0000000000000000000, 1.000000000000000000 ) ) ;
#3376 = CARTESIAN_POINT ( 'NONE',  ( -0.3173403277922349219, -0.1901373170059216522, -0.009999999999999995004 ) ) ;
#3377 = CARTESIAN_POINT ( 'NONE',  ( 0.1621566234272772411, -0.1255031706644582079, -0.01000000000000000021 ) ) ;
#3378 = EDGE_LOOP ( 'NONE', ( #7172, #3355, #3221, #3898 ) ) ;
#3379 = CARTESIAN_POINT ( 'NONE',  ( 0.2308576298890842315, 0.1693518536945711472, -0.01000000000000000021 ) ) ;
#3380 = SURFACE_SIDE_STYLE ('',( #2268 ) ) ;
#3381 = LINE ( 'NONE', #2384, #6519 ) ;
#3382 = ORIENTED_EDGE ( 'NONE', *, *, #4195, .F. ) ;
#3383 = ADVANCED_FACE ( 'NONE', ( #7139 ), #2609, .F. ) ;
#3384 = EDGE_CURVE ( 'NONE', #6192, #534, #889, .T. ) ;
#3385 = LINE ( 'NONE', #4645, #5841 ) ;
#3386 = CARTESIAN_POINT ( 'NONE',  ( 0.3827332506991074634, 0.1019327978136949642, -0.009999999999999995004 ) ) ;
#3387 = CARTESIAN_POINT ( 'NONE',  ( -0.5300480942821179653, -0.007471148720307655040, -0.01000000000000000021 ) ) ;
#3388 = UNCERTAINTY_MEASURE_WITH_UNIT (LENGTH_MEASURE( 1.000000000000000082E-05 ), #3719, 'distance_accuracy_value', 'NONE');
#3389 = CARTESIAN_POINT ( 'NONE',  ( 0.2791612236576339057, -0.1948605029524689281, -0.01000000000000000021 ) ) ;
#3390 = EDGE_CURVE ( 'NONE', #2740, #203, #2063, .T. ) ;
#3391 = B_SPLINE_CURVE_WITH_KNOTS ( 'NONE', 3,
 ( #3424, #5777, #5046, #4454, #2202, #2237, #6778, #7454, #6888, #7414, #4536, #1562, #517, #1634, #556, #3883, #5008, #6212, #5663 ),
 .UNSPECIFIED., .F., .F.,
 ( 4, 1, 1, 1, 1, 1, 1, 1, 1, 1, 1, 1, 1, 1, 1, 1, 4 ),
 ( 0.0000000000000000000, 0.07064371857535413357, 0.1382567155089046429, 0.2033641242175800723, 0.2663240938030566052, 0.3279047615429893092, 0.3887377151730921909, 0.4494235281093022505, 0.5108610114593156171, 0.5720793960475145656, 0.6317344287314451412, 0.6911172105788376818, 0.7503600294901705547, 0.8100329005312619790, 0.8713624508287362014, 0.9344271412311534464, 1.000000000000000000 ),
 .UNSPECIFIED. ) ;
#3392 = VECTOR ( 'NONE', #7065, 1000.000000000000000 ) ;
#3393 = ORIENTED_EDGE ( 'NONE', *, *, #3284, .T. ) ;
#3394 = DIRECTION ( 'NONE',  ( -0.0000000000000000000, 0.0000000000000000000, 1.000000000000000000 ) ) ;
#3395 = LINE ( 'NONE', #5712, #6096 ) ;
#3396 = ORIENTED_EDGE ( 'NONE', *, *, #4502, .T. ) ;
#3397 = CARTESIAN_POINT ( 'NONE',  ( 0.7900000000000001465, 1.215000000000000080, 0.2000000000000000111 ) ) ;
#3398 = CARTESIAN_POINT ( 'NONE',  ( -0.3173403277922349219, -0.1901373170059216522, -0.02000000000000000042 ) ) ;
#3399 = VERTEX_POINT ( 'NONE', #3749 ) ;
#3400 = EDGE_LOOP ( 'NONE', ( #3107, #899, #4383, #4820 ) ) ;
#3401 = CARTESIAN_POINT ( 'NONE',  ( 0.2648243063541065867, -0.1511129267620191785, -0.01000000000000000021 ) ) ;
#3402 = DIRECTION ( 'NONE',  ( 1.000000000000000000, 0.0000000000000000000, 0.0000000000000000000 ) ) ;
#3403 = EDGE_LOOP ( 'NONE', ( #5508, #3945, #3239, #1222 ) ) ;
#3404 = FILL_AREA_STYLE_COLOUR ( '', #6885 ) ;
#3405 = VECTOR ( 'NONE', #7167, 1000.000000000000114 ) ;
#3406 = FACE_OUTER_BOUND ( 'NONE', #6753, .T. ) ;
#3407 = VECTOR ( 'NONE', #6338, 1000.000000000000000 ) ;
#3408 = VECTOR ( 'NONE', #3625, 1000.000000000000000 ) ;
#3409 = VERTEX_POINT ( 'NONE', #2503 ) ;
#3410 = PLANE ( 'NONE',  #3219 ) ;
#3411 = CARTESIAN_POINT ( 'NONE',  ( -0.6750000000000000444, 1.215000000000000080, 0.2000000000000000111 ) ) ;
#3412 =( LENGTH_UNIT ( ) NAMED_UNIT ( * ) SI_UNIT ( .MILLI., .METRE. ) );
#3413 = VERTEX_POINT ( 'NONE', #6564 ) ;
#3414 = SURFACE_STYLE_USAGE ( .BOTH. , #7329 ) ;
#3415 = CARTESIAN_POINT ( 'NONE',  ( -1.096791517035990760, -1.208820028646933720, 0.7299999999999999822 ) ) ;
#3416 = AXIS2_PLACEMENT_3D ( 'NONE', #4734, #1205, #3520 ) ;
#3417 = ORIENTED_EDGE ( 'NONE', *, *, #6595, .F. ) ;
#3418 = CIRCLE ( 'NONE', #4023, 0.1150000000000000883 ) ;
#3419 = STYLED_ITEM ( 'NONE', ( #3480 ), #3672 ) ;
#3420 = PLANE ( 'NONE',  #4761 ) ;
#3421 = EDGE_CURVE ( 'NONE', #7350, #963, #6642, .T. ) ;
#3422 = DIRECTION ( 'NONE',  ( 0.0000000000000000000, 1.000000000000000000, 0.0000000000000000000 ) ) ;
#3423 = DIRECTION ( 'NONE',  ( 0.0000000000000000000, 0.0000000000000000000, -1.000000000000000000 ) ) ;
#3424 = CARTESIAN_POINT ( 'NONE',  ( 0.4597175990370334087, 0.002316951286761314600, -0.01000000000000000021 ) ) ;
#3425 = VECTOR ( 'NONE', #1818, 1000.000000000000000 ) ;
#3426 = MECHANICAL_DESIGN_GEOMETRIC_PRESENTATION_REPRESENTATION (  '', ( #6709 ), #3771 ) ;
#3427 = AXIS2_PLACEMENT_3D ( 'NONE', #931, #1542, #3867 ) ;
#3428 = EDGE_CURVE ( 'NONE', #2919, #6902, #1914, .T. ) ;
#3429 = CARTESIAN_POINT ( 'NONE',  ( -0.3380377035984481471, 0.1656143496383678249, -0.01000000000000000021 ) ) ;
#3430 = DIRECTION ( 'NONE',  ( 0.0000000000000000000, 1.000000000000000000, 0.0000000000000000000 ) ) ;
#3431 = DIRECTION ( 'NONE',  ( -0.0000000000000000000, -1.000000000000000000, -0.0000000000000000000 ) ) ;
#3432 = VECTOR ( 'NONE', #5941, 1000.000000000000000 ) ;
#3433 = FILL_AREA_STYLE ('',( #2322 ) ) ;
#3434 = ORIENTED_EDGE ( 'NONE', *, *, #922, .F. ) ;
#3435 = EDGE_CURVE ( 'NONE', #2593, #6875, #6676, .T. ) ;
#3436 =( LENGTH_UNIT ( ) NAMED_UNIT ( * ) SI_UNIT ( .MILLI., .METRE. ) );
#3437 = ORIENTED_EDGE ( 'NONE', *, *, #2364, .T. ) ;
#3438 = CARTESIAN_POINT ( 'NONE',  ( -0.3400000000000000244, -1.500000000000000000, 0.7299999999999999822 ) ) ;
#3439 = ORIENTED_EDGE ( 'NONE', *, *, #4033, .T. ) ;
#3440 = LINE ( 'NONE', #4775, #2940 ) ;
#3441 = ORIENTED_EDGE ( 'NONE', *, *, #490, .T. ) ;
#3442 = CARTESIAN_POINT ( 'NONE',  ( 0.0000000000000000000, 0.0000000000000000000, 0.0000000000000000000 ) ) ;
#3443 = FACE_OUTER_BOUND ( 'NONE', #6969, .T. ) ;
#3444 =( NAMED_UNIT ( * ) PLANE_ANGLE_UNIT ( ) SI_UNIT ( $, .RADIAN. ) );
#3445 = FACE_OUTER_BOUND ( 'NONE', #2826, .T. ) ;
#3446 = CARTESIAN_POINT ( 'NONE',  ( 0.1099999999999999034, -1.215000000000000080, -0.02000000000000000042 ) ) ;
#3447 = STYLED_ITEM ( 'NONE', ( #4807 ), #297 ) ;
#3448 = ORIENTED_EDGE ( 'NONE', *, *, #342, .T. ) ;
#3449 = ORIENTED_EDGE ( 'NONE', *, *, #5373, .F. ) ;
#3450 = SURFACE_STYLE_FILL_AREA ( #2806 ) ;
#3451 = CARTESIAN_POINT ( 'NONE',  ( -1.240000000000000213, 1.215000000000000080, -0.02000000000000000042 ) ) ;
#3452 =( NAMED_UNIT ( * ) SI_UNIT ( $, .STERADIAN. ) SOLID_ANGLE_UNIT ( ) );
#3453 = VERTEX_POINT ( 'NONE', #6156 ) ;
#3454 =( NAMED_UNIT ( * ) PLANE_ANGLE_UNIT ( ) SI_UNIT ( $, .RADIAN. ) );
#3455 =( LENGTH_UNIT ( ) NAMED_UNIT ( * ) SI_UNIT ( .MILLI., .METRE. ) );
#3456 = CARTESIAN_POINT ( 'NONE',  ( -0.2085750838897959536, -0.1901373170059216522, -0.01000000000000000021 ) ) ;
#3457 = UNCERTAINTY_MEASURE_WITH_UNIT (LENGTH_MEASURE( 1.000000000000000082E-05 ), #3412, 'distance_accuracy_value', 'NONE');
#3458 = VECTOR ( 'NONE', #717, 1000.000000000000000 ) ;
#3459 = ORIENTED_EDGE ( 'NONE', *, *, #4170, .F. ) ;
#3460 = SURFACE_SIDE_STYLE ('',( #3988 ) ) ;
#3461 = PLANE ( 'NONE',  #2330 ) ;
#3462 = PLANE ( 'NONE',  #4265 ) ;
#3463 = CARTESIAN_POINT ( 'NONE',  ( 0.3162529258457173476, 0.1599786145067947085, -0.01000000000000000021 ) ) ;
#3464 = EDGE_CURVE ( 'NONE', #4922, #6036, #1433, .T. ) ;
#3465 = CARTESIAN_POINT ( 'NONE',  ( 0.2776847966260967970, 0.2142428912178377942, -0.009999999999999995004 ) ) ;
#3466 = CARTESIAN_POINT ( 'NONE',  ( 0.3657076879803294323, -0.1742307636193598241, -0.01000000000000000021 ) ) ;
#3467 = CARTESIAN_POINT ( 'NONE',  ( 0.3419304276319259372, 0.1458434794438727145, -0.02000000000000000042 ) ) ;
#3468 =( NAMED_UNIT ( * ) SI_UNIT ( $, .STERADIAN. ) SOLID_ANGLE_UNIT ( ) );
#3469 = COLOUR_RGB ( '',0.0000000000000000000, 0.0000000000000000000, 0.0000000000000000000 ) ;
#3470 = VERTEX_POINT ( 'NONE', #3109 ) ;
#3471 = EDGE_CURVE ( 'NONE', #1310, #6036, #1400, .T. ) ;
#3472 = SURFACE_SIDE_STYLE ('',( #2788 ) ) ;
#3473 =( NAMED_UNIT ( * ) PLANE_ANGLE_UNIT ( ) SI_UNIT ( $, .RADIAN. ) );
#3474 = DIRECTION ( 'NONE',  ( 0.0000000000000000000, 0.0000000000000000000, -1.000000000000000000 ) ) ;
#3475 = CARTESIAN_POINT ( 'NONE',  ( -0.3697143895722884155, 0.1609056013524843565, -0.02000000000000000042 ) ) ;
#3476 = AXIS2_PLACEMENT_3D ( 'NONE', #6529, #4271, #2026 ) ;
#3477 = EDGE_CURVE ( 'NONE', #6020, #2062, #193, .T. ) ;
#3478 = EDGE_CURVE ( 'NONE', #3963, #4997, #818, .T. ) ;
#3479 = VERTEX_POINT ( 'NONE', #2571 ) ;
#3480 = PRESENTATION_STYLE_ASSIGNMENT (( #4661 ) ) ;
#3481 = COLOUR_RGB ( '',0.7529411764705882248, 0.7529411764705882248, 0.7529411764705882248 ) ;
#3482 = AXIS2_PLACEMENT_3D ( 'NONE', #5152, #7482, #4236 ) ;
#3483 = CARTESIAN_POINT ( 'NONE',  ( -0.1110141082800398804, 0.03425292689651740496, -0.02000000000000000042 ) ) ;
#3484 = FACE_OUTER_BOUND ( 'NONE', #6759, .T. ) ;
#3485 = DIRECTION ( 'NONE',  ( -0.0000000000000000000, -0.0000000000000000000, -1.000000000000000000 ) ) ;
#3486 =( GEOMETRIC_REPRESENTATION_CONTEXT ( 3 ) GLOBAL_UNCERTAINTY_ASSIGNED_CONTEXT ( ( #405 ) ) GLOBAL_UNIT_ASSIGNED_CONTEXT ( ( #7266, #1386, #7305 ) ) REPRESENTATION_CONTEXT ( 'NONE', 'WORKASPACE' ) );
#3487 = EDGE_CURVE ( 'NONE', #6315, #1917, #1993, .T. ) ;
#3488 = CARTESIAN_POINT ( 'NONE',  ( -0.3400000000000000799, -1.510000000000000009, 0.2000000000000000111 ) ) ;
#3489 = CARTESIAN_POINT ( 'NONE',  ( -0.1207702058410154294, 0.1659602439696881704, -0.02000000000000000042 ) ) ;
#3490 = EDGE_LOOP ( 'NONE', ( #3120, #89, #6994, #6607, #2663, #773 ) ) ;
#3491 = VERTEX_POINT ( 'NONE', #2834 ) ;
#3492 = LINE ( 'NONE', #2958, #2238 ) ;
#3493 =( NAMED_UNIT ( * ) SI_UNIT ( $, .STERADIAN. ) SOLID_ANGLE_UNIT ( ) );
#3494 = VECTOR ( 'NONE', #2363, 1000.000000000000000 ) ;
#3495 = DIRECTION ( 'NONE',  ( 1.000000000000000000, 0.0000000000000000000, 0.0000000000000000000 ) ) ;
#3496 = ORIENTED_EDGE ( 'NONE', *, *, #949, .T. ) ;
#3497 = FILL_AREA_STYLE_COLOUR ( '', #5074 ) ;
#3498 = CIRCLE ( 'NONE', #815, 0.1150000000000000883 ) ;
#3499 =( NAMED_UNIT ( * ) PLANE_ANGLE_UNIT ( ) SI_UNIT ( $, .RADIAN. ) );
#3500 = ORIENTED_EDGE ( 'NONE', *, *, #3523, .T. ) ;
#3501 = VECTOR ( 'NONE', #2790, 1000.000000000000000 ) ;
#3502 = FILL_AREA_STYLE_COLOUR ( '', #4387 ) ;
#3503 = CARTESIAN_POINT ( 'NONE',  ( -0.4712855530890534550, -0.03815459257875054161, -0.01000000000000000021 ) ) ;
#3504 = CARTESIAN_POINT ( 'NONE',  ( 0.5600000000000000533, -1.510000000000000009, 0.2000000000000000111 ) ) ;
#3505 = CARTESIAN_POINT ( 'NONE',  ( 0.3294938980324371713, 0.1536370023687165520, -0.02000000000000000042 ) ) ;
#3506 = CARTESIAN_POINT ( 'NONE',  ( -0.1100000000000000699, -1.510000000000000009, -0.02000000000000000042 ) ) ;
#3507 = CARTESIAN_POINT ( 'NONE',  ( 0.4564923984606819585, 0.04760047970896828101, -0.009999999999999995004 ) ) ;
#3508 = STYLED_ITEM ( 'NONE', ( #7221 ), #1607 ) ;
#3509 = SURFACE_STYLE_USAGE ( .BOTH. , #1637 ) ;
#3510 = CARTESIAN_POINT ( 'NONE',  ( 0.1099999999999998757, 1.215000000000000080, -0.02000000000000000042 ) ) ;
#3511 = DIRECTION ( 'NONE',  ( 1.000000000000000000, 0.0000000000000000000, 0.0000000000000000000 ) ) ;
#3512 = CARTESIAN_POINT ( 'NONE',  ( -1.010000000000000009, 1.510000000000000009, 0.2000000000000000111 ) ) ;
#3513 = ORIENTED_EDGE ( 'NONE', *, *, #3951, .F. ) ;
#3514 = SURFACE_STYLE_USAGE ( .BOTH. , #5989 ) ;
#3515 = FACE_OUTER_BOUND ( 'NONE', #423, .T. ) ;
#3516 = ORIENTED_EDGE ( 'NONE', *, *, #1052, .F. ) ;
#3517 = SURFACE_SIDE_STYLE ('',( #5908 ) ) ;
#3518 = EDGE_CURVE ( 'NONE', #69, #888, #2233, .T. ) ;
#3519 = DIRECTION ( 'NONE',  ( 1.000000000000000000, 0.0000000000000000000, 0.0000000000000000000 ) ) ;
#3520 = DIRECTION ( 'NONE',  ( -1.000000000000000000, 0.0000000000000000000, 0.0000000000000000000 ) ) ;
#3521 = CARTESIAN_POINT ( 'NONE',  ( -0.3400022599743441343, -0.1897273036841979066, -0.02000000000000000042 ) ) ;
#3522 = DIRECTION ( 'NONE',  ( 0.0000000000000000000, 1.000000000000000000, 0.0000000000000000000 ) ) ;
#3523 = EDGE_CURVE ( 'NONE', #1508, #6158, #5483, .T. ) ;
#3524 = EDGE_CURVE ( 'NONE', #3724, #994, #6863, .T. ) ;
#3525 = DIRECTION ( 'NONE',  ( 0.0000000000000000000, 1.000000000000000000, 0.0000000000000000000 ) ) ;
#3526 =( GEOMETRIC_REPRESENTATION_CONTEXT ( 3 ) GLOBAL_UNCERTAINTY_ASSIGNED_CONTEXT ( ( #6738 ) ) GLOBAL_UNIT_ASSIGNED_CONTEXT ( ( #791, #7400, #2004 ) ) REPRESENTATION_CONTEXT ( 'NONE', 'WORKASPACE' ) );
#3527 =( LENGTH_UNIT ( ) NAMED_UNIT ( * ) SI_UNIT ( .MILLI., .METRE. ) );
#3528 = CARTESIAN_POINT ( 'NONE',  ( -1.010000000000000009, -1.215000000000000080, -0.02000000000000000042 ) ) ;
#3529 = VERTEX_POINT ( 'NONE', #4510 ) ;
#3530 = ORIENTED_EDGE ( 'NONE', *, *, #1746, .F. ) ;
#3531 = CARTESIAN_POINT ( 'NONE',  ( -0.4972403413423119867, -0.1040168548133137694, -0.02000000000000000042 ) ) ;
#3532 = DIRECTION ( 'NONE',  ( -0.0000000000000000000, 0.0000000000000000000, -1.000000000000000000 ) ) ;
#3533 = ORIENTED_EDGE ( 'NONE', *, *, #149, .T. ) ;
#3534 = DIRECTION ( 'NONE',  ( -1.000000000000000000, -0.0000000000000000000, -0.0000000000000000000 ) ) ;
#3535 = AXIS2_PLACEMENT_3D ( 'NONE', #3983, #3947, #2226 ) ;
#3536 = STYLED_ITEM ( 'NONE', ( #6777 ), #4644 ) ;
#3537 = STYLED_ITEM ( 'NONE', ( #2483 ), #7006 ) ;
#3538 = DIRECTION ( 'NONE',  ( 1.000000000000000000, -0.0000000000000000000, 0.0000000000000000000 ) ) ;
#3539 = ORIENTED_EDGE ( 'NONE', *, *, #7512, .T. ) ;
#3540 = CARTESIAN_POINT ( 'NONE',  ( 0.3419304276319259372, 0.1458434794438727145, -0.01000000000000000021 ) ) ;
#3541 = PRESENTATION_LAYER_ASSIGNMENT (  '', '', ( #7301 ) ) ;
#3542 = STYLED_ITEM ( 'NONE', ( #7022 ), #2473 ) ;
#3543 = COLOUR_RGB ( '',0.7529411764705882248, 0.7529411764705882248, 0.7529411764705882248 ) ;
#3544 = CARTESIAN_POINT ( 'NONE',  ( -1.499999999999999334, -1.500000000000000000, 0.1999999999999999833 ) ) ;
#3545 = CARTESIAN_POINT ( 'NONE',  ( 0.0000000000000000000, 0.1610821951892003334, -0.01000000000000000021 ) ) ;
#3546 = DIRECTION ( 'NONE',  ( -1.000000000000000000, 0.0000000000000000000, 0.0000000000000000000 ) ) ;
#3547 = AXIS2_PLACEMENT_3D ( 'NONE', #6836, #6240, #1012 ) ;
#3548 = CARTESIAN_POINT ( 'NONE',  ( -0.3214561814507716497, 0.2098626829940784255, -0.01000000000000000021 ) ) ;
#3549 = CIRCLE ( 'NONE', #245, 0.1150000000000000883 ) ;
#3550 = VECTOR ( 'NONE', #4525, 1000.000000000000000 ) ;
#3551 = VERTEX_POINT ( 'NONE', #4431 ) ;
#3552 = FILL_AREA_STYLE_COLOUR ( '', #1657 ) ;
#3553 = PRESENTATION_LAYER_ASSIGNMENT (  '', '', ( #6828 ) ) ;
#3554 = LINE ( 'NONE', #37, #2887 ) ;
#3555 = LINE ( 'NONE', #5868, #4455 ) ;
#3556 = LINE ( 'NONE', #646, #3326 ) ;
#3557 =( LENGTH_UNIT ( ) NAMED_UNIT ( * ) SI_UNIT ( .MILLI., .METRE. ) );
#3558 = CARTESIAN_POINT ( 'NONE',  ( -0.6750000000000000444, -1.215000000000000080, -0.02000000000000000042 ) ) ;
#3559 = CYLINDRICAL_SURFACE ( 'NONE', #4580, 0.1150000000000000883 ) ;
#3560 = PLANE ( 'NONE',  #2410 ) ;
#3561 = EDGE_CURVE ( 'NONE', #3563, #3216, #419, .T. ) ;
#3562 = CARTESIAN_POINT ( 'NONE',  ( -0.4353171015056740978, -0.1043460401848955443, -0.02000000000000000042 ) ) ;
#3563 = VERTEX_POINT ( 'NONE', #6195 ) ;
#3564 = VERTEX_POINT ( 'NONE', #5066 ) ;
#3565 = FILL_AREA_STYLE ('',( #5803 ) ) ;
#3566 = FILL_AREA_STYLE ('',( #1813 ) ) ;
#3567 = CARTESIAN_POINT ( 'NONE',  ( 0.2097171621395887420, -0.1448673067122211722, -0.01000000000000000021 ) ) ;
#3568 = ORIENTED_EDGE ( 'NONE', *, *, #1888, .T. ) ;
#3569 = DIRECTION ( 'NONE',  ( 0.0000000000000000000, 0.0000000000000000000, -1.000000000000000000 ) ) ;
#3570 = CLOSED_SHELL ( 'NONE', ( #2397, #6443, #4353, #2507, #3383, #7496, #5365, #2336, #5187, #2602, #5993, #4788, #5040, #4352, #5706, #3575, #851, #3623, #7227, #6169, #5790, #3164, #4550, #518, #2903, #1307, #298, #7141, #6450, #2215, #4919, #3885, #3156, #5053, #3850, #7269, #7145, #1524, #284, #6647, #1487, #722, #4511, #2863, #6869, #6922, #3071, #4597, #5994, #7427, #5647, #1340, #6543, #871, #5385, #5606, #5885, #6736, #1646, #5472, #4403, #3099, #6397, #2203, #1155, #2256, #2594, #3806, #1762, #4163, #1210, #6811, #6047, #4833, #1971, #1615, #2295, #5518, #5210, #1265, #4110, #297, #814, #7106, #4644, #1802, #5752, #6949, #7006, #7325, #1440, #1887, #1607, #1703, #4295, #5457, #1020, #6673, #1045, #3063, #5691, #5317, #5952, #1067, #4953, #1256, #2865, #2353, #5176, #1983, #532, #2129, #4843, #2104, #5618, #6908, #5553, #4837, #676, #6552, #2668, #631, #5708, #4987, #6323, #5273, #2473, #6357, #5081, #6780, #1010, #4732, #2687, #5233, #3672, #5091, #4198, #4337, #913, #4731, #6045, #6680, #5799, #1972, #7519, #3322 ) ) ;
#3571 = CARTESIAN_POINT ( 'NONE',  ( -0.1207702058410154294, 0.1659602439696881704, -0.01000000000000000021 ) ) ;
#3572 = EDGE_LOOP ( 'NONE', ( #6819, #228, #7462, #669, #6436, #6457 ) ) ;
#3573 = EDGE_CURVE ( 'NONE', #4509, #4555, #2761, .T. ) ;
#3574 = FILL_AREA_STYLE_COLOUR ( '', #2188 ) ;
#3575 = ADVANCED_FACE ( 'NONE', ( #346 ), #3325, .T. ) ;
#3576 = EDGE_CURVE ( 'NONE', #6009, #6817, #6234, .T. ) ;
#3577 =( NAMED_UNIT ( * ) SI_UNIT ( $, .STERADIAN. ) SOLID_ANGLE_UNIT ( ) );
#3578 = LINE ( 'NONE', #3617, #1903 ) ;
#3579 = MECHANICAL_DESIGN_GEOMETRIC_PRESENTATION_REPRESENTATION (  '', ( #3447 ), #3703 ) ;
#3580 =( NAMED_UNIT ( * ) PLANE_ANGLE_UNIT ( ) SI_UNIT ( $, .RADIAN. ) );
#3581 = SURFACE_SIDE_STYLE ('',( #1267 ) ) ;
#3582 = CARTESIAN_POINT ( 'NONE',  ( -1.499999999999999778, 1.500000000000000000, 0.1999999999999999833 ) ) ;
#3583 = VECTOR ( 'NONE', #1596, 1000.000000000000000 ) ;
#3584 = CARTESIAN_POINT ( 'NONE',  ( 0.3344561331378758107, -0.1347774110934538416, -0.01000000000000000021 ) ) ;
#3585 = FACE_OUTER_BOUND ( 'NONE', #257, .T. ) ;
#3586 = MECHANICAL_DESIGN_GEOMETRIC_PRESENTATION_REPRESENTATION (  '', ( #2976 ), #1635 ) ;
#3587 = ORIENTED_EDGE ( 'NONE', *, *, #2164, .F. ) ;
#3588 = FILL_AREA_STYLE ('',( #603 ) ) ;
#3589 = CARTESIAN_POINT ( 'NONE',  ( -1.499999999999999778, 1.500000000000000000, 0.0000000000000000000 ) ) ;
#3590 = CARTESIAN_POINT ( 'NONE',  ( 0.03044930635410657283, -0.009649512127872853645, -0.02000000000000000042 ) ) ;
#3591 = CARTESIAN_POINT ( 'NONE',  ( 0.1621566234272772411, 0.1988870732379808270, -0.02000000000000000042 ) ) ;
#3592 = FILL_AREA_STYLE_COLOUR ( '', #235 ) ;
#3593 = CARTESIAN_POINT ( 'NONE',  ( -0.4745664640322767580, -0.02178324729017539624, -0.02000000000000000042 ) ) ;
#3594 = VECTOR ( 'NONE', #7401, 1000.000000000000000 ) ;
#3595 = PLANE ( 'NONE',  #3051 ) ;
#3596 = DIRECTION ( 'NONE',  ( 1.000000000000000000, 0.0000000000000000000, 0.0000000000000000000 ) ) ;
#3597 = CIRCLE ( 'NONE', #6402, 0.1150000000000000328 ) ;
#3598 = DIRECTION ( 'NONE',  ( 0.0000000000000000000, 0.0000000000000000000, -1.000000000000000000 ) ) ;
#3599 = VERTEX_POINT ( 'NONE', #5322 ) ;
#3600 = ORIENTED_EDGE ( 'NONE', *, *, #5177, .T. ) ;
#3601 = PLANE ( 'NONE',  #4562 ) ;
#3602 = SURFACE_STYLE_FILL_AREA ( #3566 ) ;
#3603 = LINE ( 'NONE', #3035, #600 ) ;
#3604 = ORIENTED_EDGE ( 'NONE', *, *, #3524, .T. ) ;
#3605 = DIRECTION ( 'NONE',  ( -1.000000000000000000, 0.0000000000000000000, 0.0000000000000000000 ) ) ;
#3606 = CARTESIAN_POINT ( 'NONE',  ( -1.499999999999999778, 1.500000000000000000, 0.0000000000000000000 ) ) ;
#3607 = STYLED_ITEM ( 'NONE', ( #4310 ), #5993 ) ;
#3608 = AXIS2_PLACEMENT_3D ( 'NONE', #7500, #6377, #4518 ) ;
#3609 = VECTOR ( 'NONE', #4301, 1000.000000000000000 ) ;
#3610 = CARTESIAN_POINT ( 'NONE',  ( -1.499999999999999778, 1.500000000000000000, 0.0000000000000000000 ) ) ;
#3611 = AXIS2_PLACEMENT_3D ( 'NONE', #1118, #565, #5246 ) ;
#3612 = SURFACE_STYLE_USAGE ( .BOTH. , #4205 ) ;
#3613 = ORIENTED_EDGE ( 'NONE', *, *, #343, .F. ) ;
#3614 = CARTESIAN_POINT ( 'NONE',  ( -0.5600000000000000533, -1.510000000000000009, 0.2000000000000000111 ) ) ;
#3615 = CARTESIAN_POINT ( 'NONE',  ( 0.3536388920547485215, 0.1367651384940536674, -0.009999999999999995004 ) ) ;
#3616 = CARTESIAN_POINT ( 'NONE',  ( -0.7360903277922349330, 0.1610821951892003334, -0.01000000000000000021 ) ) ;
#3617 = CARTESIAN_POINT ( 'NONE',  ( -1.499999999999999334, -1.500000000000000000, 0.7299999999999999822 ) ) ;
#3618 = CARTESIAN_POINT ( 'NONE',  ( 0.4473310068520546245, -0.07797367521898607157, -0.02000000000000000042 ) ) ;
#3619 = STYLED_ITEM ( 'NONE', ( #5202 ), #2203 ) ;
#3620 = EDGE_CURVE ( 'NONE', #2537, #6097, #3440, .T. ) ;
#3621 = CARTESIAN_POINT ( 'NONE',  ( 0.4595433896549683261, 0.01009915573068013127, -0.009999999999999995004 ) ) ;
#3622 = LINE ( 'NONE', #5940, #3458 ) ;
#3623 = ADVANCED_FACE ( 'NONE', ( #1240 ), #5207, .T. ) ;
#3624 = SURFACE_STYLE_USAGE ( .BOTH. , #6433 ) ;
#3625 = DIRECTION ( 'NONE',  ( 0.0000000000000000000, 1.000000000000000000, 0.0000000000000000000 ) ) ;
#3626 = VERTEX_POINT ( 'NONE', #4733 ) ;
#3627 = PLANE ( 'NONE',  #4461 ) ;
#3628 = EDGE_CURVE ( 'NONE', #2988, #2537, #2983, .T. ) ;
#3629 = DIRECTION ( 'NONE',  ( 0.0000000000000000000, 0.0000000000000000000, 1.000000000000000000 ) ) ;
#3630 = AXIS2_PLACEMENT_3D ( 'NONE', #1427, #4302, #5556 ) ;
#3631 = LINE ( 'NONE', #765, #2075 ) ;
#3632 = LINE ( 'NONE', #5953, #2549 ) ;
#3633 = CARTESIAN_POINT ( 'NONE',  ( -0.3992338856262052649, -0.1300326315452870474, -0.02000000000000000042 ) ) ;
#3634 = LINE ( 'NONE', #1911, #5339 ) ;
#3635 = CARTESIAN_POINT ( 'NONE',  ( 0.3490332754767795365, -0.1817815946991775122, -0.02000000000000000042 ) ) ;
#3636 =( NAMED_UNIT ( * ) PLANE_ANGLE_UNIT ( ) SI_UNIT ( $, .RADIAN. ) );
#3637 = ORIENTED_EDGE ( 'NONE', *, *, #6087, .F. ) ;
#3638 = ORIENTED_EDGE ( 'NONE', *, *, #2535, .T. ) ;
#3639 = DIRECTION ( 'NONE',  ( 0.0000000000000000000, 0.0000000000000000000, 1.000000000000000000 ) ) ;
#3640 = PRESENTATION_STYLE_ASSIGNMENT (( #5880 ) ) ;
#3641 = DIRECTION ( 'NONE',  ( -1.000000000000000000, 0.0000000000000000000, 0.0000000000000000000 ) ) ;
#3642 = VERTEX_POINT ( 'NONE', #1126 ) ;
#3643 = CARTESIAN_POINT ( 'NONE',  ( -0.5303666362444813265, 0.02214395742735008471, -0.01000000000000000021 ) ) ;
#3644 = LINE ( 'NONE', #6536, #7129 ) ;
#3645 = CARTESIAN_POINT ( 'NONE',  ( 0.1621566234272772411, -0.1255031706644582079, -0.02000000000000000042 ) ) ;
#3646 = AXIS2_PLACEMENT_3D ( 'NONE', #501, #5763, #6943 ) ;
#3647 = FILL_AREA_STYLE_COLOUR ( '', #7188 ) ;
#3648 = CARTESIAN_POINT ( 'NONE',  ( -0.3700631257814578912, -0.1405910777592075112, -0.01000000000000000021 ) ) ;
#3649 = ORIENTED_EDGE ( 'NONE', *, *, #6719, .F. ) ;
#3650 = DIRECTION ( 'NONE',  ( -1.000000000000000000, 0.0000000000000000000, 0.0000000000000000000 ) ) ;
#3651 = MECHANICAL_DESIGN_GEOMETRIC_PRESENTATION_REPRESENTATION (  '', ( #225 ), #846 ) ;
#3652 = UNCERTAINTY_MEASURE_WITH_UNIT (LENGTH_MEASURE( 1.000000000000000082E-05 ), #6242, 'distance_accuracy_value', 'NONE');
#3653 = PRESENTATION_STYLE_ASSIGNMENT (( #3047 ) ) ;
#3654 = CARTESIAN_POINT ( 'NONE',  ( 0.4209183466921579408, -0.1270203340718689955, -0.02000000000000000042 ) ) ;
#3655 = EDGE_CURVE ( 'NONE', #5223, #5920, #6976, .T. ) ;
#3656 = EDGE_CURVE ( 'NONE', #1407, #3529, #3549, .T. ) ;
#3657 = CARTESIAN_POINT ( 'NONE',  ( -0.4530005171578381784, 0.1064408229294378921, -0.01000000000000000021 ) ) ;
#3658 = DIRECTION ( 'NONE',  ( 0.0000000000000000000, -0.0000000000000000000, 1.000000000000000000 ) ) ;
#3659 = DIRECTION ( 'NONE',  ( 0.0000000000000000000, 0.0000000000000000000, 1.000000000000000000 ) ) ;
#3660 = COLOUR_RGB ( '',0.7529411764705882248, 0.7529411764705882248, 0.7529411764705882248 ) ;
#3661 = CIRCLE ( 'NONE', #3309, 0.1150000000000000883 ) ;
#3662 = ORIENTED_EDGE ( 'NONE', *, *, #3248, .F. ) ;
#3663 = SURFACE_STYLE_USAGE ( .BOTH. , #1553 ) ;
#3664 = CARTESIAN_POINT ( 'NONE',  ( -0.5597945960849178837, -0.1901373170059216522, -0.02000000000000000042 ) ) ;
#3665 = SURFACE_SIDE_STYLE ('',( #2944 ) ) ;
#3666 = LINE ( 'NONE', #839, #154 ) ;
#3667 =( NAMED_UNIT ( * ) SI_UNIT ( $, .STERADIAN. ) SOLID_ANGLE_UNIT ( ) );
#3668 = STYLED_ITEM ( 'NONE', ( #236 ), #7427 ) ;
#3669 = VECTOR ( 'NONE', #3024, 1000.000000000000000 ) ;
#3670 = DIRECTION ( 'NONE',  ( 0.0000000000000000000, 0.0000000000000000000, 1.000000000000000000 ) ) ;
#3671 = MECHANICAL_DESIGN_GEOMETRIC_PRESENTATION_REPRESENTATION (  '', ( #3302 ), #6473 ) ;
#3672 = ADVANCED_FACE ( 'NONE', ( #2455 ), #6372, .T. ) ;
#3673 = CARTESIAN_POINT ( 'NONE',  ( -0.3173403277922349219, -0.1901373170059216522, -0.02000000000000000042 ) ) ;
#3674 = COLOUR_RGB ( '',0.7529411764705882248, 0.7529411764705882248, 0.7529411764705882248 ) ;
#3675 = CARTESIAN_POINT ( 'NONE',  ( -0.4768677668166251271, 0.01374987811602959055, -0.02000000000000000042 ) ) ;
#3676 = PRESENTATION_LAYER_ASSIGNMENT (  '', '', ( #4034 ) ) ;
#3677 = SURFACE_STYLE_FILL_AREA ( #4190 ) ;
#3678 = ORIENTED_EDGE ( 'NONE', *, *, #5277, .T. ) ;
#3679 = EDGE_LOOP ( 'NONE', ( #3930, #7492, #349, #1576, #4114, #4011, #4206, #3112, #3214, #1736, #1681, #5675, #4350, #4486, #6834, #2914, #11, #5696, #1503, #6628, #6347, #2543, #5680, #6252, #4892, #3903, #3863, #6423 ) ) ;
#3680 = FILL_AREA_STYLE ('',( #1362 ) ) ;
#3681 = FILL_AREA_STYLE_COLOUR ( '', #7202 ) ;
#3682 = CARTESIAN_POINT ( 'NONE',  ( 0.1970677245485210616, -0.1413089055722231702, -0.01000000000000000021 ) ) ;
#3683 = ORIENTED_EDGE ( 'NONE', *, *, #3808, .T. ) ;
#3684 = CARTESIAN_POINT ( 'NONE',  ( -0.5225369221854130330, 0.07654387474337469299, -0.02000000000000000042 ) ) ;
#3685 = CARTESIAN_POINT ( 'NONE',  ( 1.500000000000000666, -1.500000000000000000, 0.7299999999999999822 ) ) ;
#3686 = LINE ( 'NONE', #4827, #5655 ) ;
#3687 = MECHANICAL_DESIGN_GEOMETRIC_PRESENTATION_REPRESENTATION (  '', ( #2953 ), #2591 ) ;
#3688 = SURFACE_STYLE_USAGE ( .BOTH. , #3083 ) ;
#3689 = CARTESIAN_POINT ( 'NONE',  ( 0.2292378136120574172, 0.2138261502681338133, -0.01000000000000000021 ) ) ;
#3690 = ORIENTED_EDGE ( 'NONE', *, *, #1511, .T. ) ;
#3691 = CARTESIAN_POINT ( 'NONE',  ( -0.5305263034019911395, 0.01489317079895642083, -0.02000000000000000042 ) ) ;
#3692 =( LENGTH_UNIT ( ) NAMED_UNIT ( * ) SI_UNIT ( .MILLI., .METRE. ) );
#3693 = CARTESIAN_POINT ( 'NONE',  ( 0.1099999999999999034, -1.510000000000000009, 0.2000000000000000111 ) ) ;
#3694 = CARTESIAN_POINT ( 'NONE',  ( -1.010000000000000009, 1.215000000000000080, 0.2000000000000000111 ) ) ;
#3695 =( LENGTH_UNIT ( ) NAMED_UNIT ( * ) SI_UNIT ( .MILLI., .METRE. ) );
#3696 = CARTESIAN_POINT ( 'NONE',  ( -0.4109573832482169564, 0.1447075533712673667, -0.01000000000000000021 ) ) ;
#3697 =( NAMED_UNIT ( * ) SI_UNIT ( $, .STERADIAN. ) SOLID_ANGLE_UNIT ( ) );
#3698 = SURFACE_STYLE_FILL_AREA ( #683 ) ;
#3699 = EDGE_CURVE ( 'NONE', #3724, #3254, #609, .T. ) ;
#3700 = ORIENTED_EDGE ( 'NONE', *, *, #5422, .T. ) ;
#3701 = CARTESIAN_POINT ( 'NONE',  ( 0.2044424022246131845, 0.2108740180864995817, -0.02000000000000000042 ) ) ;
#3702 = DIRECTION ( 'NONE',  ( 0.0000000000000000000, 0.0000000000000000000, -1.000000000000000000 ) ) ;
#3703 =( GEOMETRIC_REPRESENTATION_CONTEXT ( 3 ) GLOBAL_UNCERTAINTY_ASSIGNED_CONTEXT ( ( #6601 ) ) GLOBAL_UNIT_ASSIGNED_CONTEXT ( ( #4183, #1906, #181 ) ) REPRESENTATION_CONTEXT ( 'NONE', 'WORKASPACE' ) );
#3704 = CARTESIAN_POINT ( 'NONE',  ( -0.6750000000000000444, -1.215000000000000080, -0.02000000000000000042 ) ) ;
#3705 =( NAMED_UNIT ( * ) SI_UNIT ( $, .STERADIAN. ) SOLID_ANGLE_UNIT ( ) );
#3706 = DIRECTION ( 'NONE',  ( 0.0000000000000000000, -1.000000000000000000, 0.0000000000000000000 ) ) ;
#3707 = PRESENTATION_LAYER_ASSIGNMENT (  '', '', ( #1027 ) ) ;
#3708 = CARTESIAN_POINT ( 'NONE',  ( -0.1207702058410154294, 0.1659602439696881704, -0.02000000000000000042 ) ) ;
#3709 = SURFACE_SIDE_STYLE ('',( #2603 ) ) ;
#3710 = CARTESIAN_POINT ( 'NONE',  ( 1.010000000000000009, 1.215000000000000080, 0.0000000000000000000 ) ) ;
#3711 = EDGE_CURVE ( 'NONE', #1684, #4867, #3631, .T. ) ;
#3712 = FILL_AREA_STYLE ('',( #3106 ) ) ;
#3713 = EDGE_LOOP ( 'NONE', ( #1624, #5715, #1937, #7388 ) ) ;
#3714 = ORIENTED_EDGE ( 'NONE', *, *, #7336, .T. ) ;
#3715 = FILL_AREA_STYLE ('',( #4472 ) ) ;
#3716 = VERTEX_POINT ( 'NONE', #1351 ) ;
#3717 = CARTESIAN_POINT ( 'NONE',  ( -0.4037441990163854189, 0.1969292772158851013, -0.02000000000000000042 ) ) ;
#3718 = VECTOR ( 'NONE', #784, 1000.000000000000000 ) ;
#3719 =( LENGTH_UNIT ( ) NAMED_UNIT ( * ) SI_UNIT ( .MILLI., .METRE. ) );
#3720 = EDGE_CURVE ( 'NONE', #3216, #3626, #4917, .T. ) ;
#3721 = DIRECTION ( 'NONE',  ( 0.0000000000000000000, -0.0000000000000000000, 1.000000000000000000 ) ) ;
#3722 = AXIS2_PLACEMENT_3D ( 'NONE', #7208, #6561, #1989 ) ;
#3723 = LINE ( 'NONE', #5461, #4809 ) ;
#3724 = VERTEX_POINT ( 'NONE', #151 ) ;
#3725 = SURFACE_STYLE_USAGE ( .BOTH. , #6617 ) ;
#3726 =( NAMED_UNIT ( * ) SI_UNIT ( $, .STERADIAN. ) SOLID_ANGLE_UNIT ( ) );
#3727 = CARTESIAN_POINT ( 'NONE',  ( 0.6987419892809358934, 0.2098626829940784255, -0.02000000000000000042 ) ) ;
#3728 = STYLED_ITEM ( 'NONE', ( #5446 ), #5606 ) ;
#3729 = CARTESIAN_POINT ( 'NONE',  ( 0.4597175990370334087, 0.002316951286761314600, -0.02000000000000000042 ) ) ;
#3730 = PLANE ( 'NONE',  #6437 ) ;
#3731 = VECTOR ( 'NONE', #1936, 1000.000000000000000 ) ;
#3732 = CARTESIAN_POINT ( 'NONE',  ( -0.3843091386840314927, 0.1566885799258848910, -0.02000000000000000042 ) ) ;
#3733 = PRESENTATION_LAYER_ASSIGNMENT (  '', '', ( #2021 ) ) ;
#3734 = CARTESIAN_POINT ( 'NONE',  ( 0.4008457719196963920, -0.04410979979164915410, -0.02000000000000000042 ) ) ;
#3735 = FILL_AREA_STYLE_COLOUR ( '', #4379 ) ;
#3736 = FACE_OUTER_BOUND ( 'NONE', #6501, .T. ) ;
#3737 = VERTEX_POINT ( 'NONE', #5485 ) ;
#3738 = CARTESIAN_POINT ( 'NONE',  ( 0.7900000000000001465, 0.0000000000000000000, 0.0000000000000000000 ) ) ;
#3739 = LINE ( 'NONE', #3138, #2965 ) ;
#3740 = FACE_OUTER_BOUND ( 'NONE', #6385, .T. ) ;
#3741 = FACE_OUTER_BOUND ( 'NONE', #6456, .T. ) ;
#3742 = DIRECTION ( 'NONE',  ( -1.000000000000000000, 0.0000000000000000000, 0.0000000000000000000 ) ) ;
#3743 = CARTESIAN_POINT ( 'NONE',  ( -0.3400000000000000799, -1.215000000000000080, 0.2000000000000000111 ) ) ;
#3744 = SURFACE_STYLE_FILL_AREA ( #224 ) ;
#3745 = EDGE_CURVE ( 'NONE', #6694, #4523, #6668, .T. ) ;
#3746 = FACE_OUTER_BOUND ( 'NONE', #191, .T. ) ;
#3747 = EDGE_LOOP ( 'NONE', ( #2198, #3317, #4462, #5852 ) ) ;
#3748 = ORIENTED_EDGE ( 'NONE', *, *, #5750, .F. ) ;
#3749 = CARTESIAN_POINT ( 'NONE',  ( -0.7646726448654057595, 0.2098626829940784255, -0.02000000000000000042 ) ) ;
#3750 = CARTESIAN_POINT ( 'NONE',  ( 0.3910655931650361961, -0.07285461469409842961, -0.02000000000000000042 ) ) ;
#3751 = ORIENTED_EDGE ( 'NONE', *, *, #4642, .F. ) ;
#3752 = EDGE_CURVE ( 'NONE', #3551, #5223, #4340, .T. ) ;
#3753 =( LENGTH_UNIT ( ) NAMED_UNIT ( * ) SI_UNIT ( .MILLI., .METRE. ) );
#3754 = EDGE_CURVE ( 'NONE', #3085, #774, #261, .T. ) ;
#3755 = CARTESIAN_POINT ( 'NONE',  ( 0.7900000000000001465, -1.510000000000000009, 0.2000000000000000111 ) ) ;
#3756 = CARTESIAN_POINT ( 'NONE',  ( -0.1110141082800398804, -0.009649512127872853645, -0.02000000000000000042 ) ) ;
#3757 = CARTESIAN_POINT ( 'NONE',  ( 0.1099999999999999034, 1.510000000000000009, 0.2000000000000000111 ) ) ;
#3758 = VERTEX_POINT ( 'NONE', #4810 ) ;
#3759 = DIRECTION ( 'NONE',  ( -0.0000000000000000000, 0.0000000000000000000, 1.000000000000000000 ) ) ;
#3760 = LINE ( 'NONE', #1478, #5982 ) ;
#3761 = CARTESIAN_POINT ( 'NONE',  ( -0.3190171570605275786, -0.1462348779815314248, -0.02000000000000000042 ) ) ;
#3762 = CARTESIAN_POINT ( 'NONE',  ( 0.2648243063541065867, -0.1511129267620191785, -0.01000000000000000021 ) ) ;
#3763 = EDGE_CURVE ( 'NONE', #3479, #1666, #5405, .T. ) ;
#3764 = CARTESIAN_POINT ( 'NONE',  ( 0.1855629949600870188, -0.1808003922398013497, -0.01000000000000000021 ) ) ;
#3765 = PRESENTATION_STYLE_ASSIGNMENT (( #1448 ) ) ;
#3766 =( LENGTH_UNIT ( ) NAMED_UNIT ( * ) SI_UNIT ( .MILLI., .METRE. ) );
#3767 = CARTESIAN_POINT ( 'NONE',  ( -0.3400000000000000799, 0.0000000000000000000, 0.0000000000000000000 ) ) ;
#3768 = VECTOR ( 'NONE', #3485, 1000.000000000000000 ) ;
#3769 = FILL_AREA_STYLE_COLOUR ( '', #6957 ) ;
#3770 = EDGE_LOOP ( 'NONE', ( #5316, #6679, #4963, #5063 ) ) ;
#3771 =( GEOMETRIC_REPRESENTATION_CONTEXT ( 3 ) GLOBAL_UNCERTAINTY_ASSIGNED_CONTEXT ( ( #138 ) ) GLOBAL_UNIT_ASSIGNED_CONTEXT ( ( #842, #6632, #2052 ) ) REPRESENTATION_CONTEXT ( 'NONE', 'WORKASPACE' ) );
#3772 = CARTESIAN_POINT ( 'NONE',  ( -0.7296878887678448500, 0.1330334147013954305, -0.02000000000000000042 ) ) ;
#3773 = CARTESIAN_POINT ( 'NONE',  ( -0.2622336204751618549, -0.1462348779815314248, -0.02000000000000000042 ) ) ;
#3774 = MECHANICAL_DESIGN_GEOMETRIC_PRESENTATION_REPRESENTATION (  '', ( #850 ), #5717 ) ;
#3775 = MECHANICAL_DESIGN_GEOMETRIC_PRESENTATION_REPRESENTATION (  '', ( #3290 ), #6572 ) ;
#3776 = CARTESIAN_POINT ( 'NONE',  ( 0.4313479788213817612, -0.1117776601448449841, -0.02000000000000000042 ) ) ;
#3777 = VECTOR ( 'NONE', #6477, 1000.000000000000000 ) ;
#3778 = CARTESIAN_POINT ( 'NONE',  ( -0.1100000000000000699, -1.215000000000000080, 0.2000000000000000111 ) ) ;
#3779 =( GEOMETRIC_REPRESENTATION_CONTEXT ( 3 ) GLOBAL_UNCERTAINTY_ASSIGNED_CONTEXT ( ( #4056 ) ) GLOBAL_UNIT_ASSIGNED_CONTEXT ( ( #6302, #4004, #1128 ) ) REPRESENTATION_CONTEXT ( 'NONE', 'WORKASPACE' ) );
#3780 = MECHANICAL_DESIGN_GEOMETRIC_PRESENTATION_REPRESENTATION (  '', ( #123 ), #6816 ) ;
#3781 = CARTESIAN_POINT ( 'NONE',  ( 0.1732190399727800700, -0.1317340457746420945, -0.01000000000000000021 ) ) ;
#3782 = STYLED_ITEM ( 'NONE', ( #311 ), #3383 ) ;
#3783 = ORIENTED_EDGE ( 'NONE', *, *, #247, .F. ) ;
#3784 = VECTOR ( 'NONE', #22, 1000.000000000000000 ) ;
#3785 = FILL_AREA_STYLE ('',( #1401 ) ) ;
#3786 = COLOUR_RGB ( '',0.0000000000000000000, 0.0000000000000000000, 0.0000000000000000000 ) ;
#3787 = AXIS2_PLACEMENT_3D ( 'NONE', #4359, #5431, #6688 ) ;
#3788 = EDGE_CURVE ( 'NONE', #1539, #4471, #7128, .T. ) ;
#3789 = CARTESIAN_POINT ( 'NONE',  ( 0.3462003251928427172, -0.1275244803611438604, -0.02000000000000000042 ) ) ;
#3790 = EDGE_LOOP ( 'NONE', ( #2713, #415, #2150, #7398, #5682, #2335 ) ) ;
#3791 = EDGE_CURVE ( 'NONE', #21, #283, #3065, .T. ) ;
#3792 = LINE ( 'NONE', #6124, #428 ) ;
#3793 = VECTOR ( 'NONE', #5814, 1000.000000000000000 ) ;
#3794 = UNCERTAINTY_MEASURE_WITH_UNIT (LENGTH_MEASURE( 1.000000000000000082E-05 ), #2776, 'distance_accuracy_value', 'NONE');
#3795 = LINE ( 'NONE', #3756, #7306 ) ;
#3796 = CARTESIAN_POINT ( 'NONE',  ( -1.240000000000000213, -1.215000000000000080, 0.2000000000000000111 ) ) ;
#3797 = ORIENTED_EDGE ( 'NONE', *, *, #6452, .T. ) ;
#3798 = SURFACE_STYLE_FILL_AREA ( #5533 ) ;
#3799 =( NAMED_UNIT ( * ) SI_UNIT ( $, .STERADIAN. ) SOLID_ANGLE_UNIT ( ) );
#3800 = CARTESIAN_POINT ( 'NONE',  ( 0.2258734076461884899, -0.1916307018081011004, -0.01000000000000000021 ) ) ;
#3801 = DIRECTION ( 'NONE',  ( 1.548860246407863583E-16, 1.000000000000000000, -0.0000000000000000000 ) ) ;
#3802 = CARTESIAN_POINT ( 'NONE',  ( -0.4037441990163854189, 0.1969292772158851013, -0.01000000000000000021 ) ) ;
#3803 = FILL_AREA_STYLE ('',( #6691 ) ) ;
#3804 = ORIENTED_EDGE ( 'NONE', *, *, #3208, .T. ) ;
#3805 = CARTESIAN_POINT ( 'NONE',  ( -0.2250000000000000888, 1.215000000000000080, -0.02000000000000000042 ) ) ;
#3806 = ADVANCED_FACE ( 'NONE', ( #5995 ), #221, .T. ) ;
#3807 = EDGE_CURVE ( 'NONE', #1138, #5295, #4850, .T. ) ;
#3808 = EDGE_CURVE ( 'NONE', #6562, #700, #2561, .T. ) ;
#3809 = CARTESIAN_POINT ( 'NONE',  ( 0.5599999999999999423, 1.500000000000000000, 0.7299999999999999822 ) ) ;
#3810 =( NAMED_UNIT ( * ) PLANE_ANGLE_UNIT ( ) SI_UNIT ( $, .RADIAN. ) );
#3811 = SURFACE_STYLE_USAGE ( .BOTH. , #1520 ) ;
#3812 = AXIS2_PLACEMENT_3D ( 'NONE', #3694, #789, #4246 ) ;
#3813 = ORIENTED_EDGE ( 'NONE', *, *, #1568, .T. ) ;
#3814 = LINE ( 'NONE', #802, #5424 ) ;
#3815 = CARTESIAN_POINT ( 'NONE',  ( 0.1727807792274517751, 0.1514019714689994744, -0.01000000000000000021 ) ) ;
#3816 = EDGE_CURVE ( 'NONE', #1992, #4546, #6555, .T. ) ;
#3817 =( GEOMETRIC_REPRESENTATION_CONTEXT ( 3 ) GLOBAL_UNCERTAINTY_ASSIGNED_CONTEXT ( ( #1352 ) ) GLOBAL_UNIT_ASSIGNED_CONTEXT ( ( #3021, #5320, #1314 ) ) REPRESENTATION_CONTEXT ( 'NONE', 'WORKASPACE' ) );
#3818 = FILL_AREA_STYLE_COLOUR ( '', #1483 ) ;
#3819 = ORIENTED_EDGE ( 'NONE', *, *, #5546, .F. ) ;
#3820 = DIRECTION ( 'NONE',  ( 1.000000000000000000, 0.0000000000000000000, 0.0000000000000000000 ) ) ;
#3821 = PRESENTATION_STYLE_ASSIGNMENT (( #7313 ) ) ;
#3822 = VECTOR ( 'NONE', #2620, 1000.000000000000000 ) ;
#3823 = VECTOR ( 'NONE', #5348, 1000.000000000000000 ) ;
#3824 = EDGE_LOOP ( 'NONE', ( #3032, #2287, #3439, #575, #1198, #5722 ) ) ;
#3825 = CARTESIAN_POINT ( 'NONE',  ( -0.4109573832482169564, 0.1447075533712673667, -0.02000000000000000042 ) ) ;
#3826 = PRESENTATION_LAYER_ASSIGNMENT (  '', '', ( #2855 ) ) ;
#3827 = ORIENTED_EDGE ( 'NONE', *, *, #4905, .T. ) ;
#3828 = CARTESIAN_POINT ( 'NONE',  ( 0.5600000000000000533, -1.215000000000000080, 0.2000000000000000111 ) ) ;
#3829 = DIRECTION ( 'NONE',  ( 1.000000000000000000, 0.0000000000000000000, 0.0000000000000000000 ) ) ;
#3830 = VECTOR ( 'NONE', #3639, 1000.000000000000000 ) ;
#3831 = ORIENTED_EDGE ( 'NONE', *, *, #5781, .T. ) ;
#3832 = LINE ( 'NONE', #3755, #6278 ) ;
#3833 = CARTESIAN_POINT ( 'NONE',  ( 0.5600000000000000533, -1.215000000000000080, -0.02000000000000000042 ) ) ;
#3834 =( NAMED_UNIT ( * ) SI_UNIT ( $, .STERADIAN. ) SOLID_ANGLE_UNIT ( ) );
#3835 = ORIENTED_EDGE ( 'NONE', *, *, #4298, .F. ) ;
#3836 = CARTESIAN_POINT ( 'NONE',  ( 1.240000000000000213, -1.510000000000000009, 0.2000000000000000111 ) ) ;
#3837 = VECTOR ( 'NONE', #1847, 1000.000000000000000 ) ;
#3838 =( LENGTH_UNIT ( ) NAMED_UNIT ( * ) SI_UNIT ( .MILLI., .METRE. ) );
#3839 = DIRECTION ( 'NONE',  ( 0.0000000000000000000, -1.000000000000000000, 0.0000000000000000000 ) ) ;
#3840 = CARTESIAN_POINT ( 'NONE',  ( 0.6987419892809358934, 0.2098626829940784255, -0.02000000000000000042 ) ) ;
#3841 = CARTESIAN_POINT ( 'NONE',  ( -0.5160269268056794090, 0.09498421971176863876, -0.01000000000000000021 ) ) ;
#3842 =( NAMED_UNIT ( * ) SI_UNIT ( $, .STERADIAN. ) SOLID_ANGLE_UNIT ( ) );
#3843 = ORIENTED_EDGE ( 'NONE', *, *, #2643, .F. ) ;
#3844 = SURFACE_STYLE_FILL_AREA ( #4907 ) ;
#3845 = CARTESIAN_POINT ( 'NONE',  ( -0.1207702058410154294, 0.2098626829940784255, -0.02000000000000000042 ) ) ;
#3846 = FILL_AREA_STYLE ('',( #3735 ) ) ;
#3847 =( GEOMETRIC_REPRESENTATION_CONTEXT ( 3 ) GLOBAL_UNCERTAINTY_ASSIGNED_CONTEXT ( ( #5604 ) ) GLOBAL_UNIT_ASSIGNED_CONTEXT ( ( #510, #3499, #2812 ) ) REPRESENTATION_CONTEXT ( 'NONE', 'WORKASPACE' ) );
#3848 = UNCERTAINTY_MEASURE_WITH_UNIT (LENGTH_MEASURE( 1.000000000000000082E-05 ), #3695, 'distance_accuracy_value', 'NONE');
#3849 = EDGE_CURVE ( 'NONE', #959, #2175, #4264, .T. ) ;
#3850 = ADVANCED_FACE ( 'NONE', ( #3740 ), #134, .F. ) ;
#3851 = PRESENTATION_LAYER_ASSIGNMENT (  '', '', ( #5425 ) ) ;
#3852 = VERTEX_POINT ( 'NONE', #2474 ) ;
#3853 = CARTESIAN_POINT ( 'NONE',  ( 0.2722175990370334087, -0.1950153657864094614, -0.02000000000000000042 ) ) ;
#3854 = VECTOR ( 'NONE', #6411, 1000.000000000000000 ) ;
#3855 = ORIENTED_EDGE ( 'NONE', *, *, #4038, .F. ) ;
#3856 = VECTOR ( 'NONE', #7153, 1000.000000000000000 ) ;
#3857 = CARTESIAN_POINT ( 'NONE',  ( -0.4710962543667324698, 0.1571695279546107826, -0.02000000000000000042 ) ) ;
#3858 = SURFACE_STYLE_USAGE ( .BOTH. , #5595 ) ;
#3859 = EDGE_CURVE ( 'NONE', #1566, #4955, #1293, .T. ) ;
#3860 = CARTESIAN_POINT ( 'NONE',  ( 0.6450834526955699921, 0.2098626829940784255, -0.02000000000000000042 ) ) ;
#3861 = DIRECTION ( 'NONE',  ( -1.000000000000000000, 0.0000000000000000000, 0.0000000000000000000 ) ) ;
#3862 = AXIS2_PLACEMENT_3D ( 'NONE', #528, #7494, #1000 ) ;
#3863 = ORIENTED_EDGE ( 'NONE', *, *, #5270, .T. ) ;
#3864 = CARTESIAN_POINT ( 'NONE',  ( -0.4711769861714714125, 0.06517457685518179833, -0.02000000000000000042 ) ) ;
#3865 = ORIENTED_EDGE ( 'NONE', *, *, #6734, .F. ) ;
#3866 = CARTESIAN_POINT ( 'NONE',  ( 0.4057309042663264087, -0.01167603988465215799, -0.01000000000000000021 ) ) ;
#3867 = DIRECTION ( 'NONE',  ( -1.000000000000000000, 0.0000000000000000000, -0.0000000000000000000 ) ) ;
#3868 = DIRECTION ( 'NONE',  ( -0.9407669869669987861, 0.3390537954853694580, 0.0000000000000000000 ) ) ;
#3869 = VERTEX_POINT ( 'NONE', #4791 ) ;
#3870 = DIRECTION ( 'NONE',  ( -0.0000000000000000000, 0.0000000000000000000, 1.000000000000000000 ) ) ;
#3871 = SURFACE_STYLE_FILL_AREA ( #4437 ) ;
#3872 = SURFACE_STYLE_USAGE ( .BOTH. , #5029 ) ;
#3873 = ORIENTED_EDGE ( 'NONE', *, *, #5004, .F. ) ;
#3874 = FILL_AREA_STYLE ('',( #6766 ) ) ;
#3875 = DIRECTION ( 'NONE',  ( -1.000000000000000000, 0.0000000000000000000, 0.0000000000000000000 ) ) ;
#3876 = FACE_OUTER_BOUND ( 'NONE', #5412, .T. ) ;
#3877 = CARTESIAN_POINT ( 'NONE',  ( 0.2187235157529946739, 0.1674252094094456078, -0.01000000000000000021 ) ) ;
#3878 = UNCERTAINTY_MEASURE_WITH_UNIT (LENGTH_MEASURE( 1.000000000000000082E-05 ), #6254, 'distance_accuracy_value', 'NONE');
#3879 =( NAMED_UNIT ( * ) SI_UNIT ( $, .STERADIAN. ) SOLID_ANGLE_UNIT ( ) );
#3880 = ORIENTED_EDGE ( 'NONE', *, *, #7156, .T. ) ;
#3881 = CARTESIAN_POINT ( 'NONE',  ( -0.3400000000000000799, 1.510000000000000009, 0.2000000000000000111 ) ) ;
#3882 = DIRECTION ( 'NONE',  ( 0.0000000000000000000, 0.0000000000000000000, -1.000000000000000000 ) ) ;
#3883 = CARTESIAN_POINT ( 'NONE',  ( 0.2984605158758424359, 0.2114237198613159174, -0.01000000000000000021 ) ) ;
#3884 = EDGE_CURVE ( 'NONE', #2243, #6796, #3002, .T. ) ;
#3885 = ADVANCED_FACE ( 'NONE', ( #1747 ), #6500, .T. ) ;
#3886 = PLANE ( 'NONE',  #961 ) ;
#3887 = STYLED_ITEM ( 'NONE', ( #3765 ), #6450 ) ;
#3888 = VERTEX_POINT ( 'NONE', #4127 ) ;
#3889 = AXIS2_PLACEMENT_3D ( 'NONE', #5636, #4619, #4073 ) ;
#3890 = ORIENTED_EDGE ( 'NONE', *, *, #5947, .F. ) ;
#3891 = CARTESIAN_POINT ( 'NONE',  ( -0.3288049270773114041, 0.2096988862130454434, -0.02000000000000000042 ) ) ;
#3892 = LINE ( 'NONE', #1033, #6641 ) ;
#3893 = SURFACE_STYLE_USAGE ( .BOTH. , #1078 ) ;
#3894 = ORIENTED_EDGE ( 'NONE', *, *, #6358, .F. ) ;
#3895 = LINE ( 'NONE', #1537, #5955 ) ;
#3896 = EDGE_CURVE ( 'NONE', #7257, #1566, #5583, .T. ) ;
#3897 = EDGE_CURVE ( 'NONE', #5036, #6142, #4681, .T. ) ;
#3898 = ORIENTED_EDGE ( 'NONE', *, *, #384, .F. ) ;
#3899 = DIRECTION ( 'NONE',  ( 0.0000000000000000000, 0.0000000000000000000, -1.000000000000000000 ) ) ;
#3900 = AXIS2_PLACEMENT_3D ( 'NONE', #14, #4526, #3495 ) ;
#3901 = AXIS2_PLACEMENT_3D ( 'NONE', #403, #4488, #3954 ) ;
#3902 = CARTESIAN_POINT ( 'NONE',  ( -0.1100000000000000699, 0.0000000000000000000, 0.0000000000000000000 ) ) ;
#3903 = ORIENTED_EDGE ( 'NONE', *, *, #6276, .T. ) ;
#3904 =( NAMED_UNIT ( * ) PLANE_ANGLE_UNIT ( ) SI_UNIT ( $, .RADIAN. ) );
#3905 = PLANE ( 'NONE',  #3547 ) ;
#3906 = MECHANICAL_DESIGN_GEOMETRIC_PRESENTATION_REPRESENTATION (  '', ( #3782 ), #1364 ) ;
#3907 = PRESENTATION_LAYER_ASSIGNMENT (  '', '', ( #2953 ) ) ;
#3908 = EDGE_LOOP ( 'NONE', ( #5958, #5173, #3186, #1913, #3079 ) ) ;
#3909 = SURFACE_SIDE_STYLE ('',( #971 ) ) ;
#3910 = LINE ( 'NONE', #6912, #2217 ) ;
#3911 = SURFACE_SIDE_STYLE ('',( #1591 ) ) ;
#3912 = UNCERTAINTY_MEASURE_WITH_UNIT (LENGTH_MEASURE( 1.000000000000000082E-05 ), #6540, 'distance_accuracy_value', 'NONE');
#3913 = VECTOR ( 'NONE', #2705, 1000.000000000000000 ) ;
#3914 = FILL_AREA_STYLE_COLOUR ( '', #6410 ) ;
#3915 = CARTESIAN_POINT ( 'NONE',  ( 0.2668288015835965643, -0.1949521642622522588, -0.01000000000000000021 ) ) ;
#3916 = ORIENTED_EDGE ( 'NONE', *, *, #188, .F. ) ;
#3917 = LINE ( 'NONE', #2273, #858 ) ;
#3918 =( NAMED_UNIT ( * ) SI_UNIT ( $, .STERADIAN. ) SOLID_ANGLE_UNIT ( ) );
#3919 =( LENGTH_UNIT ( ) NAMED_UNIT ( * ) SI_UNIT ( .MILLI., .METRE. ) );
#3920 = UNCERTAINTY_MEASURE_WITH_UNIT (LENGTH_MEASURE( 1.000000000000000082E-05 ), #4408, 'distance_accuracy_value', 'NONE');
#3921 = LINE ( 'NONE', #1029, #649 ) ;
#3922 = STYLED_ITEM ( 'NONE', ( #2573 ), #5053 ) ;
#3923 =( LENGTH_UNIT ( ) NAMED_UNIT ( * ) SI_UNIT ( .MILLI., .METRE. ) );
#3924 = EDGE_LOOP ( 'NONE', ( #5756, #6782, #3009, #2899 ) ) ;
#3925 = DIRECTION ( 'NONE',  ( -0.0000000000000000000, 0.0000000000000000000, 1.000000000000000000 ) ) ;
#3926 = DIRECTION ( 'NONE',  ( 0.0000000000000000000, 0.0000000000000000000, 1.000000000000000000 ) ) ;
#3927 = VERTEX_POINT ( 'NONE', #238 ) ;
#3928 = PRESENTATION_STYLE_ASSIGNMENT (( #1609 ) ) ;
#3929 = LINE ( 'NONE', #4134, #4159 ) ;
#3930 = ORIENTED_EDGE ( 'NONE', *, *, #7295, .T. ) ;
#3931 = VERTEX_POINT ( 'NONE', #6049 ) ;
#3932 = VECTOR ( 'NONE', #4538, 1000.000000000000000 ) ;
#3933 = CARTESIAN_POINT ( 'NONE',  ( 1.125000000000000222, -1.215000000000000080, 0.0000000000000000000 ) ) ;
#3934 = UNCERTAINTY_MEASURE_WITH_UNIT (LENGTH_MEASURE( 1.000000000000000082E-05 ), #4933, 'distance_accuracy_value', 'NONE');
#3935 = ORIENTED_EDGE ( 'NONE', *, *, #5082, .F. ) ;
#3936 = SURFACE_STYLE_FILL_AREA ( #4517 ) ;
#3937 = CIRCLE ( 'NONE', #647, 0.1150000000000000883 ) ;
#3938 = FACE_OUTER_BOUND ( 'NONE', #4709, .T. ) ;
#3939 = EDGE_CURVE ( 'NONE', #376, #1138, #1506, .T. ) ;
#3940 = FACE_OUTER_BOUND ( 'NONE', #158, .T. ) ;
#3941 = B_SPLINE_SURFACE_WITH_KNOTS ( 'NONE', 3, 1, ( 
 ( #6867, #5327 ),
 ( #4777, #1245 ),
 ( #5914, #4227 ),
 ( #4268, #2951 ),
 ( #3104, #1281 ),
 ( #7019, #6449 ),
 ( #1317, #3633 ),
 ( #116, #2370 ),
 ( #2530, #7092 ),
 ( #4702, #3562 ),
 ( #697, #6559 ),
 ( #7133, #155 ),
 ( #6604, #2414 ),
 ( #7170, #1357 ),
 ( #79, #2459 ),
 ( #1948, #3593 ),
 ( #5874, #6524 ),
 ( #3028, #1394 ),
 ( #2497, #3675 ) ),
 .UNSPECIFIED., .F., .F., .F.,
 ( 4, 1, 1, 1, 1, 1, 1, 1, 1, 1, 1, 1, 1, 1, 1, 1, 4 ),
 ( 2, 2 ),
 ( 0.0000000000000000000, 0.07082657255516341954, 0.1381690332797999854, 0.2024753315338422566, 0.2639737544135198899, 0.3233803205980371187, 0.3817976227131854583, 0.4393900745193891066, 0.4969027245459975983, 0.5546621696093703147, 0.6127418784921975226, 0.6715388363911724001, 0.7316557220901981351, 0.7942978116139531863, 0.8594822049793585661, 0.9276813254527899177, 1.000000000000000000 ),
 ( 0.0000000000000000000, 1.000000000000000000 ),
 .UNSPECIFIED. ) ;
#3942 = COLOUR_RGB ( '',0.0000000000000000000, 0.0000000000000000000, 0.0000000000000000000 ) ;
#3943 =( NAMED_UNIT ( * ) PLANE_ANGLE_UNIT ( ) SI_UNIT ( $, .RADIAN. ) );
#3944 =( NAMED_UNIT ( * ) PLANE_ANGLE_UNIT ( ) SI_UNIT ( $, .RADIAN. ) );
#3945 = ORIENTED_EDGE ( 'NONE', *, *, #5024, .T. ) ;
#3946 = DIRECTION ( 'NONE',  ( 0.0000000000000000000, 0.0000000000000000000, 1.000000000000000000 ) ) ;
#3947 = DIRECTION ( 'NONE',  ( -0.0000000000000000000, 0.0000000000000000000, 1.000000000000000000 ) ) ;
#3948 = ORIENTED_EDGE ( 'NONE', *, *, #633, .F. ) ;
#3949 = CARTESIAN_POINT ( 'NONE',  ( -0.7900000000000001465, -1.500000000000000000, 0.0000000000000000000 ) ) ;
#3950 = CARTESIAN_POINT ( 'NONE',  ( 0.3877408071955816826, 0.1702318828774309345, -0.02000000000000000042 ) ) ;
#3951 = EDGE_CURVE ( 'NONE', #4041, #6155, #1963, .T. ) ;
#3952 = ORIENTED_EDGE ( 'NONE', *, *, #4739, .F. ) ;
#3953 = DIRECTION ( 'NONE',  ( -0.0000000000000000000, 1.000000000000000000, -0.0000000000000000000 ) ) ;
#3954 = DIRECTION ( 'NONE',  ( 0.0000000000000000000, 0.0000000000000000000, 1.000000000000000000 ) ) ;
#3955 = FILL_AREA_STYLE_COLOUR ( '', #6145 ) ;
#3956 = AXIS2_PLACEMENT_3D ( 'NONE', #4996, #3335, #1013 ) ;
#3957 = CARTESIAN_POINT ( 'NONE',  ( 0.2562877209882529206, 0.2147407317745662070, -0.009999999999999995004 ) ) ;
#3958 = CARTESIAN_POINT ( 'NONE',  ( 0.3742841185649279367, 0.1147034820817927070, -0.02000000000000000042 ) ) ;
#3959 = VECTOR ( 'NONE', #5643, 1000.000000000000000 ) ;
#3960 = EDGE_LOOP ( 'NONE', ( #7277, #1661, #1260, #3894 ) ) ;
#3961 =( NAMED_UNIT ( * ) PLANE_ANGLE_UNIT ( ) SI_UNIT ( $, .RADIAN. ) );
#3962 = LINE ( 'NONE', #6292, #5343 ) ;
#3963 = VERTEX_POINT ( 'NONE', #275 ) ;
#3964 = ORIENTED_EDGE ( 'NONE', *, *, #6972, .F. ) ;
#3965 = STYLED_ITEM ( 'NONE', ( #38 ), #6047 ) ;
#3966 = MECHANICAL_DESIGN_GEOMETRIC_PRESENTATION_REPRESENTATION (  '', ( #7361 ), #5662 ) ;
#3967 =( GEOMETRIC_REPRESENTATION_CONTEXT ( 3 ) GLOBAL_UNCERTAINTY_ASSIGNED_CONTEXT ( ( #2309 ) ) GLOBAL_UNIT_ASSIGNED_CONTEXT ( ( #4266, #2020, #6069 ) ) REPRESENTATION_CONTEXT ( 'NONE', 'WORKASPACE' ) );
#3968 = PLANE ( 'NONE',  #3611 ) ;
#3969 = VERTEX_POINT ( 'NONE', #5428 ) ;
#3970 =( GEOMETRIC_REPRESENTATION_CONTEXT ( 3 ) GLOBAL_UNCERTAINTY_ASSIGNED_CONTEXT ( ( #7260 ) ) GLOBAL_UNIT_ASSIGNED_CONTEXT ( ( #3272, #2954, #2912 ) ) REPRESENTATION_CONTEXT ( 'NONE', 'WORKASPACE' ) );
#3971 = EDGE_LOOP ( 'NONE', ( #602, #503, #4900, #3539 ) ) ;
#3972 =( GEOMETRIC_REPRESENTATION_CONTEXT ( 3 ) GLOBAL_UNCERTAINTY_ASSIGNED_CONTEXT ( ( #5667 ) ) GLOBAL_UNIT_ASSIGNED_CONTEXT ( ( #3455, #7481, #1779 ) ) REPRESENTATION_CONTEXT ( 'NONE', 'WORKASPACE' ) );
#3973 = DIRECTION ( 'NONE',  ( 1.000000000000000000, -0.0000000000000000000, -0.0000000000000000000 ) ) ;
#3974 = SURFACE_STYLE_USAGE ( .BOTH. , #7397 ) ;
#3975 = ORIENTED_EDGE ( 'NONE', *, *, #5649, .F. ) ;
#3976 = EDGE_CURVE ( 'NONE', #2831, #1407, #825, .T. ) ;
#3977 = PLANE ( 'NONE',  #589 ) ;
#3978 = SURFACE_SIDE_STYLE ('',( #3871 ) ) ;
#3979 =( NAMED_UNIT ( * ) PLANE_ANGLE_UNIT ( ) SI_UNIT ( $, .RADIAN. ) );
#3980 = EDGE_LOOP ( 'NONE', ( #6004, #2767, #5671, #1366 ) ) ;
#3981 = DIRECTION ( 'NONE',  ( 0.0000000000000000000, 0.0000000000000000000, -1.000000000000000000 ) ) ;
#3982 = EDGE_CURVE ( 'NONE', #5072, #3626, #7148, .T. ) ;
#3983 = CARTESIAN_POINT ( 'NONE',  ( 0.6750000000000000444, 1.215000000000000080, 0.0000000000000000000 ) ) ;
#3984 = ORIENTED_EDGE ( 'NONE', *, *, #1982, .T. ) ;
#3985 = PRESENTATION_STYLE_ASSIGNMENT (( #3264 ) ) ;
#3986 = CARTESIAN_POINT ( 'NONE',  ( 0.4024919890846187509, 0.1565624802769368107, -0.02000000000000000042 ) ) ;
#3987 = VERTEX_POINT ( 'NONE', #4899 ) ;
#3988 = SURFACE_STYLE_FILL_AREA ( #2200 ) ;
#3989 = FILL_AREA_STYLE_COLOUR ( '', #7312 ) ;
#3990 = CARTESIAN_POINT ( 'NONE',  ( 0.3644406826545871225, 0.1262887235924114171, -0.009999999999999995004 ) ) ;
#3991 = EDGE_CURVE ( 'NONE', #3491, #203, #7287, .T. ) ;
#3992 = SURFACE_SIDE_STYLE ('',( #4061 ) ) ;
#3993 = CARTESIAN_POINT ( 'NONE',  ( -0.5305263034019911395, 0.01489317079895642083, -0.01000000000000000021 ) ) ;
#3994 = CARTESIAN_POINT ( 'NONE',  ( 0.7900000000000001465, -1.500000000000000000, 0.2000000000000000111 ) ) ;
#3995 = CARTESIAN_POINT ( 'NONE',  ( 1.240000000000000213, 1.215000000000000080, -0.02000000000000000042 ) ) ;
#3996 = ORIENTED_EDGE ( 'NONE', *, *, #25, .F. ) ;
#3997 = SURFACE_STYLE_FILL_AREA ( #5197 ) ;
#3998 = CARTESIAN_POINT ( 'NONE',  ( 1.010000000000000009, 1.215000000000000080, -0.02000000000000000042 ) ) ;
#3999 = VERTEX_POINT ( 'NONE', #4831 ) ;
#4000 = EDGE_LOOP ( 'NONE', ( #876, #3393, #4621, #6909 ) ) ;
#4001 = CARTESIAN_POINT ( 'NONE',  ( -0.3288049270773114041, 0.2096988862130454434, -0.02000000000000000042 ) ) ;
#4002 = ORIENTED_EDGE ( 'NONE', *, *, #6504, .F. ) ;
#4003 = SURFACE_STYLE_FILL_AREA ( #1682 ) ;
#4004 =( NAMED_UNIT ( * ) PLANE_ANGLE_UNIT ( ) SI_UNIT ( $, .RADIAN. ) );
#4005 = VERTEX_POINT ( 'NONE', #1923 ) ;
#4006 = SURFACE_STYLE_FILL_AREA ( #6265 ) ;
#4007 = COLOUR_RGB ( '',0.7529411764705882248, 0.7529411764705882248, 0.7529411764705882248 ) ;
#4008 = CARTESIAN_POINT ( 'NONE',  ( -0.6565171570605277118, -0.07794219505470212361, -0.02000000000000000042 ) ) ;
#4009 = DIRECTION ( 'NONE',  ( 0.0000000000000000000, 0.0000000000000000000, 1.000000000000000000 ) ) ;
#4010 = VECTOR ( 'NONE', #6235, 1000.000000000000000 ) ;
#4011 = ORIENTED_EDGE ( 'NONE', *, *, #5134, .T. ) ;
#4012 = EDGE_CURVE ( 'NONE', #552, #3969, #7094, .T. ) ;
#4013 = ORIENTED_EDGE ( 'NONE', *, *, #3656, .F. ) ;
#4014 = VECTOR ( 'NONE', #1415, 1000.000000000000000 ) ;
#4015 = SURFACE_STYLE_FILL_AREA ( #2808 ) ;
#4016 = ORIENTED_EDGE ( 'NONE', *, *, #3788, .T. ) ;
#4017 = CARTESIAN_POINT ( 'NONE',  ( -0.7430606779380006799, 0.1346293484826396325, -0.02000000000000000042 ) ) ;
#4018 = CARTESIAN_POINT ( 'NONE',  ( 1.010000000000000009, -1.215000000000000080, 0.2000000000000000111 ) ) ;
#4019 = CARTESIAN_POINT ( 'NONE',  ( 0.3182413613882356662, 0.2068741592662496909, -0.02000000000000000042 ) ) ;
#4020 = PRESENTATION_LAYER_ASSIGNMENT (  '', '', ( #5098 ) ) ;
#4021 =( GEOMETRIC_REPRESENTATION_CONTEXT ( 3 ) GLOBAL_UNCERTAINTY_ASSIGNED_CONTEXT ( ( #4367 ) ) GLOBAL_UNIT_ASSIGNED_CONTEXT ( ( #3527, #8, #7095 ) ) REPRESENTATION_CONTEXT ( 'NONE', 'WORKASPACE' ) );
#4022 = EDGE_LOOP ( 'NONE', ( #1639, #6279, #6371, #2626 ) ) ;
#4023 = AXIS2_PLACEMENT_3D ( 'NONE', #2590, #286, #7224 ) ;
#4024 = EDGE_CURVE ( 'NONE', #658, #1508, #167, .T. ) ;
#4025 = CARTESIAN_POINT ( 'NONE',  ( 0.4059205366598896414, 0.01177282668827888713, -0.02000000000000000042 ) ) ;
#4026 = PRESENTATION_STYLE_ASSIGNMENT (( #634 ) ) ;
#4027 = CARTESIAN_POINT ( 'NONE',  ( -0.3400022599743441343, -0.1897273036841979066, -0.01000000000000000021 ) ) ;
#4028 = VECTOR ( 'NONE', #1585, 1000.000000000000000 ) ;
#4029 =( GEOMETRIC_REPRESENTATION_CONTEXT ( 3 ) GLOBAL_UNCERTAINTY_ASSIGNED_CONTEXT ( ( #6799 ) ) GLOBAL_UNIT_ASSIGNED_CONTEXT ( ( #5391, #4795, #3577 ) ) REPRESENTATION_CONTEXT ( 'NONE', 'WORKASPACE' ) );
#4030 = CARTESIAN_POINT ( 'NONE',  ( -1.010000000000000009, 1.500000000000000000, 0.2000000000000000111 ) ) ;
#4031 = EDGE_CURVE ( 'NONE', #4272, #3075, #790, .T. ) ;
#4032 = FILL_AREA_STYLE_COLOUR ( '', #5758 ) ;
#4033 = EDGE_CURVE ( 'NONE', #330, #6577, #2512, .T. ) ;
#4034 = STYLED_ITEM ( 'NONE', ( #1598 ), #2865 ) ;
#4035 = FACE_OUTER_BOUND ( 'NONE', #6675, .T. ) ;
#4036 = CARTESIAN_POINT ( 'NONE',  ( 0.5600000000000000533, -1.215000000000000080, 0.2000000000000000111 ) ) ;
#4037 = ORIENTED_EDGE ( 'NONE', *, *, #4485, .T. ) ;
#4038 = EDGE_CURVE ( 'NONE', #4417, #2095, #1999, .T. ) ;
#4039 = LINE ( 'NONE', #4103, #2224 ) ;
#4040 = PLANE ( 'NONE',  #3169 ) ;
#4041 = VERTEX_POINT ( 'NONE', #4281 ) ;
#4042 = DIRECTION ( 'NONE',  ( 0.0000000000000000000, 1.000000000000000000, -0.0000000000000000000 ) ) ;
#4043 = FACE_OUTER_BOUND ( 'NONE', #7409, .T. ) ;
#4044 = ORIENTED_EDGE ( 'NONE', *, *, #6027, .F. ) ;
#4045 =( NAMED_UNIT ( * ) PLANE_ANGLE_UNIT ( ) SI_UNIT ( $, .RADIAN. ) );
#4046 = CARTESIAN_POINT ( 'NONE',  ( -0.6750000000000000444, 1.215000000000000080, 0.2000000000000000111 ) ) ;
#4047 = LINE ( 'NONE', #1211, #6458 ) ;
#4048 = PLANE ( 'NONE',  #6391 ) ;
#4049 = VERTEX_POINT ( 'NONE', #3119 ) ;
#4050 = ORIENTED_EDGE ( 'NONE', *, *, #3064, .T. ) ;
#4051 = LINE ( 'NONE', #6532, #3830 ) ;
#4052 = CARTESIAN_POINT ( 'NONE',  ( -0.4214636352960038357, -0.1685987685878766185, -0.009999999999999995004 ) ) ;
#4053 = VERTEX_POINT ( 'NONE', #319 ) ;
#4054 = FACE_OUTER_BOUND ( 'NONE', #5879, .T. ) ;
#4055 = SURFACE_STYLE_FILL_AREA ( #6955 ) ;
#4056 = UNCERTAINTY_MEASURE_WITH_UNIT (LENGTH_MEASURE( 1.000000000000000082E-05 ), #6302, 'distance_accuracy_value', 'NONE');
#4057 = PRESENTATION_LAYER_ASSIGNMENT (  '', '', ( #4797 ) ) ;
#4058 = EDGE_LOOP ( 'NONE', ( #2532, #2763, #1849, #1475 ) ) ;
#4059 =( NAMED_UNIT ( * ) PLANE_ANGLE_UNIT ( ) SI_UNIT ( $, .RADIAN. ) );
#4060 = CARTESIAN_POINT ( 'NONE',  ( 0.3162529258457173476, 0.1599786145067947085, -0.02000000000000000042 ) ) ;
#4061 = SURFACE_STYLE_FILL_AREA ( #6963 ) ;
#4062 = CARTESIAN_POINT ( 'NONE',  ( 0.4520456550992995592, 0.06871807789104632247, -0.009999999999999995004 ) ) ;
#4063 = FILL_AREA_STYLE ('',( #4032 ) ) ;
#4064 = DIRECTION ( 'NONE',  ( 1.000000000000000000, 0.0000000000000000000, 0.0000000000000000000 ) ) ;
#4065 =( LENGTH_UNIT ( ) NAMED_UNIT ( * ) SI_UNIT ( .MILLI., .METRE. ) );
#4066 = CARTESIAN_POINT ( 'NONE',  ( 0.1099999999999999034, -1.510000000000000009, 0.2000000000000000111 ) ) ;
#4067 = ORIENTED_EDGE ( 'NONE', *, *, #3808, .F. ) ;
#4068 = EDGE_CURVE ( 'NONE', #2837, #5919, #2542, .T. ) ;
#4069 = SURFACE_STYLE_FILL_AREA ( #3588 ) ;
#4070 = CYLINDRICAL_SURFACE ( 'NONE', #190, 0.1150000000000000883 ) ;
#4071 = SURFACE_STYLE_USAGE ( .BOTH. , #3665 ) ;
#4072 = ORIENTED_EDGE ( 'NONE', *, *, #5234, .F. ) ;
#4073 = DIRECTION ( 'NONE',  ( 1.000000000000000000, 0.0000000000000000000, -0.0000000000000000000 ) ) ;
#4074 = PRESENTATION_LAYER_ASSIGNMENT (  '', '', ( #1305 ) ) ;
#4075 = AXIS2_PLACEMENT_3D ( 'NONE', #7146, #3039, #4865 ) ;
#4076 = LINE ( 'NONE', #6416, #4133 ) ;
#4077 = B_SPLINE_CURVE_WITH_KNOTS ( 'NONE', 3,
 ( #5479, #2596, #4915, #7228, #3206, #7382, #2708, #5009, #1069, #519, #5585, #408, #6214, #2278, #7341, #5159, #3429, #2780, #7487 ),
 .UNSPECIFIED., .F., .F.,
 ( 4, 1, 1, 1, 1, 1, 1, 1, 1, 1, 1, 1, 1, 1, 1, 1, 4 ),
 ( 0.0000000000000000000, 0.07430379644281594198, 0.1443936103644179736, 0.2104994961032796985, 0.2735426065034679555, 0.3338247445790732404, 0.3925296724085029498, 0.4500874545995855458, 0.5078206115557879485, 0.5654649127768468508, 0.6231487223336199532, 0.6812971927909358127, 0.7409134981565812517, 0.8018557521958583623, 0.8652412377209435235, 0.9309416570467442531, 1.000000000000000000 ),
 .UNSPECIFIED. ) ;
#4078 = DIRECTION ( 'NONE',  ( 0.0000000000000000000, 0.0000000000000000000, -1.000000000000000000 ) ) ;
#4079 = STYLED_ITEM ( 'NONE', ( #3928 ), #1155 ) ;
#4080 = FILL_AREA_STYLE ('',( #2802 ) ) ;
#4081 = VECTOR ( 'NONE', #4609, 1000.000000000000000 ) ;
#4082 = CARTESIAN_POINT ( 'NONE',  ( 0.4473310068520546245, -0.07797367521898607157, -0.009999999999999991535 ) ) ;
#4083 = ORIENTED_EDGE ( 'NONE', *, *, #4204, .T. ) ;
#4084 = ORIENTED_EDGE ( 'NONE', *, *, #7056, .T. ) ;
#4085 = LINE ( 'NONE', #2303, #1994 ) ;
#4086 = VERTEX_POINT ( 'NONE', #1474 ) ;
#4087 = SURFACE_STYLE_USAGE ( .BOTH. , #1778 ) ;
#4088 = FACE_OUTER_BOUND ( 'NONE', #5601, .T. ) ;
#4089 = SURFACE_STYLE_USAGE ( .BOTH. , #1780 ) ;
#4090 = LINE ( 'NONE', #709, #1473 ) ;
#4091 = CARTESIAN_POINT ( 'NONE',  ( -1.499999999999999778, 1.500000000000000000, 0.1999999999999999833 ) ) ;
#4092 = DIRECTION ( 'NONE',  ( 0.0000000000000000000, -0.0000000000000000000, 1.000000000000000000 ) ) ;
#4093 = DIRECTION ( 'NONE',  ( -0.0000000000000000000, -1.000000000000000000, 0.0000000000000000000 ) ) ;
#4094 = LINE ( 'NONE', #3544, #1094 ) ;
#4095 = SURFACE_STYLE_FILL_AREA ( #4063 ) ;
#4096 = CARTESIAN_POINT ( 'NONE',  ( -0.8217610594995520268, -0.07794219505470212361, -0.02000000000000000042 ) ) ;
#4097 = LINE ( 'NONE', #2521, #2949 ) ;
#4098 = DIRECTION ( 'NONE',  ( -0.0000000000000000000, 0.0000000000000000000, -1.000000000000000000 ) ) ;
#4099 = EDGE_CURVE ( 'NONE', #3737, #3413, #3723, .T. ) ;
#4100 = VERTEX_POINT ( 'NONE', #6127 ) ;
#4101 = DIRECTION ( 'NONE',  ( 0.0000000000000000000, -0.0000000000000000000, 1.000000000000000000 ) ) ;
#4102 = CARTESIAN_POINT ( 'NONE',  ( -0.3400000000000000799, -1.215000000000000080, 0.2000000000000000111 ) ) ;
#4103 = CARTESIAN_POINT ( 'NONE',  ( 0.0000000000000000000, -0.07794219505470212361, -0.01000000000000000021 ) ) ;
#4104 =( LENGTH_UNIT ( ) NAMED_UNIT ( * ) SI_UNIT ( .MILLI., .METRE. ) );
#4105 = DIRECTION ( 'NONE',  ( -1.000000000000000000, 0.0000000000000000000, 0.0000000000000000000 ) ) ;
#4106 = PLANE ( 'NONE',  #6080 ) ;
#4107 = PRESENTATION_LAYER_ASSIGNMENT (  '', '', ( #1819 ) ) ;
#4108 = DIRECTION ( 'NONE',  ( 0.0000000000000000000, -1.000000000000000000, 0.0000000000000000000 ) ) ;
#4109 = CIRCLE ( 'NONE', #3646, 0.1150000000000000883 ) ;
#4110 = ADVANCED_FACE ( 'NONE', ( #6649 ), #2612, .T. ) ;
#4111 = EDGE_CURVE ( 'NONE', #3254, #3491, #295, .T. ) ;
#4112 = CARTESIAN_POINT ( 'NONE',  ( 0.4473310068520546245, -0.07797367521898607157, -0.02000000000000000042 ) ) ;
#4113 = CARTESIAN_POINT ( 'NONE',  ( -1.499999999999999334, -1.500000000000000000, 0.0000000000000000000 ) ) ;
#4114 = ORIENTED_EDGE ( 'NONE', *, *, #5929, .T. ) ;
#4115 = EDGE_LOOP ( 'NONE', ( #6643, #3948, #7308, #4402 ) ) ;
#4116 = CARTESIAN_POINT ( 'NONE',  ( 0.6450834526955699921, 0.2098626829940784255, -0.02000000000000000042 ) ) ;
#4117 = FILL_AREA_STYLE_COLOUR ( '', #7050 ) ;
#4118 = ORIENTED_EDGE ( 'NONE', *, *, #6188, .T. ) ;
#4119 = SURFACE_STYLE_USAGE ( .BOTH. , #706 ) ;
#4120 = VECTOR ( 'NONE', #6068, 1000.000000000000000 ) ;
#4121 = PRESENTATION_LAYER_ASSIGNMENT (  '', '', ( #7521 ) ) ;
#4122 = DIRECTION ( 'NONE',  ( -0.0000000000000000000, 1.000000000000000000, -0.0000000000000000000 ) ) ;
#4123 = AXIS2_PLACEMENT_3D ( 'NONE', #5454, #3868, #387 ) ;
#4124 = COLOUR_RGB ( '',0.7529411764705882248, 0.7529411764705882248, 0.7529411764705882248 ) ;
#4125 = DIRECTION ( 'NONE',  ( -0.0000000000000000000, 0.0000000000000000000, 1.000000000000000000 ) ) ;
#4126 = MECHANICAL_DESIGN_GEOMETRIC_PRESENTATION_REPRESENTATION (  '', ( #3537 ), #4508 ) ;
#4127 = CARTESIAN_POINT ( 'NONE',  ( -1.190000000000000169, -0.5749999999999998446, -0.02000000000000000042 ) ) ;
#4128 = ORIENTED_EDGE ( 'NONE', *, *, #5270, .F. ) ;
#4129 = DIRECTION ( 'NONE',  ( 1.000000000000000000, -0.0000000000000000000, -0.0000000000000000000 ) ) ;
#4130 = CARTESIAN_POINT ( 'NONE',  ( 0.3399999999999999134, -1.500000000000000000, 0.2000000000000000111 ) ) ;
#4131 = CARTESIAN_POINT ( 'NONE',  ( 0.1718320771140527670, 0.2028145532054540512, -0.02000000000000000042 ) ) ;
#4132 = PRESENTATION_STYLE_ASSIGNMENT (( #713 ) ) ;
#4133 = VECTOR ( 'NONE', #7131, 1000.000000000000000 ) ;
#4134 = CARTESIAN_POINT ( 'NONE',  ( -0.7900000000000001465, 0.0000000000000000000, 0.0000000000000000000 ) ) ;
#4135 = MECHANICAL_DESIGN_GEOMETRIC_PRESENTATION_REPRESENTATION (  '', ( #6702 ), #486 ) ;
#4136 = FILL_AREA_STYLE ('',( #5311 ) ) ;
#4137 = CARTESIAN_POINT ( 'NONE',  ( -0.4229561810290008439, 0.1368748453106870822, -0.01000000000000000021 ) ) ;
#4138 = PLANE ( 'NONE',  #6218 ) ;
#4139 = FILL_AREA_STYLE ('',( #144 ) ) ;
#4140 = STYLED_ITEM ( 'NONE', ( #2582 ), #7496 ) ;
#4141 = LINE ( 'NONE', #1271, #6693 ) ;
#4142 = MECHANICAL_DESIGN_GEOMETRIC_PRESENTATION_REPRESENTATION (  '', ( #3419 ), #4388 ) ;
#4143 = VECTOR ( 'NONE', #6349, 1000.000000000000000 ) ;
#4144 = ORIENTED_EDGE ( 'NONE', *, *, #4267, .T. ) ;
#4145 = VECTOR ( 'NONE', #4683, 1000.000000000000000 ) ;
#4146 = LINE ( 'NONE', #5904, #3854 ) ;
#4147 = CARTESIAN_POINT ( 'NONE',  ( 0.7900000000000001465, 1.215000000000000080, -0.02000000000000000042 ) ) ;
#4148 = CARTESIAN_POINT ( 'NONE',  ( -0.7296878887678448500, 0.1330334147013954305, -0.02000000000000000042 ) ) ;
#4149 = LINE ( 'NONE', #76, #2192 ) ;
#4150 = DIRECTION ( 'NONE',  ( -0.0000000000000000000, 0.0000000000000000000, -1.000000000000000000 ) ) ;
#4151 = DIRECTION ( 'NONE',  ( -1.000000000000000000, 0.0000000000000000000, 0.0000000000000000000 ) ) ;
#4152 = SURFACE_SIDE_STYLE ('',( #7052 ) ) ;
#4153 = CARTESIAN_POINT ( 'NONE',  ( -0.3400000000000000799, -1.215000000000000080, 0.0000000000000000000 ) ) ;
#4154 = DIRECTION ( 'NONE',  ( -0.0000000000000000000, -1.000000000000000000, 0.0000000000000000000 ) ) ;
#4155 = EDGE_LOOP ( 'NONE', ( #6980, #6074, #5179, #1214, #4578, #3336 ) ) ;
#4156 = ORIENTED_EDGE ( 'NONE', *, *, #5848, .F. ) ;
#4157 = DIRECTION ( 'NONE',  ( -1.000000000000000000, 0.0000000000000000000, 0.0000000000000000000 ) ) ;
#4158 = CARTESIAN_POINT ( 'NONE',  ( -0.5303647565209330672, 0.007338136996416594511, -0.009999999999999995004 ) ) ;
#4159 = VECTOR ( 'NONE', #3360, 1000.000000000000000 ) ;
#4160 = ORIENTED_EDGE ( 'NONE', *, *, #5177, .F. ) ;
#4161 = CARTESIAN_POINT ( 'NONE',  ( -0.7373860594995520490, 0.1610821951892003334, -0.02000000000000000042 ) ) ;
#4162 = EDGE_CURVE ( 'NONE', #3969, #283, #2729, .T. ) ;
#4163 = ADVANCED_FACE ( 'NONE', ( #1088 ), #6307, .T. ) ;
#4164 =( LENGTH_UNIT ( ) NAMED_UNIT ( * ) SI_UNIT ( .MILLI., .METRE. ) );
#4165 = SURFACE_STYLE_FILL_AREA ( #133 ) ;
#4166 = ORIENTED_EDGE ( 'NONE', *, *, #2963, .F. ) ;
#4167 = CARTESIAN_POINT ( 'NONE',  ( -0.2250000000000000888, 1.215000000000000080, 0.2000000000000000111 ) ) ;
#4168 = CARTESIAN_POINT ( 'NONE',  ( 0.2612501486608863055, 0.1707217583157849272, -0.009999999999999995004 ) ) ;
#4169 = UNCERTAINTY_MEASURE_WITH_UNIT (LENGTH_MEASURE( 1.000000000000000082E-05 ), #1727, 'distance_accuracy_value', 'NONE');
#4170 = EDGE_CURVE ( 'NONE', #2537, #3888, #5732, .T. ) ;
#4171 = PRESENTATION_LAYER_ASSIGNMENT (  '', '', ( #3333 ) ) ;
#4172 = LINE ( 'NONE', #675, #3145 ) ;
#4173 =( GEOMETRIC_REPRESENTATION_CONTEXT ( 3 ) GLOBAL_UNCERTAINTY_ASSIGNED_CONTEXT ( ( #6722 ) ) GLOBAL_UNIT_ASSIGNED_CONTEXT ( ( #2392, #1183, #6393 ) ) REPRESENTATION_CONTEXT ( 'NONE', 'WORKASPACE' ) );
#4174 = CARTESIAN_POINT ( 'NONE',  ( -0.3190171570605275786, -0.1462348779815314248, -0.02000000000000000042 ) ) ;
#4175 = DIRECTION ( 'NONE',  ( -0.0000000000000000000, -0.0000000000000000000, -1.000000000000000000 ) ) ;
#4176 = VECTOR ( 'NONE', #2158, 1000.000000000000000 ) ;
#4177 = SURFACE_SIDE_STYLE ('',( #3698 ) ) ;
#4178 = PRESENTATION_STYLE_ASSIGNMENT (( #7005 ) ) ;
#4179 = ORIENTED_EDGE ( 'NONE', *, *, #2119, .T. ) ;
#4180 = PLANE ( 'NONE',  #4938 ) ;
#4181 = SURFACE_SIDE_STYLE ('',( #604 ) ) ;
#4182 = LINE ( 'NONE', #4102, #1538 ) ;
#4183 =( LENGTH_UNIT ( ) NAMED_UNIT ( * ) SI_UNIT ( .MILLI., .METRE. ) );
#4184 = CARTESIAN_POINT ( 'NONE',  ( -0.8217610594995520268, -0.07794219505470212361, -0.01000000000000000021 ) ) ;
#4185 =( LENGTH_UNIT ( ) NAMED_UNIT ( * ) SI_UNIT ( .MILLI., .METRE. ) );
#4186 = CARTESIAN_POINT ( 'NONE',  ( -0.1110141082800398804, 0.03425292689651740496, -0.01000000000000000021 ) ) ;
#4187 = PRESENTATION_LAYER_ASSIGNMENT (  '', '', ( #5275 ) ) ;
#4188 = CARTESIAN_POINT ( 'NONE',  ( -0.1110141082800398804, 0.03425292689651740496, -0.02000000000000000042 ) ) ;
#4189 = CARTESIAN_POINT ( 'NONE',  ( 0.4209183466921579408, -0.1270203340718689955, -0.009999999999999991535 ) ) ;
#4190 = FILL_AREA_STYLE ('',( #5376 ) ) ;
#4191 = ORIENTED_EDGE ( 'NONE', *, *, #1888, .F. ) ;
#4192 = ORIENTED_EDGE ( 'NONE', *, *, #3116, .F. ) ;
#4193 = CARTESIAN_POINT ( 'NONE',  ( 1.189999999999999947, 0.8250000000000000666, -0.02000000000000000042 ) ) ;
#4194 = CARTESIAN_POINT ( 'NONE',  ( -0.8037732546215033969, -0.03403975603031187541, -0.01000000000000000021 ) ) ;
#4195 = EDGE_CURVE ( 'NONE', #1007, #6717, #1658, .T. ) ;
#4196 = CARTESIAN_POINT ( 'NONE',  ( -0.5597945960849178837, -0.1901373170059216522, -0.02000000000000000042 ) ) ;
#4197 = VERTEX_POINT ( 'NONE', #2110 ) ;
#4198 = ADVANCED_FACE ( 'NONE', ( #2189 ), #2842, .T. ) ;
#4199 = LINE ( 'NONE', #3685, #6282 ) ;
#4200 = DIRECTION ( 'NONE',  ( 1.000000000000000000, 0.0000000000000000000, 0.0000000000000000000 ) ) ;
#4201 = VECTOR ( 'NONE', #5340, 1000.000000000000114 ) ;
#4202 = PRESENTATION_LAYER_ASSIGNMENT (  '', '', ( #6522 ) ) ;
#4203 = COLOUR_RGB ( '',0.0000000000000000000, 0.0000000000000000000, 0.0000000000000000000 ) ;
#4204 = EDGE_CURVE ( 'NONE', #6075, #3182, #4629, .T. ) ;
#4205 = SURFACE_SIDE_STYLE ('',( #7111 ) ) ;
#4206 = ORIENTED_EDGE ( 'NONE', *, *, #912, .F. ) ;
#4207 = DIRECTION ( 'NONE',  ( -0.0000000000000000000, 0.0000000000000000000, 1.000000000000000000 ) ) ;
#4208 = CARTESIAN_POINT ( 'NONE',  ( 0.3419304276319259372, 0.1458434794438727145, -0.02000000000000000042 ) ) ;
#4209 = SURFACE_SIDE_STYLE ('',( #1889 ) ) ;
#4210 = CYLINDRICAL_SURFACE ( 'NONE', #1430, 0.1150000000000000328 ) ;
#4211 = SURFACE_STYLE_FILL_AREA ( #2588 ) ;
#4212 = VECTOR ( 'NONE', #6488, 1000.000000000000000 ) ;
#4213 = CARTESIAN_POINT ( 'NONE',  ( 0.4456817813635765013, 0.08865043496282382085, -0.009999999999999995004 ) ) ;
#4214 = CARTESIAN_POINT ( 'NONE',  ( -0.3980413114374459216, 0.1512842095115872754, -0.02000000000000000042 ) ) ;
#4215 = FILL_AREA_STYLE ('',( #7489 ) ) ;
#4216 = EDGE_CURVE ( 'NONE', #7459, #4397, #6557, .T. ) ;
#4217 = UNCERTAINTY_MEASURE_WITH_UNIT (LENGTH_MEASURE( 1.000000000000000082E-05 ), #2752, 'distance_accuracy_value', 'NONE');
#4218 = PRESENTATION_STYLE_ASSIGNMENT (( #1900 ) ) ;
#4219 = ORIENTED_EDGE ( 'NONE', *, *, #1807, .T. ) ;
#4220 = SURFACE_SIDE_STYLE ('',( #5318 ) ) ;
#4221 = DIRECTION ( 'NONE',  ( -1.000000000000000000, 0.0000000000000000000, 0.0000000000000000000 ) ) ;
#4222 = CARTESIAN_POINT ( 'NONE',  ( -0.9399999999999997247, -0.8249999999999998446, 0.0000000000000000000 ) ) ;
#4223 = CARTESIAN_POINT ( 'NONE',  ( -0.7373860594995520490, 0.1610821951892003334, -0.01000000000000000021 ) ) ;
#4224 = CARTESIAN_POINT ( 'NONE',  ( 0.3399999999999999134, 1.215000000000000080, -0.02000000000000000042 ) ) ;
#4225 = SURFACE_STYLE_USAGE ( .BOTH. , #2368 ) ;
#4226 = CARTESIAN_POINT ( 'NONE',  ( -0.3619454841884987006, -0.1869359362408460623, -0.02000000000000000042 ) ) ;
#4227 = CARTESIAN_POINT ( 'NONE',  ( -0.3368017571069141236, -0.1458504362109674657, -0.02000000000000000042 ) ) ;
#4228 = PRODUCT_DEFINITION_CONTEXT ( 'detailed design', #1828, 'design' ) ;
#4229 = VERTEX_POINT ( 'NONE', #3528 ) ;
#4230 = VERTEX_POINT ( 'NONE', #3489 ) ;
#4231 = DIRECTION ( 'NONE',  ( 0.0000000000000000000, -1.000000000000000000, 0.0000000000000000000 ) ) ;
#4232 = FACE_OUTER_BOUND ( 'NONE', #2144, .T. ) ;
#4233 = SURFACE_SIDE_STYLE ('',( #1252 ) ) ;
#4234 = ORIENTED_EDGE ( 'NONE', *, *, #3939, .T. ) ;
#4235 = CARTESIAN_POINT ( 'NONE',  ( -0.4710962543667324698, 0.1571695279546107826, -0.01000000000000000021 ) ) ;
#4236 = DIRECTION ( 'NONE',  ( -0.3635424856527063042, -0.9315776194850602376, 0.0000000000000000000 ) ) ;
#4237 =( GEOMETRIC_REPRESENTATION_CONTEXT ( 3 ) GLOBAL_UNCERTAINTY_ASSIGNED_CONTEXT ( ( #7339 ) ) GLOBAL_UNIT_ASSIGNED_CONTEXT ( ( #4493, #5123, #3351 ) ) REPRESENTATION_CONTEXT ( 'NONE', 'WORKASPACE' ) );
#4238 = EDGE_CURVE ( 'NONE', #959, #6530, #2375, .T. ) ;
#4239 = LINE ( 'NONE', #5386, #5849 ) ;
#4240 = CARTESIAN_POINT ( 'NONE',  ( 0.2425575115995259601, 0.2146423099744507179, -0.01000000000000000021 ) ) ;
#4241 = ORIENTED_EDGE ( 'NONE', *, *, #6147, .F. ) ;
#4242 = LINE ( 'NONE', #3121, #5881 ) ;
#4243 = FILL_AREA_STYLE ('',( #3194 ) ) ;
#4244 = CARTESIAN_POINT ( 'NONE',  ( 0.1621566234272772411, 0.1988870732379808270, -0.01000000000000000021 ) ) ;
#4245 = DIRECTION ( 'NONE',  ( 0.0000000000000000000, 0.0000000000000000000, -1.000000000000000000 ) ) ;
#4246 = DIRECTION ( 'NONE',  ( 0.0000000000000000000, 0.0000000000000000000, -1.000000000000000000 ) ) ;
#4247 =( GEOMETRIC_REPRESENTATION_CONTEXT ( 3 ) GLOBAL_UNCERTAINTY_ASSIGNED_CONTEXT ( ( #6083 ) ) GLOBAL_UNIT_ASSIGNED_CONTEXT ( ( #3923, #1638, #6815 ) ) REPRESENTATION_CONTEXT ( 'NONE', 'WORKASPACE' ) );
#4248 = CARTESIAN_POINT ( 'NONE',  ( -0.4767366545836608238, 0.01987823217104281101, -0.01000000000000000021 ) ) ;
#4249 = FILL_AREA_STYLE_COLOUR ( '', #2199 ) ;
#4250 = CARTESIAN_POINT ( 'NONE',  ( 0.2699629763585933429, -0.1509804875284658232, -0.02000000000000000042 ) ) ;
#4251 = PRESENTATION_LAYER_ASSIGNMENT (  '', '', ( #6446 ) ) ;
#4252 = COLOUR_RGB ( '',0.0000000000000000000, 0.0000000000000000000, 0.0000000000000000000 ) ;
#4253 = DIRECTION ( 'NONE',  ( -1.445602896647339163E-16, 1.000000000000000000, -0.0000000000000000000 ) ) ;
#4254 = AXIS2_PLACEMENT_3D ( 'NONE', #3130, #6101, #3161 ) ;
#4255 = ORIENTED_EDGE ( 'NONE', *, *, #5212, .T. ) ;
#4256 = EDGE_CURVE ( 'NONE', #499, #2429, #6979, .T. ) ;
#4257 = CARTESIAN_POINT ( 'NONE',  ( 0.2292378136120574172, 0.2138261502681338133, -0.02000000000000000042 ) ) ;
#4258 = LINE ( 'NONE', #3738, #1787 ) ;
#4259 = DIRECTION ( 'NONE',  ( 0.3363908276654490881, -0.9417224702971432881, 0.0000000000000000000 ) ) ;
#4260 = FACE_OUTER_BOUND ( 'NONE', #1361, .T. ) ;
#4261 = AXIS2_PLACEMENT_3D ( 'NONE', #7249, #4355, #3721 ) ;
#4262 = COLOUR_RGB ( '',0.7529411764705882248, 0.7529411764705882248, 0.7529411764705882248 ) ;
#4263 = COLOUR_RGB ( '',0.0000000000000000000, 0.0000000000000000000, 0.0000000000000000000 ) ;
#4264 = LINE ( 'NONE', #6600, #1098 ) ;
#4265 = AXIS2_PLACEMENT_3D ( 'NONE', #1144, #1749, #2743 ) ;
#4266 =( LENGTH_UNIT ( ) NAMED_UNIT ( * ) SI_UNIT ( .MILLI., .METRE. ) );
#4267 = EDGE_CURVE ( 'NONE', #7343, #2391, #5254, .T. ) ;
#4268 = CARTESIAN_POINT ( 'NONE',  ( -0.3539363797247152554, -0.1438321155657926453, -0.01000000000000000021 ) ) ;
#4269 =( NAMED_UNIT ( * ) SI_UNIT ( $, .STERADIAN. ) SOLID_ANGLE_UNIT ( ) );
#4270 = COLOUR_RGB ( '',0.7529411764705882248, 0.7529411764705882248, 0.7529411764705882248 ) ;
#4271 = DIRECTION ( 'NONE',  ( 1.000000000000000000, -0.0000000000000000000, 0.0000000000000000000 ) ) ;
#4272 = VERTEX_POINT ( 'NONE', #3446 ) ;
#4273 = ORIENTED_EDGE ( 'NONE', *, *, #398, .F. ) ;
#4274 = FACE_OUTER_BOUND ( 'NONE', #2730, .T. ) ;
#4275 = ORIENTED_EDGE ( 'NONE', *, *, #5946, .T. ) ;
#4276 = CARTESIAN_POINT ( 'NONE',  ( -0.3643434110002604087, 0.2069381446312552608, -0.02000000000000000042 ) ) ;
#4277 = LINE ( 'NONE', #1290, #1896 ) ;
#4278 = PLANE ( 'NONE',  #5279 ) ;
#4279 = VECTOR ( 'NONE', #5694, 1000.000000000000000 ) ;
#4280 = SURFACE_SIDE_STYLE ('',( #4898 ) ) ;
#4281 = CARTESIAN_POINT ( 'NONE',  ( -0.5600000000000000533, 1.215000000000000080, 0.0000000000000000000 ) ) ;
#4282 = VERTEX_POINT ( 'NONE', #5330 ) ;
#4283 = SURFACE_STYLE_FILL_AREA ( #2691 ) ;
#4284 =( LENGTH_UNIT ( ) NAMED_UNIT ( * ) SI_UNIT ( .MILLI., .METRE. ) );
#4285 = FILL_AREA_STYLE ('',( #7114 ) ) ;
#4286 = DIRECTION ( 'NONE',  ( 0.0000000000000000000, -1.000000000000000000, 0.0000000000000000000 ) ) ;
#4287 = CARTESIAN_POINT ( 'NONE',  ( 0.4313479788213817612, -0.1117776601448449841, -0.02000000000000000042 ) ) ;
#4288 = LINE ( 'NONE', #6623, #6140 ) ;
#4289 = DIRECTION ( 'NONE',  ( -0.7071067811865479058, 0.7071067811865470176, 0.0000000000000000000 ) ) ;
#4290 = CARTESIAN_POINT ( 'NONE',  ( -0.3400000000000000799, -1.500000000000000000, 0.2000000000000000111 ) ) ;
#4291 =( NAMED_UNIT ( * ) SI_UNIT ( $, .STERADIAN. ) SOLID_ANGLE_UNIT ( ) );
#4292 =( NAMED_UNIT ( * ) PLANE_ANGLE_UNIT ( ) SI_UNIT ( $, .RADIAN. ) );
#4293 = ORIENTED_EDGE ( 'NONE', *, *, #4813, .F. ) ;
#4294 = COLOUR_RGB ( '',0.0000000000000000000, 0.0000000000000000000, 0.0000000000000000000 ) ;
#4295 = ADVANCED_FACE ( 'NONE', ( #46 ), #4048, .T. ) ;
#4296 = CARTESIAN_POINT ( 'NONE',  ( -0.1110141082800398804, 0.03425292689651740496, -0.02000000000000000042 ) ) ;
#4297 =( GEOMETRIC_REPRESENTATION_CONTEXT ( 3 ) GLOBAL_UNCERTAINTY_ASSIGNED_CONTEXT ( ( #315 ) ) GLOBAL_UNIT_ASSIGNED_CONTEXT ( ( #6269, #504, #5109 ) ) REPRESENTATION_CONTEXT ( 'NONE', 'WORKASPACE' ) );
#4298 = EDGE_CURVE ( 'NONE', #2429, #6875, #6380, .T. ) ;
#4299 = EDGE_CURVE ( 'NONE', #5788, #4824, #83, .T. ) ;
#4300 = DIRECTION ( 'NONE',  ( -1.000000000000000000, 0.0000000000000000000, 0.0000000000000000000 ) ) ;
#4301 = DIRECTION ( 'NONE',  ( 0.0000000000000000000, -1.000000000000000000, 0.0000000000000000000 ) ) ;
#4302 = DIRECTION ( 'NONE',  ( 0.0000000000000000000, 0.0000000000000000000, -1.000000000000000000 ) ) ;
#4303 = CARTESIAN_POINT ( 'NONE',  ( -1.240000000000000213, 1.510000000000000009, 0.2000000000000000111 ) ) ;
#4304 = ORIENTED_EDGE ( 'NONE', *, *, #3286, .F. ) ;
#4305 = ORIENTED_EDGE ( 'NONE', *, *, #7439, .F. ) ;
#4306 =( LENGTH_UNIT ( ) NAMED_UNIT ( * ) SI_UNIT ( .MILLI., .METRE. ) );
#4307 = SURFACE_STYLE_FILL_AREA ( #3785 ) ;
#4308 = ORIENTED_EDGE ( 'NONE', *, *, #823, .T. ) ;
#4309 = MECHANICAL_DESIGN_GEOMETRIC_PRESENTATION_REPRESENTATION (  '', ( #6516 ), #2870 ) ;
#4310 = PRESENTATION_STYLE_ASSIGNMENT (( #1880 ) ) ;
#4311 = LINE ( 'NONE', #350, #3959 ) ;
#4312 = MECHANICAL_DESIGN_GEOMETRIC_PRESENTATION_REPRESENTATION (  '', ( #3238 ), #2748 ) ;
#4313 = PLANE ( 'NONE',  #4261 ) ;
#4314 = AXIS2_PLACEMENT_3D ( 'NONE', #1113, #2786, #487 ) ;
#4315 = DIRECTION ( 'NONE',  ( 0.0000000000000000000, 1.000000000000000000, 0.0000000000000000000 ) ) ;
#4316 = VERTEX_POINT ( 'NONE', #6345 ) ;
#4317 = DIRECTION ( 'NONE',  ( 1.000000000000000000, 0.0000000000000000000, 0.0000000000000000000 ) ) ;
#4318 = CARTESIAN_POINT ( 'NONE',  ( 0.1855629949600870188, -0.1808003922398013497, -0.01000000000000000021 ) ) ;
#4319 = DIRECTION ( 'NONE',  ( 0.0000000000000000000, 0.0000000000000000000, -1.000000000000000000 ) ) ;
#4320 =( GEOMETRIC_REPRESENTATION_CONTEXT ( 3 ) GLOBAL_UNCERTAINTY_ASSIGNED_CONTEXT ( ( #7418 ) ) GLOBAL_UNIT_ASSIGNED_CONTEXT ( ( #6395, #7453, #2856 ) ) REPRESENTATION_CONTEXT ( 'NONE', 'WORKASPACE' ) );
#4321 = VECTOR ( 'NONE', #7203, 1000.000000000000000 ) ;
#4322 = CARTESIAN_POINT ( 'NONE',  ( -0.4768677668166251271, 0.01374987811602959055, -0.01000000000000000021 ) ) ;
#4323 = SURFACE_SIDE_STYLE ('',( #6238 ) ) ;
#4324 = VECTOR ( 'NONE', #2625, 1000.000000000000000 ) ;
#4325 = LINE ( 'NONE', #400, #7220 ) ;
#4326 = AXIS2_PLACEMENT_3D ( 'NONE', #6553, #4771, #5247 ) ;
#4327 = AXIS2_PLACEMENT_3D ( 'NONE', #5499, #7293, #7255 ) ;
#4328 = CARTESIAN_POINT ( 'NONE',  ( 0.3763848076294828982, -0.09790749168932091906, -0.01000000000000000021 ) ) ;
#4329 = CARTESIAN_POINT ( 'NONE',  ( -0.1305263034019910895, -0.1462348779815314248, -0.02000000000000000042 ) ) ;
#4330 = CARTESIAN_POINT ( 'NONE',  ( 1.500000000000000222, 1.500000000000000000, 0.0000000000000000000 ) ) ;
#4331 = VERTEX_POINT ( 'NONE', #2463 ) ;
#4332 =( GEOMETRIC_REPRESENTATION_CONTEXT ( 3 ) GLOBAL_UNCERTAINTY_ASSIGNED_CONTEXT ( ( #870 ) ) GLOBAL_UNIT_ASSIGNED_CONTEXT ( ( #1612, #5679, #6858 ) ) REPRESENTATION_CONTEXT ( 'NONE', 'WORKASPACE' ) );
#4333 = AXIS2_PLACEMENT_3D ( 'NONE', #6964, #4648, #6396 ) ;
#4334 = ADVANCED_BREP_SHAPE_REPRESENTATION ( 'WDFN-12_L3.0-W3.0-P0.45-BL-EP', ( #3190, #2083 ), #1841 ) ;
#4335 = PRESENTATION_STYLE_ASSIGNMENT (( #3240 ) ) ;
#4336 = FILL_AREA_STYLE_COLOUR ( '', #5877 ) ;
#4337 = ADVANCED_FACE ( 'NONE', ( #887 ), #4818, .T. ) ;
#4338 = DIRECTION ( 'NONE',  ( 0.0000000000000000000, -0.0000000000000000000, -1.000000000000000000 ) ) ;
#4339 = VECTOR ( 'NONE', #4093, 1000.000000000000000 ) ;
#4340 = LINE ( 'NONE', #806, #5358 ) ;
#4341 =( NAMED_UNIT ( * ) PLANE_ANGLE_UNIT ( ) SI_UNIT ( $, .RADIAN. ) );
#4342 = FILL_AREA_STYLE ('',( #7237 ) ) ;
#4343 = COLOUR_RGB ( '',0.7529411764705882248, 0.7529411764705882248, 0.7529411764705882248 ) ;
#4344 = CARTESIAN_POINT ( 'NONE',  ( -1.010000000000000009, 1.510000000000000009, 0.2000000000000000111 ) ) ;
#4345 = PRESENTATION_STYLE_ASSIGNMENT (( #1320 ) ) ;
#4346 = VERTEX_POINT ( 'NONE', #6073 ) ;
#4347 = DIRECTION ( 'NONE',  ( -1.000000000000000000, 0.0000000000000000000, 0.0000000000000000000 ) ) ;
#4348 = B_SPLINE_CURVE_WITH_KNOTS ( 'NONE', 3,
 ( #5547, #1453, #331, #1522, #838, #6109, #1419 ),
 .UNSPECIFIED., .F., .F.,
 ( 4, 1, 1, 1, 4 ),
 ( 0.0000000000000000000, 0.3005411131585078444, 0.5677471464835985859, 0.8000336137369795653, 1.000000000000000000 ),
 .UNSPECIFIED. ) ;
#4349 =( NAMED_UNIT ( * ) SI_UNIT ( $, .STERADIAN. ) SOLID_ANGLE_UNIT ( ) );
#4350 = ORIENTED_EDGE ( 'NONE', *, *, #4404, .T. ) ;
#4351 = DIRECTION ( 'NONE',  ( 0.0000000000000000000, 0.0000000000000000000, -1.000000000000000000 ) ) ;
#4352 = ADVANCED_FACE ( 'NONE', ( #5490 ), #7096, .T. ) ;
#4353 = ADVANCED_FACE ( 'NONE', ( #3746 ), #771, .F. ) ;
#4354 = EDGE_CURVE ( 'NONE', #6389, #888, #523, .T. ) ;
#4355 = DIRECTION ( 'NONE',  ( 0.0000000000000000000, 1.000000000000000000, 0.0000000000000000000 ) ) ;
#4356 = CARTESIAN_POINT ( 'NONE',  ( 0.1929489344322777855, 0.2087329143297474154, -0.01000000000000000021 ) ) ;
#4357 = ORIENTED_EDGE ( 'NONE', *, *, #5234, .T. ) ;
#4358 =( NAMED_UNIT ( * ) PLANE_ANGLE_UNIT ( ) SI_UNIT ( $, .RADIAN. ) );
#4359 = CARTESIAN_POINT ( 'NONE',  ( 0.03044930635410657283, 0.1659602439696881704, -0.02000000000000000042 ) ) ;
#4360 =( NAMED_UNIT ( * ) SI_UNIT ( $, .STERADIAN. ) SOLID_ANGLE_UNIT ( ) );
#4361 =( LENGTH_UNIT ( ) NAMED_UNIT ( * ) SI_UNIT ( .MILLI., .METRE. ) );
#4362 = CARTESIAN_POINT ( 'NONE',  ( 0.1982865681292542426, -0.1852421956839183370, -0.01000000000000000021 ) ) ;
#4363 = EDGE_CURVE ( 'NONE', #5920, #2047, #1172, .T. ) ;
#4364 = VERTEX_POINT ( 'NONE', #3998 ) ;
#4365 =( NAMED_UNIT ( * ) PLANE_ANGLE_UNIT ( ) SI_UNIT ( $, .RADIAN. ) );
#4366 = DIRECTION ( 'NONE',  ( 1.000000000000000000, -0.0000000000000000000, -0.0000000000000000000 ) ) ;
#4367 = UNCERTAINTY_MEASURE_WITH_UNIT (LENGTH_MEASURE( 1.000000000000000082E-05 ), #3527, 'distance_accuracy_value', 'NONE');
#4368 = STYLED_ITEM ( 'NONE', ( #4841 ), #6443 ) ;
#4369 = CARTESIAN_POINT ( 'NONE',  ( 0.4060590624516675629, 0.005594390311151550138, -0.02000000000000000042 ) ) ;
#4370 = DIRECTION ( 'NONE',  ( -1.000000000000000000, 1.548860246407863583E-16, 0.0000000000000000000 ) ) ;
#4371 = SURFACE_STYLE_FILL_AREA ( #7263 ) ;
#4372 = ORIENTED_EDGE ( 'NONE', *, *, #3711, .F. ) ;
#4373 = VECTOR ( 'NONE', #2494, 1000.000000000000000 ) ;
#4374 = COLOUR_RGB ( '',0.0000000000000000000, 0.0000000000000000000, 0.0000000000000000000 ) ;
#4375 = LINE ( 'NONE', #4418, #1185 ) ;
#4376 = CARTESIAN_POINT ( 'NONE',  ( 0.2432513903162161761, 0.1706481071301940156, -0.01000000000000000021 ) ) ;
#4377 = SURFACE_SIDE_STYLE ('',( #2598 ) ) ;
#4378 = STYLED_ITEM ( 'NONE', ( #6952 ), #5187 ) ;
#4379 = COLOUR_RGB ( '',0.7529411764705882248, 0.7529411764705882248, 0.7529411764705882248 ) ;
#4380 = CARTESIAN_POINT ( 'NONE',  ( -1.190000000000000169, -0.5749999999999998446, 0.0000000000000000000 ) ) ;
#4381 = PRESENTATION_LAYER_ASSIGNMENT (  '', '', ( #1589 ) ) ;
#4382 = SURFACE_STYLE_USAGE ( .BOTH. , #2670 ) ;
#4383 = ORIENTED_EDGE ( 'NONE', *, *, #1331, .F. ) ;
#4384 = SURFACE_STYLE_USAGE ( .BOTH. , #1946 ) ;
#4385 = MECHANICAL_DESIGN_GEOMETRIC_PRESENTATION_REPRESENTATION (  '', ( #7301 ), #1109 ) ;
#4386 = CARTESIAN_POINT ( 'NONE',  ( 0.1849448633547338405, -0.1368392811292742650, -0.01000000000000000021 ) ) ;
#4387 = COLOUR_RGB ( '',0.0000000000000000000, 0.0000000000000000000, 0.0000000000000000000 ) ;
#4388 =( GEOMETRIC_REPRESENTATION_CONTEXT ( 3 ) GLOBAL_UNCERTAINTY_ASSIGNED_CONTEXT ( ( #1297 ) ) GLOBAL_UNIT_ASSIGNED_CONTEXT ( ( #5871, #1, #7048 ) ) REPRESENTATION_CONTEXT ( 'NONE', 'WORKASPACE' ) );
#4389 = VERTEX_POINT ( 'NONE', #2209 ) ;
#4390 = SURFACE_SIDE_STYLE ('',( #1988 ) ) ;
#4391 = ORIENTED_EDGE ( 'NONE', *, *, #3343, .F. ) ;
#4392 = DIRECTION ( 'NONE',  ( -0.0000000000000000000, 1.000000000000000000, -0.0000000000000000000 ) ) ;
#4393 =( NAMED_UNIT ( * ) SI_UNIT ( $, .STERADIAN. ) SOLID_ANGLE_UNIT ( ) );
#4394 = PRESENTATION_LAYER_ASSIGNMENT (  '', '', ( #131 ) ) ;
#4395 = STYLED_ITEM ( 'NONE', ( #6729 ), #5176 ) ;
#4396 = CARTESIAN_POINT ( 'NONE',  ( 0.2648243063541065867, -0.1511129267620191785, -0.02000000000000000042 ) ) ;
#4397 = VERTEX_POINT ( 'NONE', #4498 ) ;
#4398 = STYLED_ITEM ( 'NONE', ( #985 ), #2863 ) ;
#4399 = UNCERTAINTY_MEASURE_WITH_UNIT (LENGTH_MEASURE( 1.000000000000000082E-05 ), #5011, 'distance_accuracy_value', 'NONE');
#4400 = CARTESIAN_POINT ( 'NONE',  ( 0.5600000000000000533, 1.215000000000000080, -0.02000000000000000042 ) ) ;
#4401 = SURFACE_STYLE_USAGE ( .BOTH. , #2076 ) ;
#4402 = ORIENTED_EDGE ( 'NONE', *, *, #2069, .T. ) ;
#4403 = ADVANCED_FACE ( 'NONE', ( #2323 ), #4954, .T. ) ;
#4404 = EDGE_CURVE ( 'NONE', #4053, #4515, #1151, .T. ) ;
#4405 = CARTESIAN_POINT ( 'NONE',  ( 0.1659099797372729779, -0.1714773095568056793, -0.01000000000000000021 ) ) ;
#4406 = DIRECTION ( 'NONE',  ( -1.000000000000000000, 0.0000000000000000000, 0.0000000000000000000 ) ) ;
#4407 = UNCERTAINTY_MEASURE_WITH_UNIT (LENGTH_MEASURE( 1.000000000000000082E-05 ), #2500, 'distance_accuracy_value', 'NONE');
#4408 =( LENGTH_UNIT ( ) NAMED_UNIT ( * ) SI_UNIT ( .MILLI., .METRE. ) );
#4409 =( LENGTH_UNIT ( ) NAMED_UNIT ( * ) SI_UNIT ( .MILLI., .METRE. ) );
#4410 = ORIENTED_EDGE ( 'NONE', *, *, #2966, .T. ) ;
#4411 = CARTESIAN_POINT ( 'NONE',  ( 0.4938639405004481286, -0.1901373170059216522, -0.02000000000000000042 ) ) ;
#4412 = SURFACE_SIDE_STYLE ('',( #833 ) ) ;
#4413 = EDGE_CURVE ( 'NONE', #7028, #6356, #3356, .T. ) ;
#4414 = CARTESIAN_POINT ( 'NONE',  ( 0.4057309042663264087, -0.01167603988465215799, -0.02000000000000000042 ) ) ;
#4415 = CARTESIAN_POINT ( 'NONE',  ( 0.5599999999999999423, -1.500000000000000000, 0.7299999999999999822 ) ) ;
#4416 = DIRECTION ( 'NONE',  ( 1.000000000000000000, 0.0000000000000000000, -0.0000000000000000000 ) ) ;
#4417 = VERTEX_POINT ( 'NONE', #1758 ) ;
#4418 = CARTESIAN_POINT ( 'NONE',  ( 0.5600000000000000533, 1.215000000000000080, -0.02000000000000000042 ) ) ;
#4419 = CARTESIAN_POINT ( 'NONE',  ( 0.2068720377553208700, 0.1645527428409472026, -0.01000000000000000021 ) ) ;
#4420 = PRESENTATION_STYLE_ASSIGNMENT (( #6067 ) ) ;
#4421 = ORIENTED_EDGE ( 'NONE', *, *, #3518, .F. ) ;
#4422 =( NAMED_UNIT ( * ) SI_UNIT ( $, .STERADIAN. ) SOLID_ANGLE_UNIT ( ) );
#4423 = VERTEX_POINT ( 'NONE', #4066 ) ;
#4424 = PRESENTATION_STYLE_ASSIGNMENT (( #4384 ) ) ;
#4425 = VECTOR ( 'NONE', #5707, 1000.000000000000000 ) ;
#4426 = SURFACE_SIDE_STYLE ('',( #6752 ) ) ;
#4427 =( GEOMETRIC_REPRESENTATION_CONTEXT ( 3 ) GLOBAL_UNCERTAINTY_ASSIGNED_CONTEXT ( ( #5567 ) ) GLOBAL_UNIT_ASSIGNED_CONTEXT ( ( #2544, #4358, #5430 ) ) REPRESENTATION_CONTEXT ( 'NONE', 'WORKASPACE' ) );
#4428 = ORIENTED_EDGE ( 'NONE', *, *, #526, .T. ) ;
#4429 = CARTESIAN_POINT ( 'NONE',  ( -0.4764818658704725318, 0.03178738365397937998, -0.02000000000000000042 ) ) ;
#4430 = ORIENTED_EDGE ( 'NONE', *, *, #4363, .T. ) ;
#4431 = CARTESIAN_POINT ( 'NONE',  ( -0.1100000000000000699, -1.500000000000000000, 0.2000000000000000111 ) ) ;
#4432 = DIRECTION ( 'NONE',  ( -0.0000000000000000000, -1.000000000000000000, -0.0000000000000000000 ) ) ;
#4433 = SURFACE_SIDE_STYLE ('',( #231 ) ) ;
#4434 = ORIENTED_EDGE ( 'NONE', *, *, #7147, .F. ) ;
#4435 = UNCERTAINTY_MEASURE_WITH_UNIT (LENGTH_MEASURE( 1.000000000000000082E-05 ), #3091, 'distance_accuracy_value', 'NONE');
#4436 = SURFACE_SIDE_STYLE ('',( #3187 ) ) ;
#4437 = FILL_AREA_STYLE ('',( #6267 ) ) ;
#4438 = EDGE_CURVE ( 'NONE', #365, #1797, #5087, .T. ) ;
#4439 = VERTEX_POINT ( 'NONE', #2898 ) ;
#4440 =( GEOMETRIC_REPRESENTATION_CONTEXT ( 3 ) GLOBAL_UNCERTAINTY_ASSIGNED_CONTEXT ( ( #2737 ) ) GLOBAL_UNIT_ASSIGNED_CONTEXT ( ( #4479, #5800, #7059 ) ) REPRESENTATION_CONTEXT ( 'NONE', 'WORKASPACE' ) );
#4441 = SURFACE_STYLE_USAGE ( .BOTH. , #1091 ) ;
#4442 = EDGE_CURVE ( 'NONE', #1248, #892, #2282, .T. ) ;
#4443 = CARTESIAN_POINT ( 'NONE',  ( 0.1657087776783807698, 0.1472926058492065871, -0.02000000000000000042 ) ) ;
#4444 = CARTESIAN_POINT ( 'NONE',  ( -0.5225369221854130330, 0.07654387474337469299, -0.01000000000000000021 ) ) ;
#4445 = ORIENTED_EDGE ( 'NONE', *, *, #3384, .F. ) ;
#4446 = COLOUR_RGB ( '',0.7529411764705882248, 0.7529411764705882248, 0.7529411764705882248 ) ;
#4447 = PLANE ( 'NONE',  #2974 ) ;
#4448 = LINE ( 'NONE', #5621, #608 ) ;
#4449 = DIRECTION ( 'NONE',  ( 1.000000000000000000, -0.0000000000000000000, -0.0000000000000000000 ) ) ;
#4450 = COLOUR_RGB ( '',0.7529411764705882248, 0.7529411764705882248, 0.7529411764705882248 ) ;
#4451 = COLOUR_RGB ( '',0.7529411764705882248, 0.7529411764705882248, 0.7529411764705882248 ) ;
#4452 = UNCERTAINTY_MEASURE_WITH_UNIT (LENGTH_MEASURE( 1.000000000000000082E-05 ), #6975, 'distance_accuracy_value', 'NONE');
#4453 = MECHANICAL_DESIGN_GEOMETRIC_PRESENTATION_REPRESENTATION (  '', ( #7058 ), #6284 ) ;
#4454 = CARTESIAN_POINT ( 'NONE',  ( 0.4564923984606819585, 0.04760047970896828101, -0.01000000000000000021 ) ) ;
#4455 = VECTOR ( 'NONE', #1313, 1000.000000000000000 ) ;
#4456 = LINE ( 'NONE', #2049, #1397 ) ;
#4457 = EDGE_CURVE ( 'NONE', #2175, #6715, #1676, .T. ) ;
#4458 = PLANE ( 'NONE',  #6333 ) ;
#4459 = ORIENTED_EDGE ( 'NONE', *, *, #188, .T. ) ;
#4460 = SURFACE_SIDE_STYLE ('',( #2096 ) ) ;
#4461 = AXIS2_PLACEMENT_3D ( 'NONE', #2488, #1200, #5948 ) ;
#4462 = ORIENTED_EDGE ( 'NONE', *, *, #1197, .F. ) ;
#4463 = COLOUR_RGB ( '',0.0000000000000000000, 0.0000000000000000000, 0.0000000000000000000 ) ;
#4464 = CARTESIAN_POINT ( 'NONE',  ( -0.2085750838897959536, 0.2098626829940784255, -0.02000000000000000042 ) ) ;
#4465 = CARTESIAN_POINT ( 'NONE',  ( 0.2558304039150821052, 0.1708382927501759518, -0.02000000000000000042 ) ) ;
#4466 = LINE ( 'NONE', #6474, #2404 ) ;
#4467 = FACE_OUTER_BOUND ( 'NONE', #6258, .T. ) ;
#4468 = PRESENTATION_LAYER_ASSIGNMENT (  '', '', ( #3619 ) ) ;
#4469 = ORIENTED_EDGE ( 'NONE', *, *, #2686, .F. ) ;
#4470 =( LENGTH_UNIT ( ) NAMED_UNIT ( * ) SI_UNIT ( .MILLI., .METRE. ) );
#4471 = VERTEX_POINT ( 'NONE', #1641 ) ;
#4472 = FILL_AREA_STYLE_COLOUR ( '', #362 ) ;
#4473 = UNCERTAINTY_MEASURE_WITH_UNIT (LENGTH_MEASURE( 1.000000000000000082E-05 ), #5928, 'distance_accuracy_value', 'NONE');
#4474 = ORIENTED_EDGE ( 'NONE', *, *, #770, .T. ) ;
#4475 = SURFACE_STYLE_USAGE ( .BOTH. , #2908 ) ;
#4476 = LINE ( 'NONE', #6681, #2252 ) ;
#4477 = AXIS2_PLACEMENT_3D ( 'NONE', #7408, #3198, #4484 ) ;
#4478 = FILL_AREA_STYLE_COLOUR ( '', #1687 ) ;
#4479 =( LENGTH_UNIT ( ) NAMED_UNIT ( * ) SI_UNIT ( .MILLI., .METRE. ) );
#4480 = EDGE_LOOP ( 'NONE', ( #7509, #6563, #3252, #2829, #4144 ) ) ;
#4481 = PRESENTATION_STYLE_ASSIGNMENT (( #2152 ) ) ;
#4482 = CARTESIAN_POINT ( 'NONE',  ( 0.2258734076461884899, -0.1916307018081011004, -0.02000000000000000042 ) ) ;
#4483 = LINE ( 'NONE', #5033, #439 ) ;
#4484 = DIRECTION ( 'NONE',  ( -1.000000000000000000, 0.0000000000000000000, 0.0000000000000000000 ) ) ;
#4485 = EDGE_CURVE ( 'NONE', #4523, #3409, #3962, .T. ) ;
#4486 = ORIENTED_EDGE ( 'NONE', *, *, #782, .T. ) ;
#4487 = CARTESIAN_POINT ( 'NONE',  ( 0.4938639405004481286, -0.1462348779815314248, -0.01000000000000000021 ) ) ;
#4488 = DIRECTION ( 'NONE',  ( -1.000000000000000000, 0.0000000000000000000, 0.0000000000000000000 ) ) ;
#4489 = LINE ( 'NONE', #4605, #4505 ) ;
#4490 = CARTESIAN_POINT ( 'NONE',  ( -0.4711353013393111411, -0.1344040877596149874, -0.01000000000000000021 ) ) ;
#4491 = APPLICATION_CONTEXT ( 'automotive_design' ) ;
#4492 = PRESENTATION_LAYER_ASSIGNMENT (  '', '', ( #3366 ) ) ;
#4493 =( LENGTH_UNIT ( ) NAMED_UNIT ( * ) SI_UNIT ( .MILLI., .METRE. ) );
#4494 = CARTESIAN_POINT ( 'NONE',  ( -1.499999999999999334, -1.500000000000000000, 0.1999999999999999833 ) ) ;
#4495 = SURFACE_STYLE_FILL_AREA ( #4611 ) ;
#4496 = ORIENTED_EDGE ( 'NONE', *, *, #4442, .F. ) ;
#4497 = CARTESIAN_POINT ( 'NONE',  ( 1.010000000000000009, -1.215000000000000080, 0.0000000000000000000 ) ) ;
#4498 = CARTESIAN_POINT ( 'NONE',  ( -0.7296878887678448500, 0.1330334147013954305, -0.02000000000000000042 ) ) ;
#4499 = STYLED_ITEM ( 'NONE', ( #5599 ), #6680 ) ;
#4500 = ORIENTED_EDGE ( 'NONE', *, *, #5373, .T. ) ;
#4501 = FILL_AREA_STYLE_COLOUR ( '', #7160 ) ;
#4502 = EDGE_CURVE ( 'NONE', #6097, #5072, #3395, .T. ) ;
#4503 = CARTESIAN_POINT ( 'NONE',  ( 0.08410784293947239088, 0.2098626829940784255, -0.02000000000000000042 ) ) ;
#4504 = PRESENTATION_STYLE_ASSIGNMENT (( #6857 ) ) ;
#4505 = VECTOR ( 'NONE', #3422, 1000.000000000000000 ) ;
#4506 = ORIENTED_EDGE ( 'NONE', *, *, #3478, .T. ) ;
#4507 = LINE ( 'NONE', #6861, #4620 ) ;
#4508 =( GEOMETRIC_REPRESENTATION_CONTEXT ( 3 ) GLOBAL_UNCERTAINTY_ASSIGNED_CONTEXT ( ( #6683 ) ) GLOBAL_UNIT_ASSIGNED_CONTEXT ( ( #4652, #6546, #5899 ) ) REPRESENTATION_CONTEXT ( 'NONE', 'WORKASPACE' ) );
#4509 = VERTEX_POINT ( 'NONE', #5128 ) ;
#4510 = CARTESIAN_POINT ( 'NONE',  ( -0.5600000000000000533, -1.215000000000000080, -0.02000000000000000042 ) ) ;
#4511 = ADVANCED_FACE ( 'NONE', ( #3585 ), #2360, .T. ) ;
#4512 = STYLED_ITEM ( 'NONE', ( #7091 ), #5472 ) ;
#4513 = COLOUR_RGB ( '',0.7529411764705882248, 0.7529411764705882248, 0.7529411764705882248 ) ;
#4514 = CARTESIAN_POINT ( 'NONE',  ( -0.7110141082800399692, 0.2098626829940784255, -0.02000000000000000042 ) ) ;
#4515 = VERTEX_POINT ( 'NONE', #1382 ) ;
#4516 = PRESENTATION_LAYER_ASSIGNMENT (  '', '', ( #6702 ) ) ;
#4517 = FILL_AREA_STYLE ('',( #5686 ) ) ;
#4518 = DIRECTION ( 'NONE',  ( 0.0000000000000000000, 0.0000000000000000000, -1.000000000000000000 ) ) ;
#4519 = LINE ( 'NONE', #4624, #6920 ) ;
#4520 =( GEOMETRIC_REPRESENTATION_CONTEXT ( 3 ) GLOBAL_UNCERTAINTY_ASSIGNED_CONTEXT ( ( #3045 ) ) GLOBAL_UNIT_ASSIGNED_CONTEXT ( ( #3255, #7354, #2719 ) ) REPRESENTATION_CONTEXT ( 'NONE', 'WORKASPACE' ) );
#4521 = STYLED_ITEM ( 'NONE', ( #4481 ), #4953 ) ;
#4522 =( LENGTH_UNIT ( ) NAMED_UNIT ( * ) SI_UNIT ( .MILLI., .METRE. ) );
#4523 = VERTEX_POINT ( 'NONE', #7122 ) ;
#4524 =( NAMED_UNIT ( * ) PLANE_ANGLE_UNIT ( ) SI_UNIT ( $, .RADIAN. ) );
#4525 = DIRECTION ( 'NONE',  ( 0.0000000000000000000, -1.000000000000000000, 0.0000000000000000000 ) ) ;
#4526 = DIRECTION ( 'NONE',  ( -0.0000000000000000000, 0.0000000000000000000, 1.000000000000000000 ) ) ;
#4527 = CARTESIAN_POINT ( 'NONE',  ( 0.1099999999999999034, 1.500000000000000000, 0.2000000000000000111 ) ) ;
#4528 = UNCERTAINTY_MEASURE_WITH_UNIT (LENGTH_MEASURE( 1.000000000000000082E-05 ), #940, 'distance_accuracy_value', 'NONE');
#4529 = DIRECTION ( 'NONE',  ( -0.0000000000000000000, -1.000000000000000000, 0.0000000000000000000 ) ) ;
#4530 = CARTESIAN_POINT ( 'NONE',  ( 0.1734711291662486277, -0.1756507561949244012, -0.01000000000000000021 ) ) ;
#4531 = ORIENTED_EDGE ( 'NONE', *, *, #5891, .F. ) ;
#4532 = FILL_AREA_STYLE_COLOUR ( '', #5842 ) ;
#4533 = SURFACE_SIDE_STYLE ('',( #7377 ) ) ;
#4534 = CARTESIAN_POINT ( 'NONE',  ( 0.3900599307874906274, 0.08832232577858174782, -0.009999999999999995004 ) ) ;
#4535 = FACE_OUTER_BOUND ( 'NONE', #1372, .T. ) ;
#4536 = CARTESIAN_POINT ( 'NONE',  ( 0.3877408071955816826, 0.1702318828774309345, -0.01000000000000000021 ) ) ;
#4537 = UNCERTAINTY_MEASURE_WITH_UNIT (LENGTH_MEASURE( 1.000000000000000082E-05 ), #60, 'distance_accuracy_value', 'NONE');
#4538 = DIRECTION ( 'NONE',  ( -1.000000000000000000, 0.0000000000000000000, 0.0000000000000000000 ) ) ;
#4539 = PRESENTATION_LAYER_ASSIGNMENT (  '', '', ( #4521 ) ) ;
#4540 = CARTESIAN_POINT ( 'NONE',  ( 0.2874080360455592564, 0.1682492771112604757, -0.02000000000000000042 ) ) ;
#4541 = ORIENTED_EDGE ( 'NONE', *, *, #2783, .T. ) ;
#4542 = DIRECTION ( 'NONE',  ( -1.000000000000000000, 0.0000000000000000000, -0.0000000000000000000 ) ) ;
#4543 = DIRECTION ( 'NONE',  ( 1.000000000000000000, -0.0000000000000000000, -0.0000000000000000000 ) ) ;
#4544 = EDGE_CURVE ( 'NONE', #6142, #7484, #4627, .T. ) ;
#4545 = EDGE_LOOP ( 'NONE', ( #3804, #7104, #6830, #7218 ) ) ;
#4546 = VERTEX_POINT ( 'NONE', #3548 ) ;
#4547 = CARTESIAN_POINT ( 'NONE',  ( 0.2187235157529946739, 0.1674252094094456078, -0.02000000000000000042 ) ) ;
#4548 = DIRECTION ( 'NONE',  ( -0.0000000000000000000, 1.000000000000000000, 0.0000000000000000000 ) ) ;
#4549 = ORIENTED_EDGE ( 'NONE', *, *, #6025, .T. ) ;
#4550 = ADVANCED_FACE ( 'NONE', ( #1935 ), #5863, .F. ) ;
#4551 = EDGE_CURVE ( 'NONE', #4997, #6844, #4141, .T. ) ;
#4552 = ORIENTED_EDGE ( 'NONE', *, *, #3720, .F. ) ;
#4553 = CARTESIAN_POINT ( 'NONE',  ( 0.3571266283687791199, -0.1188350962321363530, -0.01000000000000000021 ) ) ;
#4554 = VECTOR ( 'NONE', #6665, 1000.000000000000000 ) ;
#4555 = VERTEX_POINT ( 'NONE', #684 ) ;
#4556 = SURFACE_STYLE_USAGE ( .BOTH. , #4588 ) ;
#4557 = STYLED_ITEM ( 'NONE', ( #3298 ), #3156 ) ;
#4558 =( NAMED_UNIT ( * ) SI_UNIT ( $, .STERADIAN. ) SOLID_ANGLE_UNIT ( ) );
#4559 =( LENGTH_UNIT ( ) NAMED_UNIT ( * ) SI_UNIT ( .MILLI., .METRE. ) );
#4560 = B_SPLINE_SURFACE_WITH_KNOTS ( 'NONE', 3, 1, ( 
 ( #3376, #1775 ),
 ( #1173, #622 ),
 ( #7508, #6425 ),
 ( #6384, #6461 ),
 ( #4744, #1738 ),
 ( #1876, #1251 ),
 ( #4052, #5804 ),
 ( #1851, #578 ),
 ( #2917, #6982 ),
 ( #1216, #1324 ),
 ( #49, #125 ),
 ( #5222, #3531 ),
 ( #13, #5297 ),
 ( #7101, #2339 ),
 ( #5257, #2991 ),
 ( #2380, #2467 ),
 ( #2422, #5843 ),
 ( #4158, #660 ),
 ( #3034, #4670 ) ),
 .UNSPECIFIED., .F., .F., .F.,
 ( 4, 1, 1, 1, 1, 1, 1, 1, 1, 1, 1, 1, 1, 1, 1, 1, 4 ),
 ( 2, 2 ),
 ( 0.0000000000000000000, 0.06897521892134317323, 0.1351853325297737163, 0.1990506632334162473, 0.2611947151939599809, 0.3220563593030940641, 0.3823131365898529976, 0.4425346565192670445, 0.5034647631372739518, 0.5640396646364538302, 0.6238127913336786179, 0.6831173368408380853, 0.7429514075506873372, 0.8038539661868435715, 0.8665725671810449171, 0.9319313041550059129, 1.000000000000000000 ),
 ( 0.0000000000000000000, 1.000000000000000000 ),
 .UNSPECIFIED. ) ;
#4561 = LINE ( 'NONE', #6871, #4028 ) ;
#4562 = AXIS2_PLACEMENT_3D ( 'NONE', #5921, #6383, #6459 ) ;
#4563 = ORIENTED_EDGE ( 'NONE', *, *, #633, .T. ) ;
#4564 = FILL_AREA_STYLE ('',( #973 ) ) ;
#4565 =( NAMED_UNIT ( * ) SI_UNIT ( $, .STERADIAN. ) SOLID_ANGLE_UNIT ( ) );
#4566 = ORIENTED_EDGE ( 'NONE', *, *, #5511, .F. ) ;
#4567 = CARTESIAN_POINT ( 'NONE',  ( 0.1952410491333529952, 0.1609955425090738024, -0.01000000000000000021 ) ) ;
#4568 = VERTEX_POINT ( 'NONE', #3016 ) ;
#4569 = DIRECTION ( 'NONE',  ( 0.0000000000000000000, 1.000000000000000000, 0.0000000000000000000 ) ) ;
#4570 = CARTESIAN_POINT ( 'NONE',  ( 0.2722175990370334087, -0.1950153657864094614, -0.02000000000000000389 ) ) ;
#4571 = CARTESIAN_POINT ( 'NONE',  ( 0.4004709216547847617, 0.05797834413763344741, -0.02000000000000000042 ) ) ;
#4572 = PLANE ( 'NONE',  #2880 ) ;
#4573 = PRESENTATION_STYLE_ASSIGNMENT (( #1103 ) ) ;
#4574 = MECHANICAL_DESIGN_GEOMETRIC_PRESENTATION_REPRESENTATION (  '', ( #5275 ), #4440 ) ;
#4575 = SURFACE_STYLE_USAGE ( .BOTH. , #2239 ) ;
#4576 = CARTESIAN_POINT ( 'NONE',  ( 0.4597175990370334087, 0.002316951286761314600, -0.01000000000000000021 ) ) ;
#4577 = CARTESIAN_POINT ( 'NONE',  ( 0.3900599307874906274, 0.08832232577858174782, -0.02000000000000000042 ) ) ;
#4578 = ORIENTED_EDGE ( 'NONE', *, *, #2553, .F. ) ;
#4579 = VERTEX_POINT ( 'NONE', #7084 ) ;
#4580 = AXIS2_PLACEMENT_3D ( 'NONE', #5285, #5872, #4151 ) ;
#4581 = ORIENTED_EDGE ( 'NONE', *, *, #7424, .F. ) ;
#4582 = EDGE_CURVE ( 'NONE', #4364, #5069, #6515, .T. ) ;
#4583 = FILL_AREA_STYLE ('',( #5789 ) ) ;
#4584 = ORIENTED_EDGE ( 'NONE', *, *, #1839, .F. ) ;
#4585 = CARTESIAN_POINT ( 'NONE',  ( 1.189999999999999947, 0.8250000000000000666, -0.02000000000000000042 ) ) ;
#4586 = SURFACE_STYLE_FILL_AREA ( #1618 ) ;
#4587 = ORIENTED_EDGE ( 'NONE', *, *, #5929, .F. ) ;
#4588 = SURFACE_SIDE_STYLE ('',( #2838 ) ) ;
#4589 = STYLED_ITEM ( 'NONE', ( #339 ), #2104 ) ;
#4590 = FILL_AREA_STYLE ('',( #3404 ) ) ;
#4591 = SURFACE_STYLE_FILL_AREA ( #4080 ) ;
#4592 = SURFACE_SIDE_STYLE ('',( #5569 ) ) ;
#4593 = VERTEX_POINT ( 'NONE', #720 ) ;
#4594 = DIRECTION ( 'NONE',  ( 1.000000000000000000, 0.0000000000000000000, 0.0000000000000000000 ) ) ;
#4595 = FILL_AREA_STYLE_COLOUR ( '', #6810 ) ;
#4596 = ORIENTED_EDGE ( 'NONE', *, *, #6545, .T. ) ;
#4597 = ADVANCED_FACE ( 'NONE', ( #3054 ), #145, .T. ) ;
#4598 =( NAMED_UNIT ( * ) SI_UNIT ( $, .STERADIAN. ) SOLID_ANGLE_UNIT ( ) );
#4599 = EDGE_CURVE ( 'NONE', #5627, #5527, #3133, .T. ) ;
#4600 = CARTESIAN_POINT ( 'NONE',  ( 0.4159694188808807924, 0.1414817498688075714, -0.02000000000000000042 ) ) ;
#4601 = UNCERTAINTY_MEASURE_WITH_UNIT (LENGTH_MEASURE( 1.000000000000000082E-05 ), #5603, 'distance_accuracy_value', 'NONE');
#4602 = ORIENTED_EDGE ( 'NONE', *, *, #7282, .F. ) ;
#4603 = DIRECTION ( 'NONE',  ( -0.0000000000000000000, 0.0000000000000000000, 1.000000000000000000 ) ) ;
#4604 = PRESENTATION_STYLE_ASSIGNMENT (( #5155 ) ) ;
#4605 = CARTESIAN_POINT ( 'NONE',  ( 0.1099999999999999034, 1.215000000000000080, 0.2000000000000000111 ) ) ;
#4606 = CARTESIAN_POINT ( 'NONE',  ( 0.4004709216547847617, 0.05797834413763344741, -0.01000000000000000021 ) ) ;
#4607 = CARTESIAN_POINT ( 'NONE',  ( -0.4026807919109991474, -0.1764536436331018143, -0.01000000000000000021 ) ) ;
#4608 = EDGE_CURVE ( 'NONE', #2305, #2837, #214, .T. ) ;
#4609 = DIRECTION ( 'NONE',  ( 0.0000000000000000000, -1.000000000000000000, 0.0000000000000000000 ) ) ;
#4610 = CARTESIAN_POINT ( 'NONE',  ( 0.4529104602195905827, -0.05943882898199199377, -0.01000000000000000021 ) ) ;
#4611 = FILL_AREA_STYLE ('',( #2167 ) ) ;
#4612 = SURFACE_SIDE_STYLE ('',( #3997 ) ) ;
#4613 = PRESENTATION_STYLE_ASSIGNMENT (( #6895 ) ) ;
#4614 = ORIENTED_EDGE ( 'NONE', *, *, #6586, .T. ) ;
#4615 = CARTESIAN_POINT ( 'NONE',  ( 0.03044930635410657283, 0.1659602439696881704, -0.01000000000000000021 ) ) ;
#4616 = MECHANICAL_DESIGN_GEOMETRIC_PRESENTATION_REPRESENTATION (  '', ( #4368 ), #3526 ) ;
#4617 = PLANE ( 'NONE',  #7014 ) ;
#4618 = DIRECTION ( 'NONE',  ( 0.0000000000000000000, 0.0000000000000000000, -1.000000000000000000 ) ) ;
#4619 = DIRECTION ( 'NONE',  ( 0.0000000000000000000, -0.0000000000000000000, 1.000000000000000000 ) ) ;
#4620 = VECTOR ( 'NONE', #7393, 1000.000000000000000 ) ;
#4621 = ORIENTED_EDGE ( 'NONE', *, *, #1614, .T. ) ;
#4622 = EDGE_LOOP ( 'NONE', ( #7357, #5244, #5961, #3368, #1129, #121 ) ) ;
#4623 = FILL_AREA_STYLE ('',( #1654 ) ) ;
#4624 = CARTESIAN_POINT ( 'NONE',  ( -0.5600000000000000533, -1.500000000000000000, 0.7299999999999999822 ) ) ;
#4625 = B_SPLINE_CURVE_WITH_KNOTS ( 'NONE', 3,
 ( #7371, #397, #6771, #2156, #1018, #3802, #3342, #5653, #5615, #6207, #5003, #2738, #2772, #3841, #4444, #6167, #903, #5575, #5537 ),
 .UNSPECIFIED., .F., .F.,
 ( 4, 1, 1, 1, 1, 1, 1, 1, 1, 1, 1, 1, 1, 1, 1, 1, 4 ),
 ( 0.0000000000000000000, 0.06863117867660099847, 0.1345664660386766964, 0.1983281540108808028, 0.2607897666408446891, 0.3219991514841584190, 0.3827217465030193222, 0.4435374740357288514, 0.5051334294849249007, 0.5662138747646714432, 0.6261058646175455822, 0.6853493221605165830, 0.7449958703477972399, 0.8054158418145627163, 0.8676362663459531444, 0.9323077823023292465, 1.000000000000000000 ),
 .UNSPECIFIED. ) ;
#4626 = VECTOR ( 'NONE', #6534, 1000.000000000000000 ) ;
#4627 = CIRCLE ( 'NONE', #7529, 0.1150000000000000883 ) ;
#4628 = FILL_AREA_STYLE ('',( #6344 ) ) ;
#4629 = LINE ( 'NONE', #4113, #2249 ) ;
#4630 = VERTEX_POINT ( 'NONE', #3270 ) ;
#4631 = EDGE_LOOP ( 'NONE', ( #6539, #7316, #162, #484 ) ) ;
#4632 = DIRECTION ( 'NONE',  ( 0.0000000000000000000, 0.0000000000000000000, 1.000000000000000000 ) ) ;
#4633 = STYLED_ITEM ( 'NONE', ( #3202 ), #7141 ) ;
#4634 = CARTESIAN_POINT ( 'NONE',  ( -0.7900000000000001465, -1.215000000000000080, 0.2000000000000000111 ) ) ;
#4635 = ORIENTED_EDGE ( 'NONE', *, *, #5371, .T. ) ;
#4636 = FILL_AREA_STYLE_COLOUR ( '', #2547 ) ;
#4637 = CARTESIAN_POINT ( 'NONE',  ( 0.3399999999999998024, 1.500000000000000000, 0.0000000000000000000 ) ) ;
#4638 = DIRECTION ( 'NONE',  ( 1.000000000000000000, -0.0000000000000000000, -0.0000000000000000000 ) ) ;
#4639 = EDGE_LOOP ( 'NONE', ( #1170, #3890, #3449, #2419 ) ) ;
#4640 = VECTOR ( 'NONE', #4042, 1000.000000000000000 ) ;
#4641 = DIRECTION ( 'NONE',  ( 0.0000000000000000000, 1.000000000000000000, 0.0000000000000000000 ) ) ;
#4642 = EDGE_CURVE ( 'NONE', #7025, #6747, #289, .T. ) ;
#4643 = DIRECTION ( 'NONE',  ( 0.0000000000000000000, 0.0000000000000000000, -1.000000000000000000 ) ) ;
#4644 = ADVANCED_FACE ( 'NONE', ( #3204 ), #7300, .T. ) ;
#4645 = CARTESIAN_POINT ( 'NONE',  ( 0.0000000000000000000, 0.03425292689651740496, -0.01000000000000000021 ) ) ;
#4646 = AXIS2_PLACEMENT_3D ( 'NONE', #2123, #3882, #7262 ) ;
#4647 = FILL_AREA_STYLE_COLOUR ( '', #4450 ) ;
#4648 = DIRECTION ( 'NONE',  ( 1.000000000000000000, 0.0000000000000000000, 0.0000000000000000000 ) ) ;
#4649 = VECTOR ( 'NONE', #4432, 1000.000000000000000 ) ;
#4650 = CARTESIAN_POINT ( 'NONE',  ( -0.3851841308336073078, -0.1360508798289370436, -0.02000000000000000042 ) ) ;
#4651 = DIRECTION ( 'NONE',  ( 0.0000000000000000000, 0.0000000000000000000, 1.000000000000000000 ) ) ;
#4652 =( LENGTH_UNIT ( ) NAMED_UNIT ( * ) SI_UNIT ( .MILLI., .METRE. ) );
#4653 = DIRECTION ( 'NONE',  ( -0.0000000000000000000, 0.0000000000000000000, 1.000000000000000000 ) ) ;
#4654 = DIRECTION ( 'NONE',  ( 0.0000000000000000000, 1.000000000000000000, 0.0000000000000000000 ) ) ;
#4655 = EDGE_LOOP ( 'NONE', ( #3700, #4234, #3783, #2232 ) ) ;
#4656 = CARTESIAN_POINT ( 'NONE',  ( -0.6700080107190642398, -0.03403975603031187541, -0.02000000000000000042 ) ) ;
#4657 = COLOUR_RGB ( '',0.0000000000000000000, 0.0000000000000000000, 0.0000000000000000000 ) ;
#4658 =( NAMED_UNIT ( * ) PLANE_ANGLE_UNIT ( ) SI_UNIT ( $, .RADIAN. ) );
#4659 = LINE ( 'NONE', #2868, #6613 ) ;
#4660 = CARTESIAN_POINT ( 'NONE',  ( -0.3380377035984481471, 0.1656143496383678249, -0.02000000000000000042 ) ) ;
#4661 = SURFACE_STYLE_USAGE ( .BOTH. , #1161 ) ;
#4662 = FILL_AREA_STYLE_COLOUR ( '', #855 ) ;
#4663 = DIRECTION ( 'NONE',  ( -1.000000000000000000, 0.0000000000000000000, 0.0000000000000000000 ) ) ;
#4664 = CARTESIAN_POINT ( 'NONE',  ( 0.0000000000000000000, 0.0000000000000000000, -0.01000000000000000021 ) ) ;
#4665 = PLANE ( 'NONE',  #6806 ) ;
#4666 = DIRECTION ( 'NONE',  ( 0.0000000000000000000, -1.000000000000000000, 0.0000000000000000000 ) ) ;
#4667 = CARTESIAN_POINT ( 'NONE',  ( 0.0000000000000000000, 0.0000000000000000000, -0.01000000000000000021 ) ) ;
#4668 = ORIENTED_EDGE ( 'NONE', *, *, #3018, .T. ) ;
#4669 = VERTEX_POINT ( 'NONE', #1490 ) ;
#4670 = CARTESIAN_POINT ( 'NONE',  ( -0.5305263034019911395, 0.01489317079895642083, -0.02000000000000000042 ) ) ;
#4671 = DIRECTION ( 'NONE',  ( -0.0000000000000000000, 0.0000000000000000000, 1.000000000000000000 ) ) ;
#4672 = ORIENTED_EDGE ( 'NONE', *, *, #108, .F. ) ;
#4673 = LINE ( 'NONE', #2425, #3392 ) ;
#4674 = CARTESIAN_POINT ( 'NONE',  ( 1.010000000000000009, 1.510000000000000009, 0.2000000000000000111 ) ) ;
#4675 = CARTESIAN_POINT ( 'NONE',  ( 0.2776847966260967970, 0.2142428912178377942, -0.02000000000000000042 ) ) ;
#4676 = AXIS2_PLACEMENT_3D ( 'NONE', #2166, #6707, #1603 ) ;
#4677 = COLOUR_RGB ( '',0.7529411764705882248, 0.7529411764705882248, 0.7529411764705882248 ) ;
#4678 = EDGE_CURVE ( 'NONE', #499, #6001, #4973, .T. ) ;
#4679 = DIRECTION ( 'NONE',  ( 1.000000000000000000, 0.0000000000000000000, 0.0000000000000000000 ) ) ;
#4680 = EDGE_CURVE ( 'NONE', #1431, #6902, #3237, .T. ) ;
#4681 = LINE ( 'NONE', #1785, #6270 ) ;
#4682 = SURFACE_SIDE_STYLE ('',( #2346 ) ) ;
#4683 = DIRECTION ( 'NONE',  ( 1.000000000000000000, 0.0000000000000000000, 0.0000000000000000000 ) ) ;
#4684 = MECHANICAL_DESIGN_GEOMETRIC_PRESENTATION_REPRESENTATION (  '', ( #1027 ), #5637 ) ;
#4685 = CARTESIAN_POINT ( 'NONE',  ( 0.4059205366598896414, 0.01177282668827888713, -0.01000000000000000021 ) ) ;
#4686 = CARTESIAN_POINT ( 'NONE',  ( 0.3549345923616816223, 0.1922403515563295417, -0.009999999999999995004 ) ) ;
#4687 = CARTESIAN_POINT ( 'NONE',  ( 0.3490332754767795365, -0.1817815946991775122, -0.01000000000000000021 ) ) ;
#4688 = DIRECTION ( 'NONE',  ( 0.0000000000000000000, 0.0000000000000000000, -1.000000000000000000 ) ) ;
#4689 = STYLED_ITEM ( 'NONE', ( #4345 ), #4337 ) ;
#4690 = ORIENTED_EDGE ( 'NONE', *, *, #351, .F. ) ;
#4691 = EDGE_CURVE ( 'NONE', #4100, #1079, #946, .T. ) ;
#4692 = EDGE_CURVE ( 'NONE', #1002, #330, #4489, .T. ) ;
#4693 = FACE_OUTER_BOUND ( 'NONE', #6789, .T. ) ;
#4694 = CARTESIAN_POINT ( 'NONE',  ( 0.2558304039150821052, 0.1708382927501759518, -0.01000000000000000021 ) ) ;
#4695 = AXIS2_PLACEMENT_3D ( 'NONE', #583, #1176, #5808 ) ;
#4696 = ORIENTED_EDGE ( 'NONE', *, *, #5757, .T. ) ;
#4697 = CARTESIAN_POINT ( 'NONE',  ( -0.7110141082800399692, 0.2098626829940784255, -0.02000000000000000042 ) ) ;
#4698 = VECTOR ( 'NONE', #6968, 1000.000000000000000 ) ;
#4699 = COLOUR_RGB ( '',0.0000000000000000000, 0.0000000000000000000, 0.0000000000000000000 ) ;
#4700 = MECHANICAL_DESIGN_GEOMETRIC_PRESENTATION_REPRESENTATION (  '', ( #5786 ), #2882 ) ;
#4701 = CARTESIAN_POINT ( 'NONE',  ( -0.3173403277922349219, -0.1901373170059216522, -0.02000000000000000042 ) ) ;
#4702 = CARTESIAN_POINT ( 'NONE',  ( -0.4353171015056740978, -0.1043460401848955443, -0.01000000000000000021 ) ) ;
#4703 =( GEOMETRIC_REPRESENTATION_CONTEXT ( 3 ) GLOBAL_UNCERTAINTY_ASSIGNED_CONTEXT ( ( #5438 ) ) GLOBAL_UNIT_ASSIGNED_CONTEXT ( ( #1976, #4292, #6627 ) ) REPRESENTATION_CONTEXT ( 'NONE', 'WORKASPACE' ) );
#4704 = LINE ( 'NONE', #6032, #1228 ) ;
#4705 = VECTOR ( 'NONE', #2055, 1000.000000000000000 ) ;
#4706 = STYLED_ITEM ( 'NONE', ( #4335 ), #6169 ) ;
#4707 = DIRECTION ( 'NONE',  ( -0.0000000000000000000, 0.0000000000000000000, -1.000000000000000000 ) ) ;
#4708 = ORIENTED_EDGE ( 'NONE', *, *, #3524, .F. ) ;
#4709 = EDGE_LOOP ( 'NONE', ( #271, #2219, #2377, #2785 ) ) ;
#4710 = CARTESIAN_POINT ( 'NONE',  ( -0.2085750838897959536, 0.2098626829940784255, -0.02000000000000000042 ) ) ;
#4711 = DIRECTION ( 'NONE',  ( 0.3390537954853694580, 0.9407669869669987861, 0.0000000000000000000 ) ) ;
#4712 = STYLED_ITEM ( 'NONE', ( #7499 ), #2336 ) ;
#4713 = CARTESIAN_POINT ( 'NONE',  ( 0.2364255539937619444, -0.1496412803270115721, -0.02000000000000000042 ) ) ;
#4714 = EDGE_LOOP ( 'NONE', ( #6339, #1739, #4596, #1743 ) ) ;
#4715 = CARTESIAN_POINT ( 'NONE',  ( -0.7404281279891958834, 0.1445599769469426699, -0.02000000000000000042 ) ) ;
#4716 =( NAMED_UNIT ( * ) PLANE_ANGLE_UNIT ( ) SI_UNIT ( $, .RADIAN. ) );
#4717 = FILL_AREA_STYLE ('',( #234 ) ) ;
#4718 = LINE ( 'NONE', #7070, #1241 ) ;
#4719 = DIRECTION ( 'NONE',  ( 0.0000000000000000000, 0.0000000000000000000, -1.000000000000000000 ) ) ;
#4720 = ORIENTED_EDGE ( 'NONE', *, *, #6087, .T. ) ;
#4721 = CARTESIAN_POINT ( 'NONE',  ( 0.1929489344322777855, 0.2087329143297474154, -0.02000000000000000042 ) ) ;
#4722 = FILL_AREA_STYLE ('',( #61 ) ) ;
#4723 = PLANE ( 'NONE',  #80 ) ;
#4724 = CARTESIAN_POINT ( 'NONE',  ( -0.3539363797247152554, -0.1438321155657926453, -0.02000000000000000042 ) ) ;
#4725 = CARTESIAN_POINT ( 'NONE',  ( 0.3087863572464062956, -0.1454417015232583876, -0.02000000000000000042 ) ) ;
#4726 = ORIENTED_EDGE ( 'NONE', *, *, #55, .F. ) ;
#4727 =( NAMED_UNIT ( * ) SI_UNIT ( $, .STERADIAN. ) SOLID_ANGLE_UNIT ( ) );
#4728 = LINE ( 'NONE', #7045, #5785 ) ;
#4729 = ORIENTED_EDGE ( 'NONE', *, *, #247, .T. ) ;
#4730 = CARTESIAN_POINT ( 'NONE',  ( 0.4938639405004481286, -0.1901373170059216522, -0.01000000000000000021 ) ) ;
#4731 = ADVANCED_FACE ( 'NONE', ( #1705 ), #3462, .T. ) ;
#4732 = ADVANCED_FACE ( 'NONE', ( #6281 ), #5079, .T. ) ;
#4733 = CARTESIAN_POINT ( 'NONE',  ( 1.189999999999999947, -0.8249999999999998446, -0.02000000000000000042 ) ) ;
#4734 = CARTESIAN_POINT ( 'NONE',  ( 0.6750000000000000444, -1.215000000000000080, 0.2000000000000000111 ) ) ;
#4735 = SURFACE_STYLE_USAGE ( .BOTH. , #4152 ) ;
#4736 = CARTESIAN_POINT ( 'NONE',  ( 0.3399999999999999134, 1.500000000000000000, 0.2000000000000000111 ) ) ;
#4737 = LINE ( 'NONE', #1396, #3278 ) ;
#4738 = PRESENTATION_LAYER_ASSIGNMENT (  '', '', ( #2551 ) ) ;
#4739 = EDGE_CURVE ( 'NONE', #1797, #624, #6394, .T. ) ;
#4740 = SURFACE_SIDE_STYLE ('',( #539 ) ) ;
#4741 = ORIENTED_EDGE ( 'NONE', *, *, #2676, .T. ) ;
#4742 = EDGE_LOOP ( 'NONE', ( #6904, #2343, #4720, #6493, #2791, #4179 ) ) ;
#4743 = CARTESIAN_POINT ( 'NONE',  ( 0.1621566234272772411, -0.1694056096888484630, -0.02000000000000000042 ) ) ;
#4744 = CARTESIAN_POINT ( 'NONE',  ( -0.3828700272816151773, -0.1826899448584157204, -0.009999999999999995004 ) ) ;
#4745 = PRESENTATION_STYLE_ASSIGNMENT (( #661 ) ) ;
#4746 = ORIENTED_EDGE ( 'NONE', *, *, #2402, .F. ) ;
#4747 = CARTESIAN_POINT ( 'NONE',  ( -0.7315993125941080422, 0.1387975398072065214, -0.02000000000000000042 ) ) ;
#4748 = COLOUR_RGB ( '',0.7529411764705882248, 0.7529411764705882248, 0.7529411764705882248 ) ;
#4749 = CIRCLE ( 'NONE', #5714, 0.1150000000000000050 ) ;
#4750 = LINE ( 'NONE', #1959, #1178 ) ;
#4751 = PRESENTATION_STYLE_ASSIGNMENT (( #2427 ) ) ;
#4752 = VECTOR ( 'NONE', #1194, 1000.000000000000000 ) ;
#4753 = CARTESIAN_POINT ( 'NONE',  ( 0.5600000000000000533, 1.510000000000000009, -0.02000000000000000042 ) ) ;
#4754 = VECTOR ( 'NONE', #1108, 1000.000000000000000 ) ;
#4755 = PRESENTATION_STYLE_ASSIGNMENT (( #3612 ) ) ;
#4756 = ORIENTED_EDGE ( 'NONE', *, *, #4267, .F. ) ;
#4757 =( NAMED_UNIT ( * ) SI_UNIT ( $, .STERADIAN. ) SOLID_ANGLE_UNIT ( ) );
#4758 = CARTESIAN_POINT ( 'NONE',  ( 0.2165389027608430328, 0.2126726667808701843, -0.02000000000000000042 ) ) ;
#4759 = DIRECTION ( 'NONE',  ( 0.0000000000000000000, 0.0000000000000000000, 1.000000000000000000 ) ) ;
#4760 = DIRECTION ( 'NONE',  ( -1.000000000000000000, 0.0000000000000000000, 0.0000000000000000000 ) ) ;
#4761 = AXIS2_PLACEMENT_3D ( 'NONE', #513, #2852, #5930 ) ;
#4762 = CARTESIAN_POINT ( 'NONE',  ( 0.4597175990370334087, 0.002316951286761314600, -0.02000000000000000042 ) ) ;
#4763 = CARTESIAN_POINT ( 'NONE',  ( -0.3380377035984481471, 0.1656143496383678249, -0.01000000000000000021 ) ) ;
#4764 = CARTESIAN_POINT ( 'NONE',  ( -0.5600000000000000533, 1.510000000000000009, -0.02000000000000000042 ) ) ;
#4765 = CARTESIAN_POINT ( 'NONE',  ( 0.2800508066877112068, -0.1507204933050893814, -0.02000000000000000042 ) ) ;
#4766 = VECTOR ( 'NONE', #6724, 1000.000000000000000 ) ;
#4767 = FILL_AREA_STYLE_COLOUR ( '', #3660 ) ;
#4768 = STYLED_ITEM ( 'NONE', ( #3246 ), #3850 ) ;
#4769 = VERTEX_POINT ( 'NONE', #5854 ) ;
#4770 = AXIS2_PLACEMENT_3D ( 'NONE', #630, #7035, #1822 ) ;
#4771 = DIRECTION ( 'NONE',  ( -1.000000000000000000, 0.0000000000000000000, -0.0000000000000000000 ) ) ;
#4772 = FILL_AREA_STYLE_COLOUR ( '', #5753 ) ;
#4773 = DIRECTION ( 'NONE',  ( -1.000000000000000000, 0.0000000000000000000, 0.0000000000000000000 ) ) ;
#4774 = EDGE_CURVE ( 'NONE', #7085, #4417, #590, .T. ) ;
#4775 = CARTESIAN_POINT ( 'NONE',  ( -0.8824999999999991740, -0.8825000000000002842, 0.0000000000000000000 ) ) ;
#4776 = SURFACE_STYLE_USAGE ( .BOTH. , #7017 ) ;
#4777 = CARTESIAN_POINT ( 'NONE',  ( -0.3250441845691567910, -0.1461045944148157139, -0.01000000000000000021 ) ) ;
#4778 = EDGE_CURVE ( 'NONE', #4922, #2243, #1261, .T. ) ;
#4779 = PRESENTATION_STYLE_ASSIGNMENT (( #2372 ) ) ;
#4780 = CARTESIAN_POINT ( 'NONE',  ( -0.3212275229141862143, 0.1659602439696881704, -0.02000000000000000042 ) ) ;
#4781 = ORIENTED_EDGE ( 'NONE', *, *, #2535, .F. ) ;
#4782 = ORIENTED_EDGE ( 'NONE', *, *, #1985, .T. ) ;
#4783 = CARTESIAN_POINT ( 'NONE',  ( -0.3400000000000000799, -1.215000000000000080, -0.02000000000000000042 ) ) ;
#4784 = CARTESIAN_POINT ( 'NONE',  ( 0.2364255539937619444, -0.1496412803270115721, -0.01000000000000000021 ) ) ;
#4785 = ORIENTED_EDGE ( 'NONE', *, *, #1844, .F. ) ;
#4786 = CARTESIAN_POINT ( 'NONE',  ( -0.7315993125941080422, 0.1387975398072065214, -0.01000000000000000021 ) ) ;
#4787 = SURFACE_STYLE_FILL_AREA ( #6043 ) ;
#4788 = ADVANCED_FACE ( 'NONE', ( #2928 ), #755, .T. ) ;
#4789 = VECTOR ( 'NONE', #5248, 1000.000000000000000 ) ;
#4790 =( NAMED_UNIT ( * ) SI_UNIT ( $, .STERADIAN. ) SOLID_ANGLE_UNIT ( ) );
#4791 = CARTESIAN_POINT ( 'NONE',  ( 0.5600000000000000533, -1.215000000000000080, -0.02000000000000000042 ) ) ;
#4792 = EDGE_LOOP ( 'NONE', ( #954, #6273, #5710, #3843 ) ) ;
#4793 = DIRECTION ( 'NONE',  ( 0.0000000000000000000, 0.0000000000000000000, 1.000000000000000000 ) ) ;
#4794 = UNCERTAINTY_MEASURE_WITH_UNIT (LENGTH_MEASURE( 1.000000000000000082E-05 ), #4982, 'distance_accuracy_value', 'NONE');
#4795 =( NAMED_UNIT ( * ) PLANE_ANGLE_UNIT ( ) SI_UNIT ( $, .RADIAN. ) );
#4796 = PLANE ( 'NONE',  #5676 ) ;
#4797 = STYLED_ITEM ( 'NONE', ( #5160 ), #518 ) ;
#4798 =( NAMED_UNIT ( * ) SI_UNIT ( $, .STERADIAN. ) SOLID_ANGLE_UNIT ( ) );
#4799 = MECHANICAL_DESIGN_GEOMETRIC_PRESENTATION_REPRESENTATION (  '', ( #1759 ), #4427 ) ;
#4800 = CARTESIAN_POINT ( 'NONE',  ( 0.4159694188808807924, 0.1414817498688075714, -0.009999999999999995004 ) ) ;
#4801 = CARTESIAN_POINT ( 'NONE',  ( -0.4768677668166251271, 0.01374987811602959055, -0.02000000000000000042 ) ) ;
#4802 = DIRECTION ( 'NONE',  ( 1.000000000000000000, 0.0000000000000000000, 0.0000000000000000000 ) ) ;
#4803 = FACE_OUTER_BOUND ( 'NONE', #2077, .T. ) ;
#4804 = COLOUR_RGB ( '',0.7529411764705882248, 0.7529411764705882248, 0.7529411764705882248 ) ;
#4805 = VERTEX_POINT ( 'NONE', #4130 ) ;
#4806 = LINE ( 'NONE', #3589, #7250 ) ;
#4807 = PRESENTATION_STYLE_ASSIGNMENT (( #6554 ) ) ;
#4808 = PRESENTATION_STYLE_ASSIGNMENT (( #5992 ) ) ;
#4809 = VECTOR ( 'NONE', #6615, 1000.000000000000000 ) ;
#4810 = CARTESIAN_POINT ( 'NONE',  ( 0.4597175990370334087, 0.002316951286761314600, -0.01000000000000000021 ) ) ;
#4811 = CARTESIAN_POINT ( 'NONE',  ( -0.5600000000000000533, 1.215000000000000080, -0.02000000000000000042 ) ) ;
#4812 = CARTESIAN_POINT ( 'NONE',  ( -0.5225335043959098424, -0.04956283992870645638, -0.02000000000000000042 ) ) ;
#4813 = EDGE_CURVE ( 'NONE', #2095, #3642, #5894, .T. ) ;
#4814 = CARTESIAN_POINT ( 'NONE',  ( -1.010000000000000009, -1.215000000000000080, -0.02000000000000000042 ) ) ;
#4815 =( GEOMETRIC_REPRESENTATION_CONTEXT ( 3 ) GLOBAL_UNCERTAINTY_ASSIGNED_CONTEXT ( ( #3265 ) ) GLOBAL_UNIT_ASSIGNED_CONTEXT ( ( #5523, #3636, #3146 ) ) REPRESENTATION_CONTEXT ( 'NONE', 'WORKASPACE' ) );
#4816 = AXIS2_PLACEMENT_3D ( 'NONE', #5458, #6465, #2540 ) ;
#4817 = CIRCLE ( 'NONE', #551, 0.1255198065735227408 ) ;
#4818 = PLANE ( 'NONE',  #3722 ) ;
#4819 = ORIENTED_EDGE ( 'NONE', *, *, #3699, .T. ) ;
#4820 = ORIENTED_EDGE ( 'NONE', *, *, #6545, .F. ) ;
#4821 =( NAMED_UNIT ( * ) SI_UNIT ( $, .STERADIAN. ) SOLID_ANGLE_UNIT ( ) );
#4822 = DIRECTION ( 'NONE',  ( 0.0000000000000000000, -1.000000000000000000, 0.0000000000000000000 ) ) ;
#4823 = DIRECTION ( 'NONE',  ( -1.000000000000000000, 0.0000000000000000000, 0.0000000000000000000 ) ) ;
#4824 = VERTEX_POINT ( 'NONE', #1857 ) ;
#4825 = CARTESIAN_POINT ( 'NONE',  ( -0.3432137533258076134, 0.2093777267284331611, -0.01000000000000000021 ) ) ;
#4826 = EDGE_CURVE ( 'NONE', #3927, #69, #5390, .T. ) ;
#4827 = CARTESIAN_POINT ( 'NONE',  ( -0.7900000000000001465, 1.215000000000000080, 0.2000000000000000111 ) ) ;
#4828 = PRESENTATION_LAYER_ASSIGNMENT (  '', '', ( #4706 ) ) ;
#4829 = PRESENTATION_LAYER_ASSIGNMENT (  '', '', ( #6763 ) ) ;
#4830 =( LENGTH_UNIT ( ) NAMED_UNIT ( * ) SI_UNIT ( .MILLI., .METRE. ) );
#4831 = CARTESIAN_POINT ( 'NONE',  ( 0.7900000000000001465, 1.510000000000000009, 0.2000000000000000111 ) ) ;
#4832 = ORIENTED_EDGE ( 'NONE', *, *, #250, .T. ) ;
#4833 = ADVANCED_FACE ( 'NONE', ( #7113 ), #1886, .T. ) ;
#4834 = LINE ( 'NONE', #1223, #7102 ) ;
#4835 = CARTESIAN_POINT ( 'NONE',  ( 0.2558304039150821052, 0.1708382927501759518, -0.02000000000000000042 ) ) ;
#4836 = EDGE_CURVE ( 'NONE', #5089, #2420, #3760, .T. ) ;
#4837 = ADVANCED_FACE ( 'NONE', ( #900 ), #240, .T. ) ;
#4838 = PLANE ( 'NONE',  #4943 ) ;
#4839 = PLANE ( 'NONE',  #3812 ) ;
#4840 =( GEOMETRIC_REPRESENTATION_CONTEXT ( 3 ) GLOBAL_UNCERTAINTY_ASSIGNED_CONTEXT ( ( #2006 ) ) GLOBAL_UNIT_ASSIGNED_CONTEXT ( ( #883, #925, #2056 ) ) REPRESENTATION_CONTEXT ( 'NONE', 'WORKASPACE' ) );
#4841 = PRESENTATION_STYLE_ASSIGNMENT (( #5396 ) ) ;
#4842 = CARTESIAN_POINT ( 'NONE',  ( -0.4604244497579174089, 0.09387581155780010123, -0.01000000000000000021 ) ) ;
#4843 = ADVANCED_FACE ( 'NONE', ( #2585 ), #6727, .T. ) ;
#4844 = UNCERTAINTY_MEASURE_WITH_UNIT (LENGTH_MEASURE( 1.000000000000000082E-05 ), #5076, 'distance_accuracy_value', 'NONE');
#4845 =( NAMED_UNIT ( * ) PLANE_ANGLE_UNIT ( ) SI_UNIT ( $, .RADIAN. ) );
#4846 = EDGE_LOOP ( 'NONE', ( #3074, #7214, #1322, #1097 ) ) ;
#4847 = CARTESIAN_POINT ( 'NONE',  ( 0.2425575115995259601, 0.2146423099744507179, -0.02000000000000000042 ) ) ;
#4848 = DIRECTION ( 'NONE',  ( 0.0000000000000000000, 1.000000000000000000, 0.0000000000000000000 ) ) ;
#4849 = DIRECTION ( 'NONE',  ( 0.0000000000000000000, -1.000000000000000000, 0.0000000000000000000 ) ) ;
#4850 = LINE ( 'NONE', #5366, #3405 ) ;
#4851 = CARTESIAN_POINT ( 'NONE',  ( 0.4938639405004481286, 0.0000000000000000000, -0.01000000000000000021 ) ) ;
#4852 = B_SPLINE_SURFACE_WITH_KNOTS ( 'NONE', 3, 1, ( 
 ( #6386, #5630 ),
 ( #3643, #6221 ),
 ( #5418, #163 ),
 ( #1530, #1327 ),
 ( #3080, #3684 ),
 ( #6785, #1918 ),
 ( #6568, #1567 ),
 ( #2578, #198 ),
 ( #6748, #2714 ),
 ( #4235, #3857 ),
 ( #1958, #4862 ),
 ( #7177, #1367 ),
 ( #6187, #996 ),
 ( #2506, #3717 ),
 ( #5594, #379 ),
 ( #5962, #4276 ),
 ( #4825, #3113 ),
 ( #4897, #3891 ),
 ( #820, #5016 ) ),
 .UNSPECIFIED., .F., .F., .F.,
 ( 4, 1, 1, 1, 1, 1, 1, 1, 1, 1, 1, 1, 1, 1, 1, 1, 4 ),
 ( 2, 2 ),
 ( 0.0000000000000000000, 0.06769221769767075347, 0.1323637336540468556, 0.1945841581854372837, 0.2550041296522027601, 0.3146506778394834170, 0.3738941353824544178, 0.4337861252353285568, 0.4948665705150750993, 0.5564625259642711486, 0.6172782534969807333, 0.6780008485158415255, 0.7392102333591552554, 0.8016718459891192250, 0.8654335339613232758, 0.9313688213233990432, 1.000000000000000000 ),
 ( 0.0000000000000000000, 1.000000000000000000 ),
 .UNSPECIFIED. ) ;
#4853 =( NAMED_UNIT ( * ) SI_UNIT ( $, .STERADIAN. ) SOLID_ANGLE_UNIT ( ) );
#4854 = CARTESIAN_POINT ( 'NONE',  ( -1.010000000000000009, -1.215000000000000080, 0.2000000000000000111 ) ) ;
#4855 = CARTESIAN_POINT ( 'NONE',  ( 0.3399999999999999134, 1.510000000000000009, -0.02000000000000000042 ) ) ;
#4856 =( NAMED_UNIT ( * ) PLANE_ANGLE_UNIT ( ) SI_UNIT ( $, .RADIAN. ) );
#4857 = VERTEX_POINT ( 'NONE', #1015 ) ;
#4858 = ORIENTED_EDGE ( 'NONE', *, *, #1578, .T. ) ;
#4859 = CARTESIAN_POINT ( 'NONE',  ( -1.010000000000000009, 1.215000000000000080, -0.02000000000000000042 ) ) ;
#4860 = SURFACE_STYLE_FILL_AREA ( #6002 ) ;
#4861 = ORIENTED_EDGE ( 'NONE', *, *, #2644, .T. ) ;
#4862 = CARTESIAN_POINT ( 'NONE',  ( -0.4557810093796368922, 0.1695224752681614155, -0.02000000000000000042 ) ) ;
#4863 = LINE ( 'NONE', #1328, #6166 ) ;
#4864 =( GEOMETRIC_REPRESENTATION_CONTEXT ( 3 ) GLOBAL_UNCERTAINTY_ASSIGNED_CONTEXT ( ( #4844 ) ) GLOBAL_UNIT_ASSIGNED_CONTEXT ( ( #5076, #2369, #3027 ) ) REPRESENTATION_CONTEXT ( 'NONE', 'WORKASPACE' ) );
#4865 = DIRECTION ( 'NONE',  ( 0.0000000000000000000, -0.0000000000000000000, -1.000000000000000000 ) ) ;
#4866 = DIRECTION ( 'NONE',  ( -0.0000000000000000000, 0.0000000000000000000, 1.000000000000000000 ) ) ;
#4867 = VERTEX_POINT ( 'NONE', #5110 ) ;
#4868 = FACE_OUTER_BOUND ( 'NONE', #995, .T. ) ;
#4869 = SURFACE_STYLE_USAGE ( .BOTH. , #4965 ) ;
#4870 = EDGE_CURVE ( 'NONE', #4805, #3737, #3910, .T. ) ;
#4871 = CARTESIAN_POINT ( 'NONE',  ( 1.010000000000000009, 1.500000000000000000, 0.2000000000000000111 ) ) ;
#4872 = CARTESIAN_POINT ( 'NONE',  ( 0.3313437569818610817, -0.1877572244239512633, -0.02000000000000000042 ) ) ;
#4873 = CIRCLE ( 'NONE', #3535, 0.1150000000000000883 ) ;
#4874 = EDGE_CURVE ( 'NONE', #6162, #5378, #5148, .T. ) ;
#4875 = COLOUR_RGB ( '',0.7529411764705882248, 0.7529411764705882248, 0.7529411764705882248 ) ;
#4876 = CARTESIAN_POINT ( 'NONE',  ( -0.3212275229141862143, 0.1659602439696881704, -0.02000000000000000042 ) ) ;
#4877 = EDGE_CURVE ( 'NONE', #7364, #21, #505, .T. ) ;
#4878 = CARTESIAN_POINT ( 'NONE',  ( 0.4060590624516675629, 0.005594390311151550138, -0.01000000000000000021 ) ) ;
#4879 = CARTESIAN_POINT ( 'NONE',  ( 0.1621566234272772411, 0.0000000000000000000, -0.01000000000000000021 ) ) ;
#4880 = MECHANICAL_DESIGN_GEOMETRIC_PRESENTATION_REPRESENTATION (  '', ( #5342 ), #5467 ) ;
#4881 = LINE ( 'NONE', #4330, #5420 ) ;
#4882 = ORIENTED_EDGE ( 'NONE', *, *, #4918, .T. ) ;
#4883 = CARTESIAN_POINT ( 'NONE',  ( -0.7646726448654057595, 0.2098626829940784255, -0.02000000000000000042 ) ) ;
#4884 = VECTOR ( 'NONE', #5811, 1000.000000000000000 ) ;
#4885 = VECTOR ( 'NONE', #4347, 1000.000000000000000 ) ;
#4886 = STYLED_ITEM ( 'NONE', ( #890 ), #5040 ) ;
#4887 = CARTESIAN_POINT ( 'NONE',  ( -0.5305263034019911395, 0.01489317079895642083, -0.02000000000000000042 ) ) ;
#4888 = STYLED_ITEM ( 'NONE', ( #986 ), #4732 ) ;
#4889 = LINE ( 'NONE', #2098, #555 ) ;
#4890 = DIRECTION ( 'NONE',  ( 0.0000000000000000000, 0.0000000000000000000, -1.000000000000000000 ) ) ;
#4891 =( LENGTH_UNIT ( ) NAMED_UNIT ( * ) SI_UNIT ( .MILLI., .METRE. ) );
#4892 = ORIENTED_EDGE ( 'NONE', *, *, #5858, .T. ) ;
#4893 = ORIENTED_EDGE ( 'NONE', *, *, #1744, .F. ) ;
#4894 = CARTESIAN_POINT ( 'NONE',  ( 1.189999999999999947, 0.8250000000000000666, 0.2000000000000000111 ) ) ;
#4895 = PRESENTATION_STYLE_ASSIGNMENT (( #2576 ) ) ;
#4896 = ORIENTED_EDGE ( 'NONE', *, *, #3620, .T. ) ;
#4897 = CARTESIAN_POINT ( 'NONE',  ( -0.3288049270773114041, 0.2096988862130454434, -0.01000000000000000021 ) ) ;
#4898 = SURFACE_STYLE_FILL_AREA ( #6048 ) ;
#4899 = CARTESIAN_POINT ( 'NONE',  ( -0.7900000000000001465, -1.510000000000000009, 0.2000000000000000111 ) ) ;
#4900 = ORIENTED_EDGE ( 'NONE', *, *, #2931, .T. ) ;
#4901 = SURFACE_STYLE_USAGE ( .BOTH. , #242 ) ;
#4902 = CARTESIAN_POINT ( 'NONE',  ( 1.125000000000000222, -1.215000000000000080, -0.02000000000000000042 ) ) ;
#4903 = SURFACE_STYLE_USAGE ( .BOTH. , #7154 ) ;
#4904 = VECTOR ( 'NONE', #6440, 1000.000000000000000 ) ;
#4905 = EDGE_CURVE ( 'NONE', #6471, #4805, #7478, .T. ) ;
#4906 = LINE ( 'NONE', #209, #2177 ) ;
#4907 = FILL_AREA_STYLE ('',( #2589 ) ) ;
#4908 =( NAMED_UNIT ( * ) PLANE_ANGLE_UNIT ( ) SI_UNIT ( $, .RADIAN. ) );
#4909 = UNCERTAINTY_MEASURE_WITH_UNIT (LENGTH_MEASURE( 1.000000000000000082E-05 ), #1904, 'distance_accuracy_value', 'NONE');
#4910 = CARTESIAN_POINT ( 'NONE',  ( -0.5600000000000000533, 1.510000000000000009, 0.2000000000000000111 ) ) ;
#4911 = PRESENTATION_LAYER_ASSIGNMENT (  '', '', ( #3447 ) ) ;
#4912 =( NAMED_UNIT ( * ) PLANE_ANGLE_UNIT ( ) SI_UNIT ( $, .RADIAN. ) );
#4913 = EDGE_LOOP ( 'NONE', ( #4729, #826, #6381, #2101 ) ) ;
#4914 = CIRCLE ( 'NONE', #2109, 0.1150000000000000050 ) ;
#4915 = CARTESIAN_POINT ( 'NONE',  ( -0.4764818658704725318, 0.03178738365397937998, -0.01000000000000000021 ) ) ;
#4916 = FILL_AREA_STYLE_COLOUR ( '', #891 ) ;
#4917 = LINE ( 'NONE', #3100, #6341 ) ;
#4918 = EDGE_CURVE ( 'NONE', #1772, #6662, #1590, .T. ) ;
#4919 = ADVANCED_FACE ( 'NONE', ( #1660 ), #432, .T. ) ;
#4920 = EDGE_CURVE ( 'NONE', #2522, #6009, #2263, .T. ) ;
#4921 = CARTESIAN_POINT ( 'NONE',  ( -0.7373860594995520490, 0.1610821951892003334, -0.02000000000000000042 ) ) ;
#4922 = VERTEX_POINT ( 'NONE', #1136 ) ;
#4923 = SURFACE_STYLE_USAGE ( .BOTH. , #229 ) ;
#4924 = LINE ( 'NONE', #5025, #1831 ) ;
#4925 = EDGE_LOOP ( 'NONE', ( #4273, #4372, #701, #1235 ) ) ;
#4926 =( GEOMETRIC_REPRESENTATION_CONTEXT ( 3 ) GLOBAL_UNCERTAINTY_ASSIGNED_CONTEXT ( ( #1513 ) ) GLOBAL_UNIT_ASSIGNED_CONTEXT ( ( #4522, #3944, #3834 ) ) REPRESENTATION_CONTEXT ( 'NONE', 'WORKASPACE' ) );
#4927 = MECHANICAL_DESIGN_GEOMETRIC_PRESENTATION_REPRESENTATION (  '', ( #1891 ), #420 ) ;
#4928 = UNCERTAINTY_MEASURE_WITH_UNIT (LENGTH_MEASURE( 1.000000000000000082E-05 ), #65, 'distance_accuracy_value', 'NONE');
#4929 =( NAMED_UNIT ( * ) SI_UNIT ( $, .STERADIAN. ) SOLID_ANGLE_UNIT ( ) );
#4930 = DIRECTION ( 'NONE',  ( -1.000000000000000000, 0.0000000000000000000, 0.0000000000000000000 ) ) ;
#4931 = VERTEX_POINT ( 'NONE', #3451 ) ;
#4932 = PLANE ( 'NONE',  #7011 ) ;
#4933 =( LENGTH_UNIT ( ) NAMED_UNIT ( * ) SI_UNIT ( .MILLI., .METRE. ) );
#4934 = ORIENTED_EDGE ( 'NONE', *, *, #5590, .F. ) ;
#4935 = MECHANICAL_DESIGN_GEOMETRIC_PRESENTATION_REPRESENTATION (  '', ( #1062 ), #2264 ) ;
#4936 =( NAMED_UNIT ( * ) PLANE_ANGLE_UNIT ( ) SI_UNIT ( $, .RADIAN. ) );
#4937 =( LENGTH_UNIT ( ) NAMED_UNIT ( * ) SI_UNIT ( .MILLI., .METRE. ) );
#4938 = AXIS2_PLACEMENT_3D ( 'NONE', #723, #5200, #4101 ) ;
#4939 = CARTESIAN_POINT ( 'NONE',  ( 0.4038662696170053912, -0.02834711105378114049, -0.01000000000000000021 ) ) ;
#4940 = LINE ( 'NONE', #2555, #7008 ) ;
#4941 = ORIENTED_EDGE ( 'NONE', *, *, #4012, .F. ) ;
#4942 = MECHANICAL_DESIGN_GEOMETRIC_PRESENTATION_REPRESENTATION (  '', ( #4589 ), #4840 ) ;
#4943 = AXIS2_PLACEMENT_3D ( 'NONE', #3727, #4286, #243 ) ;
#4944 = DIRECTION ( 'NONE',  ( 0.0000000000000000000, 0.0000000000000000000, -1.000000000000000000 ) ) ;
#4945 = FILL_AREA_STYLE ('',( #2050 ) ) ;
#4946 = LINE ( 'NONE', #7270, #1238 ) ;
#4947 = PLANE ( 'NONE',  #3125 ) ;
#4948 = CARTESIAN_POINT ( 'NONE',  ( 0.5600000000000000533, 1.510000000000000009, 0.2000000000000000111 ) ) ;
#4949 = VECTOR ( 'NONE', #222, 1000.000000000000000 ) ;
#4950 = ORIENTED_EDGE ( 'NONE', *, *, #690, .T. ) ;
#4951 = CARTESIAN_POINT ( 'NONE',  ( -0.4442392103361721967, 0.1178507096355062567, -0.02000000000000000042 ) ) ;
#4952 = EDGE_CURVE ( 'NONE', #7173, #5619, #2733, .T. ) ;
#4953 = ADVANCED_FACE ( 'NONE', ( #7366 ), #4560, .T. ) ;
#4954 = PLANE ( 'NONE',  #542 ) ;
#4955 = VERTEX_POINT ( 'NONE', #2959 ) ;
#4956 =( NAMED_UNIT ( * ) PLANE_ANGLE_UNIT ( ) SI_UNIT ( $, .RADIAN. ) );
#4957 = VERTEX_POINT ( 'NONE', #6494 ) ;
#4958 = UNCERTAINTY_MEASURE_WITH_UNIT (LENGTH_MEASURE( 1.000000000000000082E-05 ), #2777, 'distance_accuracy_value', 'NONE');
#4959 = CARTESIAN_POINT ( 'NONE',  ( -0.2622336204751618549, -0.1462348779815314248, -0.02000000000000000042 ) ) ;
#4960 = EDGE_CURVE ( 'NONE', #963, #5493, #5334, .T. ) ;
#4961 = LINE ( 'NONE', #1472, #4766 ) ;
#4962 = SURFACE_STYLE_FILL_AREA ( #2652 ) ;
#4963 = ORIENTED_EDGE ( 'NONE', *, *, #6972, .T. ) ;
#4964 = PLANE ( 'NONE',  #6255 ) ;
#4965 = SURFACE_SIDE_STYLE ('',( #1374 ) ) ;
#4966 = DIRECTION ( 'NONE',  ( 0.0000000000000000000, 1.000000000000000000, 0.0000000000000000000 ) ) ;
#4967 = DIRECTION ( 'NONE',  ( -1.000000000000000000, 0.0000000000000000000, 0.0000000000000000000 ) ) ;
#4968 = FACE_OUTER_BOUND ( 'NONE', #2957, .T. ) ;
#4969 = DIRECTION ( 'NONE',  ( -0.0000000000000000000, -1.000000000000000000, -0.0000000000000000000 ) ) ;
#4970 = EDGE_LOOP ( 'NONE', ( #1848, #105, #629, #932 ) ) ;
#4971 = DIRECTION ( 'NONE',  ( 0.0000000000000000000, 0.0000000000000000000, -1.000000000000000000 ) ) ;
#4972 = CARTESIAN_POINT ( 'NONE',  ( 0.3843792147307389384, -0.08585995103556626207, -0.02000000000000000042 ) ) ;
#4973 = LINE ( 'NONE', #6139, #3913 ) ;
#4974 = ORIENTED_EDGE ( 'NONE', *, *, #4952, .T. ) ;
#4975 = COLOUR_RGB ( '',0.0000000000000000000, 0.0000000000000000000, 0.0000000000000000000 ) ;
#4976 = LINE ( 'NONE', #951, #6409 ) ;
#4977 = FILL_AREA_STYLE ('',( #2667 ) ) ;
#4978 = COLOUR_RGB ( '',0.7529411764705882248, 0.7529411764705882248, 0.7529411764705882248 ) ;
#4979 = COLOUR_RGB ( '',0.0000000000000000000, 0.0000000000000000000, 0.0000000000000000000 ) ;
#4980 = EDGE_LOOP ( 'NONE', ( #6495, #5892, #2941, #2301 ) ) ;
#4981 =( LENGTH_UNIT ( ) NAMED_UNIT ( * ) SI_UNIT ( .MILLI., .METRE. ) );
#4982 =( LENGTH_UNIT ( ) NAMED_UNIT ( * ) SI_UNIT ( .MILLI., .METRE. ) );
#4983 = ORIENTED_EDGE ( 'NONE', *, *, #5757, .F. ) ;
#4984 = DIRECTION ( 'NONE',  ( 0.3390537954853694580, 0.9407669869669987861, 0.0000000000000000000 ) ) ;
#4985 = EDGE_LOOP ( 'NONE', ( #411, #7196, #511, #4156 ) ) ;
#4986 = EDGE_CURVE ( 'NONE', #7112, #1666, #86, .T. ) ;
#4987 = ADVANCED_FACE ( 'NONE', ( #5182 ), #1286, .T. ) ;
#4988 = ORIENTED_EDGE ( 'NONE', *, *, #342, .F. ) ;
#4989 = CARTESIAN_POINT ( 'NONE',  ( 0.3220035648673486572, -0.1407917714460156788, -0.01000000000000000021 ) ) ;
#4990 = AXIS2_PLACEMENT_3D ( 'NONE', #1745, #2311, #2926 ) ;
#4991 = MECHANICAL_DESIGN_GEOMETRIC_PRESENTATION_REPRESENTATION (  '', ( #1961 ), #6594 ) ;
#4992 = DIRECTION ( 'NONE',  ( 0.0000000000000000000, 0.0000000000000000000, -1.000000000000000000 ) ) ;
#4993 = ORIENTED_EDGE ( 'NONE', *, *, #4920, .F. ) ;
#4994 = DIRECTION ( 'NONE',  ( -0.3536223923290756632, 0.9353882635801357148, 0.0000000000000000000 ) ) ;
#4995 = B_SPLINE_CURVE_WITH_KNOTS ( 'NONE', 3,
 ( #7246, #2646, #1435, #6157, #7355, #2721, #3750, #7319, #1466, #6720, #6121, #3789, #6198, #348, #3257, #5492, #2681, #5565, #4396 ),
 .UNSPECIFIED., .F., .F.,
 ( 4, 1, 1, 1, 1, 1, 1, 1, 1, 1, 1, 1, 1, 1, 1, 1, 4 ),
 ( 0.0000000000000000000, 0.07377411937406361253, 0.1440791147260413740, 0.2113485183089115760, 0.2760768857398838705, 0.3385209158196766932, 0.3998851166931336465, 0.4602540674652131902, 0.5205889643912480214, 0.5802076845630442792, 0.6386329085525459526, 0.6963645494905239541, 0.7540017746600128357, 0.8128056813744979348, 0.8727544255255602623, 0.9351819969782670938, 1.000000000000000000 ),
 .UNSPECIFIED. ) ;
#4996 = CARTESIAN_POINT ( 'NONE',  ( -0.5600000000000000533, -1.510000000000000009, 0.2000000000000000111 ) ) ;
#4997 = VERTEX_POINT ( 'NONE', #7140 ) ;
#4998 = CARTESIAN_POINT ( 'NONE',  ( -1.125000000000000222, 1.215000000000000080, 0.0000000000000000000 ) ) ;
#4999 = DIRECTION ( 'NONE',  ( 0.0000000000000000000, 0.0000000000000000000, -1.000000000000000000 ) ) ;
#5000 = LINE ( 'NONE', #6768, #6946 ) ;
#5001 = CARTESIAN_POINT ( 'NONE',  ( 0.1952410491333529952, 0.1609955425090738024, -0.02000000000000000042 ) ) ;
#5002 = UNCERTAINTY_MEASURE_WITH_UNIT (LENGTH_MEASURE( 1.000000000000000082E-05 ), #3093, 'distance_accuracy_value', 'NONE');
#5003 = CARTESIAN_POINT ( 'NONE',  ( -0.4850555645901181712, 0.1434342661594736612, -0.01000000000000000021 ) ) ;
#5004 = EDGE_CURVE ( 'NONE', #6097, #5094, #5452, .T. ) ;
#5005 = ORIENTED_EDGE ( 'NONE', *, *, #6744, .F. ) ;
#5006 = LINE ( 'NONE', #945, #2462 ) ;
#5007 = CARTESIAN_POINT ( 'NONE',  ( -1.499999999999999334, -1.500000000000000000, 0.0000000000000000000 ) ) ;
#5008 = CARTESIAN_POINT ( 'NONE',  ( 0.2776847966260967970, 0.2142428912178377942, -0.01000000000000000021 ) ) ;
#5009 = CARTESIAN_POINT ( 'NONE',  ( -0.4530005171578381784, 0.1064408229294378921, -0.01000000000000000021 ) ) ;
#5010 = PRESENTATION_STYLE_ASSIGNMENT (( #293 ) ) ;
#5011 =( LENGTH_UNIT ( ) NAMED_UNIT ( * ) SI_UNIT ( .MILLI., .METRE. ) );
#5012 = VECTOR ( 'NONE', #1679, 1000.000000000000000 ) ;
#5013 = EDGE_LOOP ( 'NONE', ( #5751, #6939, #6756, #3371 ) ) ;
#5014 = CARTESIAN_POINT ( 'NONE',  ( 0.3812806193728585091, -0.1648971914615527390, -0.02000000000000000042 ) ) ;
#5015 = VERTEX_POINT ( 'NONE', #1465 ) ;
#5016 = CARTESIAN_POINT ( 'NONE',  ( -0.3214561814507716497, 0.2098626829940784255, -0.02000000000000000042 ) ) ;
#5017 = CARTESIAN_POINT ( 'NONE',  ( 0.3399999999999999134, -1.510000000000000009, 0.2000000000000000111 ) ) ;
#5018 = SURFACE_SIDE_STYLE ('',( #2789 ) ) ;
#5019 = CARTESIAN_POINT ( 'NONE',  ( 0.1658335554788118171, -0.1275741923356732421, -0.01000000000000000021 ) ) ;
#5020 =( GEOMETRIC_REPRESENTATION_CONTEXT ( 3 ) GLOBAL_UNCERTAINTY_ASSIGNED_CONTEXT ( ( #1469 ) ) GLOBAL_UNIT_ASSIGNED_CONTEXT ( ( #6651, #1509, #277 ) ) REPRESENTATION_CONTEXT ( 'NONE', 'WORKASPACE' ) );
#5021 = EDGE_LOOP ( 'NONE', ( #6351, #620, #3434, #3459 ) ) ;
#5022 = CARTESIAN_POINT ( 'NONE',  ( -0.4768677668166251271, 0.01374987811602959055, -0.02000000000000000042 ) ) ;
#5023 = ORIENTED_EDGE ( 'NONE', *, *, #3195, .T. ) ;
#5024 = EDGE_CURVE ( 'NONE', #525, #5555, #5416, .T. ) ;
#5025 = CARTESIAN_POINT ( 'NONE',  ( -1.240000000000000213, 1.215000000000000080, 0.2000000000000000111 ) ) ;
#5026 = ORIENTED_EDGE ( 'NONE', *, *, #1196, .F. ) ;
#5027 = FACE_OUTER_BOUND ( 'NONE', #6170, .T. ) ;
#5028 = B_SPLINE_CURVE_WITH_KNOTS ( 'NONE', 3,
 ( #6962, #475, #2274, #1748, #5622, #5080, #2816, #7412, #5118, #2201, #4570 ),
 .UNSPECIFIED., .F., .F.,
 ( 4, 1, 1, 1, 1, 1, 1, 1, 4 ),
 ( 0.0000000000000000000, 0.1124483899088010164, 0.2265276752126777204, 0.3444019493260284670, 0.4658649724874589504, 0.5916594493521171172, 0.7221684870248873400, 0.8586063875549265756, 1.000000000000000000 ),
 .UNSPECIFIED. ) ;
#5029 = SURFACE_SIDE_STYLE ('',( #6764 ) ) ;
#5030 = ORIENTED_EDGE ( 'NONE', *, *, #7180, .T. ) ;
#5031 = DIRECTION ( 'NONE',  ( 1.000000000000000000, 0.0000000000000000000, 0.0000000000000000000 ) ) ;
#5032 = UNCERTAINTY_MEASURE_WITH_UNIT (LENGTH_MEASURE( 1.000000000000000082E-05 ), #6767, 'distance_accuracy_value', 'NONE');
#5033 = CARTESIAN_POINT ( 'NONE',  ( 0.03044930635410657283, 0.0000000000000000000, -0.01000000000000000021 ) ) ;
#5034 = SURFACE_STYLE_USAGE ( .BOTH. , #2739 ) ;
#5035 = MECHANICAL_DESIGN_GEOMETRIC_PRESENTATION_REPRESENTATION (  '', ( #674 ), #5043 ) ;
#5036 = VERTEX_POINT ( 'NONE', #5380 ) ;
#5037 = AXIS2_PLACEMENT_3D ( 'NONE', #5198, #1606, #451 ) ;
#5038 = CARTESIAN_POINT ( 'NONE',  ( 0.6987419892809358934, 0.2098626829940784255, -0.02000000000000000042 ) ) ;
#5039 = SURFACE_SIDE_STYLE ('',( #1063 ) ) ;
#5040 = ADVANCED_FACE ( 'NONE', ( #4274 ), #160, .T. ) ;
#5041 = SURFACE_SIDE_STYLE ('',( #6319 ) ) ;
#5042 = MECHANICAL_DESIGN_GEOMETRIC_PRESENTATION_REPRESENTATION (  '', ( #1305 ), #7002 ) ;
#5043 =( GEOMETRIC_REPRESENTATION_CONTEXT ( 3 ) GLOBAL_UNCERTAINTY_ASSIGNED_CONTEXT ( ( #3934 ) ) GLOBAL_UNIT_ASSIGNED_CONTEXT ( ( #4933, #7256, #7373 ) ) REPRESENTATION_CONTEXT ( 'NONE', 'WORKASPACE' ) );
#5044 = UNCERTAINTY_MEASURE_WITH_UNIT (LENGTH_MEASURE( 1.000000000000000082E-05 ), #1461, 'distance_accuracy_value', 'NONE');
#5045 = VECTOR ( 'NONE', #6484, 999.9999999999998863 ) ;
#5046 = CARTESIAN_POINT ( 'NONE',  ( 0.4592024447350110394, 0.02532969635811515088, -0.01000000000000000021 ) ) ;
#5047 = PRESENTATION_LAYER_ASSIGNMENT (  '', '', ( #2140 ) ) ;
#5048 = FILL_AREA_STYLE_COLOUR ( '', #5705 ) ;
#5049 = VECTOR ( 'NONE', #3629, 1000.000000000000000 ) ;
#5050 = CARTESIAN_POINT ( 'NONE',  ( 0.3399999999999999134, 1.215000000000000080, 0.0000000000000000000 ) ) ;
#5051 = CARTESIAN_POINT ( 'NONE',  ( 0.2718794449609584496, 0.1704932089854381827, -0.02000000000000000042 ) ) ;
#5052 = VECTOR ( 'NONE', #360, 1000.000000000000000 ) ;
#5053 = ADVANCED_FACE ( 'NONE', ( #4232 ), #6565, .T. ) ;
#5054 = ORIENTED_EDGE ( 'NONE', *, *, #2923, .F. ) ;
#5055 = CARTESIAN_POINT ( 'NONE',  ( 0.7900000000000001465, 1.500000000000000000, 0.0000000000000000000 ) ) ;
#5056 = COLOUR_RGB ( '',0.7529411764705882248, 0.7529411764705882248, 0.7529411764705882248 ) ;
#5057 = ORIENTED_EDGE ( 'NONE', *, *, #6316, .T. ) ;
#5058 = VECTOR ( 'NONE', #3123, 1000.000000000000000 ) ;
#5059 = LINE ( 'NONE', #6041, #6197 ) ;
#5060 = CARTESIAN_POINT ( 'NONE',  ( 0.2308576298890842315, 0.1693518536945711472, -0.02000000000000000042 ) ) ;
#5061 = DIRECTION ( 'NONE',  ( 0.0000000000000000000, -0.0000000000000000000, 1.000000000000000000 ) ) ;
#5062 = FACE_OUTER_BOUND ( 'NONE', #1134, .T. ) ;
#5063 = ORIENTED_EDGE ( 'NONE', *, *, #7243, .T. ) ;
#5064 = CARTESIAN_POINT ( 'NONE',  ( -0.4220930526358548929, 0.1895512673978209661, -0.02000000000000000042 ) ) ;
#5065 = ORIENTED_EDGE ( 'NONE', *, *, #3745, .T. ) ;
#5066 = CARTESIAN_POINT ( 'NONE',  ( 1.240000000000000213, -1.510000000000000009, 0.2000000000000000111 ) ) ;
#5067 = LINE ( 'NONE', #3902, #4010 ) ;
#5068 = UNCERTAINTY_MEASURE_WITH_UNIT (LENGTH_MEASURE( 1.000000000000000082E-05 ), #6907, 'distance_accuracy_value', 'NONE');
#5069 = VERTEX_POINT ( 'NONE', #3256 ) ;
#5070 = FACE_OUTER_BOUND ( 'NONE', #3908, .T. ) ;
#5071 =( NAMED_UNIT ( * ) SI_UNIT ( $, .STERADIAN. ) SOLID_ANGLE_UNIT ( ) );
#5072 = VERTEX_POINT ( 'NONE', #5563 ) ;
#5073 = LINE ( 'NONE', #1592, #1059 ) ;
#5074 = COLOUR_RGB ( '',0.0000000000000000000, 0.0000000000000000000, 0.0000000000000000000 ) ;
#5075 = ORIENTED_EDGE ( 'NONE', *, *, #950, .F. ) ;
#5076 =( LENGTH_UNIT ( ) NAMED_UNIT ( * ) SI_UNIT ( .MILLI., .METRE. ) );
#5077 =( NAMED_UNIT ( * ) PLANE_ANGLE_UNIT ( ) SI_UNIT ( $, .RADIAN. ) );
#5078 = EDGE_CURVE ( 'NONE', #4389, #7497, #347, .T. ) ;
#5079 = B_SPLINE_SURFACE_WITH_KNOTS ( 'NONE', 3, 1, ( 
 ( #7486, #2275 ),
 ( #6921, #4025 ),
 ( #6359, #554 ),
 ( #2313, #3349 ),
 ( #1101, #4571 ),
 ( #5661, #7413 ),
 ( #4534, #6846 ),
 ( #3386, #5703 ),
 ( #6883, #1669 ),
 ( #3990, #2515 ),
 ( #3615, #2347 ),
 ( #7151, #4208 ),
 ( #6991, #3505 ),
 ( #671, #4060 ),
 ( #3044, #6472 ),
 ( #5933, #2971 ),
 ( #170, #3005 ),
 ( #4168, #711 ),
 ( #5349, #4835 ) ),
 .UNSPECIFIED., .F., .F., .F.,
 ( 4, 1, 1, 1, 1, 1, 1, 1, 1, 1, 1, 1, 1, 1, 1, 1, 4 ),
 ( 2, 2 ),
 ( 0.0000000000000000000, 0.07368790416080972516, 0.1434951399561691376, 0.2105322638271133195, 0.2752604897027681741, 0.3376664975225576182, 0.3988081936192181542, 0.4593218652244839273, 0.5199666592233036511, 0.5797597770715323673, 0.6384969260293744675, 0.6963479755500245894, 0.7544943126345624584, 0.8132431859643816097, 0.8732975860370526533, 0.9353960297116077349, 1.000000000000000000 ),
 ( 0.0000000000000000000, 1.000000000000000000 ),
 .UNSPECIFIED. ) ;
#5080 = CARTESIAN_POINT ( 'NONE',  ( 0.2117532131209990398, -0.1887841355084664552, -0.02000000000000000042 ) ) ;
#5081 = ADVANCED_FACE ( 'NONE', ( #6758 ), #1024, .T. ) ;
#5082 = EDGE_CURVE ( 'NONE', #1684, #2740, #1409, .T. ) ;
#5083 =( NAMED_UNIT ( * ) SI_UNIT ( $, .STERADIAN. ) SOLID_ANGLE_UNIT ( ) );
#5084 = PRESENTATION_LAYER_ASSIGNMENT (  '', '', ( #718 ) ) ;
#5085 = CARTESIAN_POINT ( 'NONE',  ( 0.2187235157529946739, 0.1674252094094456078, -0.01000000000000000021 ) ) ;
#5086 = EDGE_LOOP ( 'NONE', ( #35, #4549, #4988, #2969 ) ) ;
#5087 = LINE ( 'NONE', #5162, #4752 ) ;
#5088 = VERTEX_POINT ( 'NONE', #3616 ) ;
#5089 = VERTEX_POINT ( 'NONE', #4871 ) ;
#5090 = FILL_AREA_STYLE_COLOUR ( '', #2754 ) ;
#5091 = ADVANCED_FACE ( 'NONE', ( #5935 ), #7272, .T. ) ;
#5092 = FILL_AREA_STYLE_COLOUR ( '', #2034 ) ;
#5093 = FILL_AREA_STYLE_COLOUR ( '', #6896 ) ;
#5094 = VERTEX_POINT ( 'NONE', #3299 ) ;
#5095 = VECTOR ( 'NONE', #1230, 1000.000000000000000 ) ;
#5096 = EDGE_LOOP ( 'NONE', ( #7387, #4950, #5740, #5030, #4506, #3003 ) ) ;
#5097 = CARTESIAN_POINT ( 'NONE',  ( 0.3966008352406113491, -0.05895021226348581139, -0.01000000000000000021 ) ) ;
#5098 = STYLED_ITEM ( 'NONE', ( #1083 ), #5385 ) ;
#5099 = VECTOR ( 'NONE', #5917, 1000.000000000000000 ) ;
#5100 = PRESENTATION_STYLE_ASSIGNMENT (( #2 ) ) ;
#5101 = ORIENTED_EDGE ( 'NONE', *, *, #4678, .F. ) ;
#5102 = PRESENTATION_STYLE_ASSIGNMENT (( #4475 ) ) ;
#5103 = CARTESIAN_POINT ( 'NONE',  ( -1.499999999999999334, -1.500000000000000000, 0.0000000000000000000 ) ) ;
#5104 = CARTESIAN_POINT ( 'NONE',  ( 0.1099999999999999034, -1.500000000000000000, 0.2000000000000000111 ) ) ;
#5105 =( NAMED_UNIT ( * ) SI_UNIT ( $, .STERADIAN. ) SOLID_ANGLE_UNIT ( ) );
#5106 = PRESENTATION_LAYER_ASSIGNMENT (  '', '', ( #989 ) ) ;
#5107 =( GEOMETRIC_REPRESENTATION_CONTEXT ( 3 ) GLOBAL_UNCERTAINTY_ASSIGNED_CONTEXT ( ( #4528 ) ) GLOBAL_UNIT_ASSIGNED_CONTEXT ( ( #940, #2545, #3122 ) ) REPRESENTATION_CONTEXT ( 'NONE', 'WORKASPACE' ) );
#5108 = ORIENTED_EDGE ( 'NONE', *, *, #716, .T. ) ;
#5109 =( NAMED_UNIT ( * ) SI_UNIT ( $, .STERADIAN. ) SOLID_ANGLE_UNIT ( ) );
#5110 = CARTESIAN_POINT ( 'NONE',  ( -1.240000000000000213, -1.500000000000000000, 0.2000000000000000111 ) ) ;
#5111 = SURFACE_STYLE_FILL_AREA ( #1776 ) ;
#5112 = ORIENTED_EDGE ( 'NONE', *, *, #993, .T. ) ;
#5113 =( NAMED_UNIT ( * ) PLANE_ANGLE_UNIT ( ) SI_UNIT ( $, .RADIAN. ) );
#5114 = CARTESIAN_POINT ( 'NONE',  ( -0.7435598399873570852, 0.1330334147013954582, -0.02000000000000000042 ) ) ;
#5115 = PLANE ( 'NONE',  #3482 ) ;
#5116 = ORIENTED_EDGE ( 'NONE', *, *, #1388, .T. ) ;
#5117 = CARTESIAN_POINT ( 'NONE',  ( -0.6750000000000000444, -1.215000000000000080, 0.0000000000000000000 ) ) ;
#5118 = CARTESIAN_POINT ( 'NONE',  ( 0.2562400789127872724, -0.1948279763673731180, -0.02000000000000000042 ) ) ;
#5119 =( LENGTH_UNIT ( ) NAMED_UNIT ( * ) SI_UNIT ( .MILLI., .METRE. ) );
#5120 = CARTESIAN_POINT ( 'NONE',  ( 0.4056507803395671408, 0.02380432090354918373, -0.01000000000000000021 ) ) ;
#5121 = FILL_AREA_STYLE ('',( #3955 ) ) ;
#5122 = EDGE_CURVE ( 'NONE', #7257, #1815, #901, .T. ) ;
#5123 =( NAMED_UNIT ( * ) PLANE_ANGLE_UNIT ( ) SI_UNIT ( $, .RADIAN. ) );
#5124 = UNCERTAINTY_MEASURE_WITH_UNIT (LENGTH_MEASURE( 1.000000000000000082E-05 ), #2447, 'distance_accuracy_value', 'NONE');
#5125 = CARTESIAN_POINT ( 'NONE',  ( 0.5600000000000000533, -1.510000000000000009, -0.02000000000000000042 ) ) ;
#5126 = DIRECTION ( 'NONE',  ( 0.0000000000000000000, -0.0000000000000000000, 1.000000000000000000 ) ) ;
#5127 = EDGE_LOOP ( 'NONE', ( #662, #5023, #4500, #5203 ) ) ;
#5128 = CARTESIAN_POINT ( 'NONE',  ( -0.3400000000000001354, 1.215000000000000080, 0.0000000000000000000 ) ) ;
#5129 = ORIENTED_EDGE ( 'NONE', *, *, #4774, .F. ) ;
#5130 = DIRECTION ( 'NONE',  ( 0.0000000000000000000, -1.000000000000000000, -0.0000000000000000000 ) ) ;
#5131 = LINE ( 'NONE', #455, #3501 ) ;
#5132 = VERTEX_POINT ( 'NONE', #358 ) ;
#5133 = CARTESIAN_POINT ( 'NONE',  ( -0.5303666362444813265, 0.02214395742735008471, -0.02000000000000000042 ) ) ;
#5134 = EDGE_CURVE ( 'NONE', #5883, #2036, #395, .T. ) ;
#5135 = EDGE_CURVE ( 'NONE', #3852, #7028, #6093, .T. ) ;
#5136 = ORIENTED_EDGE ( 'NONE', *, *, #526, .F. ) ;
#5137 = CARTESIAN_POINT ( 'NONE',  ( 0.4008457719196963920, -0.04410979979164915410, -0.01000000000000000021 ) ) ;
#5138 = MECHANICAL_DESIGN_GEOMETRIC_PRESENTATION_REPRESENTATION (  '', ( #7458 ), #1756 ) ;
#5139 =( NAMED_UNIT ( * ) SI_UNIT ( $, .STERADIAN. ) SOLID_ANGLE_UNIT ( ) );
#5140 = VERTEX_POINT ( 'NONE', #278 ) ;
#5141 = LINE ( 'NONE', #6940, #1902 ) ;
#5142 = STYLED_ITEM ( 'NONE', ( #6051 ), #3099 ) ;
#5143 = DIRECTION ( 'NONE',  ( -0.0000000000000000000, 1.000000000000000000, -0.0000000000000000000 ) ) ;
#5144 = COLOUR_RGB ( '',1.000000000000000000, 0.5019607843137254832, 0.0000000000000000000 ) ;
#5145 = FILL_AREA_STYLE_COLOUR ( '', #1165 ) ;
#5146 = ORIENTED_EDGE ( 'NONE', *, *, #4582, .T. ) ;
#5147 = FILL_AREA_STYLE ('',( #7445 ) ) ;
#5148 = LINE ( 'NONE', #3338, #4279 ) ;
#5149 = EDGE_LOOP ( 'NONE', ( #3448, #5146, #4861, #6247 ) ) ;
#5150 =( NAMED_UNIT ( * ) PLANE_ANGLE_UNIT ( ) SI_UNIT ( $, .RADIAN. ) );
#5151 = FILL_AREA_STYLE ('',( #547 ) ) ;
#5152 = CARTESIAN_POINT ( 'NONE',  ( -0.7646726448654057595, 0.2098626829940784255, -0.02000000000000000042 ) ) ;
#5153 = ORIENTED_EDGE ( 'NONE', *, *, #1439, .F. ) ;
#5154 = DIRECTION ( 'NONE',  ( 1.000000000000000000, 0.0000000000000000000, 0.0000000000000000000 ) ) ;
#5155 = SURFACE_STYLE_USAGE ( .BOTH. , #5741 ) ;
#5156 =( LENGTH_UNIT ( ) NAMED_UNIT ( * ) SI_UNIT ( .MILLI., .METRE. ) );
#5157 = CARTESIAN_POINT ( 'NONE',  ( -0.5076511652077771997, -0.08706942400399626802, -0.01000000000000000021 ) ) ;
#5158 = VECTOR ( 'NONE', #1212, 1000.000000000000000 ) ;
#5159 = CARTESIAN_POINT ( 'NONE',  ( -0.3543018399325878476, 0.1638326417273195390, -0.01000000000000000021 ) ) ;
#5160 = PRESENTATION_STYLE_ASSIGNMENT (( #3509 ) ) ;
#5161 = PLANE ( 'NONE',  #854 ) ;
#5162 = CARTESIAN_POINT ( 'NONE',  ( 0.6450834526955699921, -0.1462348779815314248, -0.02000000000000000042 ) ) ;
#5163 = VERTEX_POINT ( 'NONE', #5535 ) ;
#5164 =( GEOMETRIC_REPRESENTATION_CONTEXT ( 3 ) GLOBAL_UNCERTAINTY_ASSIGNED_CONTEXT ( ( #4537 ) ) GLOBAL_UNIT_ASSIGNED_CONTEXT ( ( #60, #4658, #5827 ) ) REPRESENTATION_CONTEXT ( 'NONE', 'WORKASPACE' ) );
#5165 = PRESENTATION_LAYER_ASSIGNMENT (  '', '', ( #5912 ) ) ;
#5166 = LINE ( 'NONE', #6331, #1986 ) ;
#5167 = PLANE ( 'NONE',  #3889 ) ;
#5168 = STYLED_ITEM ( 'NONE', ( #1685 ), #2353 ) ;
#5169 = STYLED_ITEM ( 'NONE', ( #4132 ), #851 ) ;
#5170 = ORIENTED_EDGE ( 'NONE', *, *, #1898, .F. ) ;
#5171 = SURFACE_SIDE_STYLE ('',( #2873 ) ) ;
#5172 = SURFACE_STYLE_FILL_AREA ( #5726 ) ;
#5173 = ORIENTED_EDGE ( 'NONE', *, *, #7511, .T. ) ;
#5174 = VECTOR ( 'NONE', #303, 1000.000000000000000 ) ;
#5175 = PRESENTATION_STYLE_ASSIGNMENT (( #6306 ) ) ;
#5176 = ADVANCED_FACE ( 'NONE', ( #6797 ), #5498, .T. ) ;
#5177 = EDGE_CURVE ( 'NONE', #1527, #6562, #5000, .T. ) ;
#5178 = SURFACE_STYLE_FILL_AREA ( #1133 ) ;
#5179 = ORIENTED_EDGE ( 'NONE', *, *, #1839, .T. ) ;
#5180 = ORIENTED_EDGE ( 'NONE', *, *, #6637, .T. ) ;
#5181 = DIRECTION ( 'NONE',  ( 0.0000000000000000000, -0.0000000000000000000, 1.000000000000000000 ) ) ;
#5182 = FACE_OUTER_BOUND ( 'NONE', #39, .T. ) ;
#5183 =( NAMED_UNIT ( * ) SI_UNIT ( $, .STERADIAN. ) SOLID_ANGLE_UNIT ( ) );
#5184 = ORIENTED_EDGE ( 'NONE', *, *, #5135, .F. ) ;
#5185 = CARTESIAN_POINT ( 'NONE',  ( -0.7360903277922349330, 0.1610821951892003334, -0.02000000000000000042 ) ) ;
#5186 = FILL_AREA_STYLE ('',( #2890 ) ) ;
#5187 = ADVANCED_FACE ( 'NONE', ( #3876 ), #6205, .F. ) ;
#5188 = UNCERTAINTY_MEASURE_WITH_UNIT (LENGTH_MEASURE( 1.000000000000000082E-05 ), #434, 'distance_accuracy_value', 'NONE');
#5189 = ORIENTED_EDGE ( 'NONE', *, *, #5360, .T. ) ;
#5190 = LINE ( 'NONE', #3610, #124 ) ;
#5191 = CARTESIAN_POINT ( 'NONE',  ( -0.4243697435646077154, -0.1142160644697415989, -0.01000000000000000021 ) ) ;
#5192 = SURFACE_SIDE_STYLE ('',( #873 ) ) ;
#5193 = FILL_AREA_STYLE ('',( #5742 ) ) ;
#5194 = SURFACE_STYLE_FILL_AREA ( #1706 ) ;
#5195 = CARTESIAN_POINT ( 'NONE',  ( 0.4277271393508673691, 0.1250652259538937161, -0.009999999999999995004 ) ) ;
#5196 = CARTESIAN_POINT ( 'NONE',  ( -1.010000000000000009, -1.215000000000000080, 0.2000000000000000111 ) ) ;
#5197 = FILL_AREA_STYLE ('',( #1193 ) ) ;
#5198 = CARTESIAN_POINT ( 'NONE',  ( 1.500000000000000222, 1.500000000000000000, 0.7299999999999999822 ) ) ;
#5199 = ORIENTED_EDGE ( 'NONE', *, *, #7385, .T. ) ;
#5200 = DIRECTION ( 'NONE',  ( 0.0000000000000000000, 1.000000000000000000, 0.0000000000000000000 ) ) ;
#5201 = COLOUR_RGB ( '',0.7529411764705882248, 0.7529411764705882248, 0.7529411764705882248 ) ;
#5202 = PRESENTATION_STYLE_ASSIGNMENT (( #3893 ) ) ;
#5203 = ORIENTED_EDGE ( 'NONE', *, *, #821, .T. ) ;
#5204 = CARTESIAN_POINT ( 'NONE',  ( -0.3543018399325878476, 0.1638326417273195390, -0.02000000000000000042 ) ) ;
#5205 = AXIS2_PLACEMENT_3D ( 'NONE', #4921, #3181, #6790 ) ;
#5206 = ORIENTED_EDGE ( 'NONE', *, *, #7473, .F. ) ;
#5207 = CYLINDRICAL_SURFACE ( 'NONE', #7432, 0.1150000000000000883 ) ;
#5208 = FILL_AREA_STYLE_COLOUR ( '', #3059 ) ;
#5209 = CARTESIAN_POINT ( 'NONE',  ( 0.0000000000000000000, 0.0000000000000000000, -0.01000000000000000021 ) ) ;
#5210 = ADVANCED_FACE ( 'NONE', ( #506 ), #579, .T. ) ;
#5211 = PRESENTATION_STYLE_ASSIGNMENT (( #7470 ) ) ;
#5212 = EDGE_CURVE ( 'NONE', #1917, #5036, #4873, .T. ) ;
#5213 = SURFACE_SIDE_STYLE ('',( #2910 ) ) ;
#5214 =( GEOMETRIC_REPRESENTATION_CONTEXT ( 3 ) GLOBAL_UNCERTAINTY_ASSIGNED_CONTEXT ( ( #3457 ) ) GLOBAL_UNIT_ASSIGNED_CONTEXT ( ( #3412, #544, #4565 ) ) REPRESENTATION_CONTEXT ( 'NONE', 'WORKASPACE' ) );
#5215 = CARTESIAN_POINT ( 'NONE',  ( 0.4595925796403119157, -0.004931634991980888769, -0.009999999999999991535 ) ) ;
#5216 = FILL_AREA_STYLE_COLOUR ( '', #2003 ) ;
#5217 = ORIENTED_EDGE ( 'NONE', *, *, #6231, .F. ) ;
#5218 = ORIENTED_EDGE ( 'NONE', *, *, #1844, .T. ) ;
#5219 = MECHANICAL_DESIGN_GEOMETRIC_PRESENTATION_REPRESENTATION (  '', ( #4398 ), #1127 ) ;
#5220 = PRESENTATION_STYLE_ASSIGNMENT (( #2916 ) ) ;
#5221 = COLOUR_RGB ( '',0.7529411764705882248, 0.7529411764705882248, 0.7529411764705882248 ) ;
#5222 = CARTESIAN_POINT ( 'NONE',  ( -0.4972403413423119867, -0.1040168548133137694, -0.009999999999999995004 ) ) ;
#5223 = VERTEX_POINT ( 'NONE', #6272 ) ;
#5224 = CARTESIAN_POINT ( 'NONE',  ( -0.7296878887678448500, 0.1330334147013954305, -0.01000000000000000021 ) ) ;
#5225 = SURFACE_SIDE_STYLE ('',( #4055 ) ) ;
#5226 = LINE ( 'NONE', #6314, #6030 ) ;
#5227 = ORIENTED_EDGE ( 'NONE', *, *, #5900, .F. ) ;
#5228 = VECTOR ( 'NONE', #7032, 1000.000000000000000 ) ;
#5229 = LINE ( 'NONE', #2388, #369 ) ;
#5230 = CARTESIAN_POINT ( 'NONE',  ( -0.3539363797247152554, -0.1438321155657926453, -0.01000000000000000021 ) ) ;
#5231 = DIRECTION ( 'NONE',  ( 1.000000000000000000, 0.0000000000000000000, 0.0000000000000000000 ) ) ;
#5232 = SURFACE_SIDE_STYLE ('',( #3087 ) ) ;
#5233 = ADVANCED_FACE ( 'NONE', ( #2265 ), #1921, .T. ) ;
#5234 = EDGE_CURVE ( 'NONE', #5919, #6855, #161, .T. ) ;
#5235 = CARTESIAN_POINT ( 'NONE',  ( 0.3827332506991074634, 0.1019327978136949642, -0.01000000000000000021 ) ) ;
#5236 = SURFACE_SIDE_STYLE ('',( #5975 ) ) ;
#5237 = VECTOR ( 'NONE', #171, 1000.000000000000000 ) ;
#5238 = CARTESIAN_POINT ( 'NONE',  ( 0.4597175990370334087, 0.002316951286761314600, -0.009999999999999995004 ) ) ;
#5239 = CARTESIAN_POINT ( 'NONE',  ( 0.3313437569818610817, -0.1877572244239512633, -0.01000000000000000021 ) ) ;
#5240 = FILL_AREA_STYLE ('',( #1341 ) ) ;
#5241 = STYLED_ITEM ( 'NONE', ( #7524 ), #2602 ) ;
#5242 = FACE_OUTER_BOUND ( 'NONE', #5805, .T. ) ;
#5243 =( NAMED_UNIT ( * ) SI_UNIT ( $, .STERADIAN. ) SOLID_ANGLE_UNIT ( ) );
#5244 = ORIENTED_EDGE ( 'NONE', *, *, #3421, .F. ) ;
#5245 =( LENGTH_UNIT ( ) NAMED_UNIT ( * ) SI_UNIT ( .MILLI., .METRE. ) );
#5246 = DIRECTION ( 'NONE',  ( 0.0000000000000000000, 0.0000000000000000000, 1.000000000000000000 ) ) ;
#5247 = DIRECTION ( 'NONE',  ( -0.0000000000000000000, 0.0000000000000000000, 1.000000000000000000 ) ) ;
#5248 = DIRECTION ( 'NONE',  ( 0.0000000000000000000, 0.0000000000000000000, -1.000000000000000000 ) ) ;
#5249 = SURFACE_STYLE_FILL_AREA ( #1801 ) ;
#5250 = CARTESIAN_POINT ( 'NONE',  ( -1.010000000000000009, 0.0000000000000000000, 0.0000000000000000000 ) ) ;
#5251 =( NAMED_UNIT ( * ) SI_UNIT ( $, .STERADIAN. ) SOLID_ANGLE_UNIT ( ) );
#5252 = DIRECTION ( 'NONE',  ( 0.0000000000000000000, -0.0000000000000000000, 1.000000000000000000 ) ) ;
#5253 = CARTESIAN_POINT ( 'NONE',  ( -1.010000000000000009, -1.510000000000000009, 0.2000000000000000111 ) ) ;
#5254 = LINE ( 'NONE', #4780, #3837 ) ;
#5255 = ORIENTED_EDGE ( 'NONE', *, *, #3477, .T. ) ;
#5256 = EDGE_LOOP ( 'NONE', ( #6150, #619, #7394, #6216 ) ) ;
#5257 = CARTESIAN_POINT ( 'NONE',  ( -0.5225335043959098424, -0.04956283992870645638, -0.009999999999999995004 ) ) ;
#5258 = MECHANICAL_DESIGN_GEOMETRIC_PRESENTATION_REPRESENTATION (  '', ( #524 ), #3097 ) ;
#5259 = DIRECTION ( 'NONE',  ( 0.0000000000000000000, 0.0000000000000000000, 1.000000000000000000 ) ) ;
#5260 = ORIENTED_EDGE ( 'NONE', *, *, #4544, .F. ) ;
#5261 = CARTESIAN_POINT ( 'NONE',  ( -0.7419212511768952245, 0.1382723531174003817, -0.02000000000000000042 ) ) ;
#5262 = CIRCLE ( 'NONE', #772, 0.1150000000000000883 ) ;
#5263 = PRESENTATION_LAYER_ASSIGNMENT (  '', '', ( #5514 ) ) ;
#5264 = CARTESIAN_POINT ( 'NONE',  ( 0.4597175990370334087, 0.002316951286761314600, -0.02000000000000000042 ) ) ;
#5265 = CARTESIAN_POINT ( 'NONE',  ( -0.4767297204084663953, 0.007596861514432420165, -0.01000000000000000021 ) ) ;
#5266 = ORIENTED_EDGE ( 'NONE', *, *, #1089, .F. ) ;
#5267 = CARTESIAN_POINT ( 'NONE',  ( 0.2249999999999998945, 1.215000000000000080, 0.0000000000000000000 ) ) ;
#5268 = FACE_OUTER_BOUND ( 'NONE', #2797, .T. ) ;
#5269 = DIRECTION ( 'NONE',  ( 1.000000000000000000, -0.0000000000000000000, -0.0000000000000000000 ) ) ;
#5270 = EDGE_CURVE ( 'NONE', #5521, #5089, #1814, .T. ) ;
#5271 = CARTESIAN_POINT ( 'NONE',  ( -0.4667595455581692310, -0.05351809661971180382, -0.02000000000000000042 ) ) ;
#5272 = CARTESIAN_POINT ( 'NONE',  ( -0.3269232333967622139, 0.1658430463020504342, -0.01000000000000000021 ) ) ;
#5273 = ADVANCED_FACE ( 'NONE', ( #2381 ), #6608, .T. ) ;
#5274 = CARTESIAN_POINT ( 'NONE',  ( 0.1621566234272772411, -0.1255031706644582079, -0.01000000000000000021 ) ) ;
#5275 = STYLED_ITEM ( 'NONE', ( #6202 ), #4198 ) ;
#5276 = ORIENTED_EDGE ( 'NONE', *, *, #4204, .F. ) ;
#5277 = EDGE_CURVE ( 'NONE', #3261, #1630, #3603, .T. ) ;
#5278 = LINE ( 'NONE', #2407, #5049 ) ;
#5279 = AXIS2_PLACEMENT_3D ( 'NONE', #3332, #2107, #6645 ) ;
#5280 = LINE ( 'NONE', #1158, #2720 ) ;
#5281 = CARTESIAN_POINT ( 'NONE',  ( -0.3400000000000000799, -1.510000000000000009, -0.02000000000000000042 ) ) ;
#5282 = DIRECTION ( 'NONE',  ( 0.0000000000000000000, 0.0000000000000000000, -1.000000000000000000 ) ) ;
#5283 = MECHANICAL_DESIGN_GEOMETRIC_PRESENTATION_REPRESENTATION (  '', ( #1532 ), #1781 ) ;
#5284 = VECTOR ( 'NONE', #1085, 1000.000000000000000 ) ;
#5285 = CARTESIAN_POINT ( 'NONE',  ( -0.6750000000000000444, -1.215000000000000080, 0.2000000000000000111 ) ) ;
#5286 = AXIS2_PLACEMENT_3D ( 'NONE', #4656, #5944, #7527 ) ;
#5287 = CARTESIAN_POINT ( 'NONE',  ( -0.4972403413423119867, -0.1040168548133137694, -0.02000000000000000042 ) ) ;
#5288 = CARTESIAN_POINT ( 'NONE',  ( 1.010000000000000009, 0.0000000000000000000, 0.0000000000000000000 ) ) ;
#5289 = DIRECTION ( 'NONE',  ( -0.0000000000000000000, -0.0000000000000000000, -1.000000000000000000 ) ) ;
#5290 = VECTOR ( 'NONE', #1493, 1000.000000000000000 ) ;
#5291 = STYLED_ITEM ( 'NONE', ( #2616 ), #5752 ) ;
#5292 = CARTESIAN_POINT ( 'NONE',  ( 0.7900000000000001465, -1.500000000000000000, 0.0000000000000000000 ) ) ;
#5293 =( NAMED_UNIT ( * ) SI_UNIT ( $, .STERADIAN. ) SOLID_ANGLE_UNIT ( ) );
#5294 = VERTEX_POINT ( 'NONE', #3078 ) ;
#5295 = VERTEX_POINT ( 'NONE', #7103 ) ;
#5296 = CARTESIAN_POINT ( 'NONE',  ( -0.6565171570605277118, -0.07794219505470212361, -0.02000000000000000042 ) ) ;
#5297 = CARTESIAN_POINT ( 'NONE',  ( -0.5076511652077771997, -0.08706942400399626802, -0.02000000000000000042 ) ) ;
#5298 = AXIS2_PLACEMENT_3D ( 'NONE', #1274, #2979, #1348 ) ;
#5299 = CARTESIAN_POINT ( 'NONE',  ( 0.1732190399727800700, -0.1317340457746420945, -0.02000000000000000042 ) ) ;
#5300 = ORIENTED_EDGE ( 'NONE', *, *, #6506, .F. ) ;
#5301 = CARTESIAN_POINT ( 'NONE',  ( -0.7356238948032522984, 0.1582338382739120197, -0.01000000000000000021 ) ) ;
#5302 = DIRECTION ( 'NONE',  ( -0.0000000000000000000, -0.0000000000000000000, -1.000000000000000000 ) ) ;
#5303 = DIRECTION ( 'NONE',  ( 0.0000000000000000000, 1.000000000000000000, 0.0000000000000000000 ) ) ;
#5304 = CARTESIAN_POINT ( 'NONE',  ( -0.5600000000000000533, 1.215000000000000080, 0.2000000000000000111 ) ) ;
#5305 = ORIENTED_EDGE ( 'NONE', *, *, #6316, .F. ) ;
#5306 = CARTESIAN_POINT ( 'NONE',  ( 0.5600000000000000533, -1.510000000000000009, -0.02000000000000000042 ) ) ;
#5307 =( NAMED_UNIT ( * ) PLANE_ANGLE_UNIT ( ) SI_UNIT ( $, .RADIAN. ) );
#5308 = CARTESIAN_POINT ( 'NONE',  ( 0.2044424022246131845, 0.2108740180864995817, -0.02000000000000000042 ) ) ;
#5309 = ORIENTED_EDGE ( 'NONE', *, *, #1153, .F. ) ;
#5310 = CARTESIAN_POINT ( 'NONE',  ( 0.2927402615236415762, -0.1945576512862258745, -0.02000000000000000042 ) ) ;
#5311 = FILL_AREA_STYLE_COLOUR ( '', #3274 ) ;
#5312 = EDGE_CURVE ( 'NONE', #2243, #5646, #1877, .T. ) ;
#5313 = CARTESIAN_POINT ( 'NONE',  ( -0.4341417909656510865, 0.1279745385946096659, -0.02000000000000000042 ) ) ;
#5314 = CARTESIAN_POINT ( 'NONE',  ( -1.010000000000000009, 1.500000000000000000, 0.0000000000000000000 ) ) ;
#5315 = CARTESIAN_POINT ( 'NONE',  ( 0.3087863572464062956, -0.1454417015232583876, -0.01000000000000000021 ) ) ;
#5316 = ORIENTED_EDGE ( 'NONE', *, *, #4031, .T. ) ;
#5317 = ADVANCED_FACE ( 'NONE', ( #7142 ), #1325, .T. ) ;
#5318 = SURFACE_STYLE_FILL_AREA ( #2406 ) ;
#5319 =( NAMED_UNIT ( * ) PLANE_ANGLE_UNIT ( ) SI_UNIT ( $, .RADIAN. ) );
#5320 =( NAMED_UNIT ( * ) PLANE_ANGLE_UNIT ( ) SI_UNIT ( $, .RADIAN. ) );
#5321 = FILL_AREA_STYLE ('',( #693 ) ) ;
#5322 = CARTESIAN_POINT ( 'NONE',  ( -0.3212275229141862143, 0.1659602439696881704, -0.01000000000000000021 ) ) ;
#5323 = PRESENTATION_LAYER_ASSIGNMENT (  '', '', ( #102 ) ) ;
#5324 = EDGE_CURVE ( 'NONE', #3927, #6389, #4995, .T. ) ;
#5325 = DIRECTION ( 'NONE',  ( -0.0000000000000000000, -0.0000000000000000000, -1.000000000000000000 ) ) ;
#5326 =( NAMED_UNIT ( * ) PLANE_ANGLE_UNIT ( ) SI_UNIT ( $, .RADIAN. ) );
#5327 = CARTESIAN_POINT ( 'NONE',  ( -0.3190171570605275786, -0.1462348779815314248, -0.02000000000000000042 ) ) ;
#5328 = CARTESIAN_POINT ( 'NONE',  ( -0.2622336204751618549, -0.1462348779815314248, -0.01000000000000000021 ) ) ;
#5329 = LINE ( 'NONE', #5838, #857 ) ;
#5330 = CARTESIAN_POINT ( 'NONE',  ( 0.1099999999999998757, 1.215000000000000080, 0.0000000000000000000 ) ) ;
#5331 = ORIENTED_EDGE ( 'NONE', *, *, #679, .T. ) ;
#5332 = ORIENTED_EDGE ( 'NONE', *, *, #5560, .F. ) ;
#5333 = DIRECTION ( 'NONE',  ( 0.0000000000000000000, -1.000000000000000000, 0.0000000000000000000 ) ) ;
#5334 = LINE ( 'NONE', #4194, #1244 ) ;
#5335 = CARTESIAN_POINT ( 'NONE',  ( 0.2097171621395887420, -0.1448673067122211722, -0.02000000000000000042 ) ) ;
#5336 = ORIENTED_EDGE ( 'NONE', *, *, #3807, .F. ) ;
#5337 = CARTESIAN_POINT ( 'NONE',  ( 1.240000000000000213, -1.215000000000000080, 0.0000000000000000000 ) ) ;
#5338 =( GEOMETRIC_REPRESENTATION_CONTEXT ( 3 ) GLOBAL_UNCERTAINTY_ASSIGNED_CONTEXT ( ( #4794 ) ) GLOBAL_UNIT_ASSIGNED_CONTEXT ( ( #4982, #5795, #5812 ) ) REPRESENTATION_CONTEXT ( 'NONE', 'WORKASPACE' ) );
#5339 = VECTOR ( 'NONE', #2415, 1000.000000000000000 ) ;
#5340 = DIRECTION ( 'NONE',  ( 0.3363908276654490881, -0.9417224702971432881, 0.0000000000000000000 ) ) ;
#5341 = FACE_OUTER_BOUND ( 'NONE', #7072, .T. ) ;
#5342 = STYLED_ITEM ( 'NONE', ( #4745 ), #5273 ) ;
#5343 = VECTOR ( 'NONE', #1074, 1000.000000000000000 ) ;
#5344 = DIRECTION ( 'NONE',  ( -1.000000000000000000, -0.0000000000000000000, -0.0000000000000000000 ) ) ;
#5345 =( GEOMETRIC_REPRESENTATION_CONTEXT ( 3 ) GLOBAL_UNCERTAINTY_ASSIGNED_CONTEXT ( ( #895 ) ) GLOBAL_UNIT_ASSIGNED_CONTEXT ( ( #294, #1525, #2128 ) ) REPRESENTATION_CONTEXT ( 'NONE', 'WORKASPACE' ) );
#5346 = CARTESIAN_POINT ( 'NONE',  ( -0.3992338856262052649, -0.1300326315452870474, -0.01000000000000000021 ) ) ;
#5347 = EDGE_LOOP ( 'NONE', ( #6959, #3813, #6517, #2794, #6128, #2774, #3042, #6233, #2618, #3056 ) ) ;
#5348 = DIRECTION ( 'NONE',  ( 1.445602896647339163E-16, -1.000000000000000000, 0.0000000000000000000 ) ) ;
#5349 = CARTESIAN_POINT ( 'NONE',  ( 0.2558304039150821052, 0.1708382927501759518, -0.009999999999999995004 ) ) ;
#5350 = CARTESIAN_POINT ( 'NONE',  ( 0.1929489344322777855, 0.2087329143297474154, -0.01000000000000000021 ) ) ;
#5351 = VECTOR ( 'NONE', #1456, 1000.000000000000000 ) ;
#5352 = PRESENTATION_LAYER_ASSIGNMENT (  '', '', ( #1595 ) ) ;
#5353 = VECTOR ( 'NONE', #7016, 1000.000000000000000 ) ;
#5354 = CARTESIAN_POINT ( 'NONE',  ( -0.4768677668166251271, 0.01374987811602959055, -0.02000000000000000042 ) ) ;
#5355 = CARTESIAN_POINT ( 'NONE',  ( -0.4764818658704725318, 0.03178738365397937998, -0.01000000000000000021 ) ) ;
#5356 =( NAMED_UNIT ( * ) SI_UNIT ( $, .STERADIAN. ) SOLID_ANGLE_UNIT ( ) );
#5357 =( GEOMETRIC_REPRESENTATION_CONTEXT ( 3 ) GLOBAL_UNCERTAINTY_ASSIGNED_CONTEXT ( ( #2499 ) ) GLOBAL_UNIT_ASSIGNED_CONTEXT ( ( #2803, #7442, #1087 ) ) REPRESENTATION_CONTEXT ( 'NONE', 'WORKASPACE' ) );
#5358 = VECTOR ( 'NONE', #3211, 1000.000000000000000 ) ;
#5359 = AXIS2_PLACEMENT_3D ( 'NONE', #1512, #3839, #941 ) ;
#5360 = EDGE_CURVE ( 'NONE', #2446, #4931, #4924, .T. ) ;
#5361 = ORIENTED_EDGE ( 'NONE', *, *, #2405, .F. ) ;
#5362 = PRESENTATION_STYLE_ASSIGNMENT (( #1761 ) ) ;
#5363 = DIRECTION ( 'NONE',  ( 0.0000000000000000000, 0.0000000000000000000, -1.000000000000000000 ) ) ;
#5364 = PLANE ( 'NONE',  #1504 ) ;
#5365 = ADVANCED_FACE ( 'NONE', ( #2143, #2105 ), #3220, .T. ) ;
#5366 = CARTESIAN_POINT ( 'NONE',  ( -0.7646726448654057595, 0.2098626829940784255, -0.01000000000000000021 ) ) ;
#5367 = UNCERTAINTY_MEASURE_WITH_UNIT (LENGTH_MEASURE( 1.000000000000000082E-05 ), #7522, 'distance_accuracy_value', 'NONE');
#5368 = CARTESIAN_POINT ( 'NONE',  ( -0.4214636352960038357, -0.1685987685878766185, -0.02000000000000000042 ) ) ;
#5369 = CARTESIAN_POINT ( 'NONE',  ( -0.2085750838897959536, 0.2098626829940784255, -0.01000000000000000021 ) ) ;
#5370 =( NAMED_UNIT ( * ) PLANE_ANGLE_UNIT ( ) SI_UNIT ( $, .RADIAN. ) );
#5371 = EDGE_CURVE ( 'NONE', #5388, #1995, #2065, .T. ) ;
#5372 = EDGE_CURVE ( 'NONE', #4049, #6406, #5067, .T. ) ;
#5373 = EDGE_CURVE ( 'NONE', #1514, #4957, #1006, .T. ) ;
#5374 = UNCERTAINTY_MEASURE_WITH_UNIT (LENGTH_MEASURE( 1.000000000000000082E-05 ), #936, 'distance_accuracy_value', 'NONE');
#5375 = CARTESIAN_POINT ( 'NONE',  ( 0.4313479788213817612, -0.1117776601448449841, -0.009999999999999991535 ) ) ;
#5376 = FILL_AREA_STYLE_COLOUR ( '', #417 ) ;
#5377 = ORIENTED_EDGE ( 'NONE', *, *, #6878, .F. ) ;
#5378 = VERTEX_POINT ( 'NONE', #6832 ) ;
#5379 = DIRECTION ( 'NONE',  ( 0.0000000000000000000, 0.0000000000000000000, 1.000000000000000000 ) ) ;
#5380 = CARTESIAN_POINT ( 'NONE',  ( 0.7900000000000001465, 1.215000000000000080, 0.0000000000000000000 ) ) ;
#5381 = CARTESIAN_POINT ( 'NONE',  ( 0.2228214624810353761, -0.1477099926010001785, -0.02000000000000000042 ) ) ;
#5382 = ORIENTED_EDGE ( 'NONE', *, *, #2539, .T. ) ;
#5383 = SURFACE_SIDE_STYLE ('',( #164 ) ) ;
#5384 = CARTESIAN_POINT ( 'NONE',  ( -0.1110141082800398804, -0.009649512127872853645, -0.02000000000000000042 ) ) ;
#5385 = ADVANCED_FACE ( 'NONE', ( #498 ), #568, .T. ) ;
#5386 = CARTESIAN_POINT ( 'NONE',  ( 1.240000000000000213, -1.215000000000000080, 0.2000000000000000111 ) ) ;
#5387 = CARTESIAN_POINT ( 'NONE',  ( -0.5600000000000000533, 1.215000000000000080, 0.2000000000000000111 ) ) ;
#5388 = VERTEX_POINT ( 'NONE', #1041 ) ;
#5389 = CARTESIAN_POINT ( 'NONE',  ( 0.0000000000000000000, 0.1659602439696881704, -0.01000000000000000021 ) ) ;
#5390 = LINE ( 'NONE', #6503, #3188 ) ;
#5391 =( LENGTH_UNIT ( ) NAMED_UNIT ( * ) SI_UNIT ( .MILLI., .METRE. ) );
#5392 = LINE ( 'NONE', #6131, #2889 ) ;
#5393 = STYLED_ITEM ( 'NONE', ( #6804 ), #631 ) ;
#5394 = CARTESIAN_POINT ( 'NONE',  ( 0.4529104602195905827, -0.05943882898199199377, -0.02000000000000000042 ) ) ;
#5395 = COLOUR_RGB ( '',0.7529411764705882248, 0.7529411764705882248, 0.7529411764705882248 ) ;
#5396 = SURFACE_STYLE_USAGE ( .BOTH. , #390 ) ;
#5397 = CARTESIAN_POINT ( 'NONE',  ( -0.4764818658704725318, 0.03178738365397937998, -0.02000000000000000042 ) ) ;
#5398 =( GEOMETRIC_REPRESENTATION_CONTEXT ( 3 ) GLOBAL_UNCERTAINTY_ASSIGNED_CONTEXT ( ( #3101 ) ) GLOBAL_UNIT_ASSIGNED_CONTEXT ( ( #1599, #7380, #7340 ) ) REPRESENTATION_CONTEXT ( 'NONE', 'WORKASPACE' ) );
#5399 =( LENGTH_UNIT ( ) NAMED_UNIT ( * ) SI_UNIT ( .MILLI., .METRE. ) );
#5400 = SURFACE_SIDE_STYLE ('',( #6018 ) ) ;
#5401 = ORIENTED_EDGE ( 'NONE', *, *, #1255, .F. ) ;
#5402 = FILL_AREA_STYLE_COLOUR ( '', #5056 ) ;
#5403 = SURFACE_STYLE_FILL_AREA ( #5907 ) ;
#5404 = DIRECTION ( 'NONE',  ( 1.000000000000000000, 0.0000000000000000000, 0.0000000000000000000 ) ) ;
#5405 = LINE ( 'NONE', #2019, #4373 ) ;
#5406 = PRESENTATION_STYLE_ASSIGNMENT (( #4735 ) ) ;
#5407 = LINE ( 'NONE', #4854, #1908 ) ;
#5408 = MECHANICAL_DESIGN_GEOMETRIC_PRESENTATION_REPRESENTATION (  '', ( #2379 ), #62 ) ;
#5409 =( NAMED_UNIT ( * ) SI_UNIT ( $, .STERADIAN. ) SOLID_ANGLE_UNIT ( ) );
#5410 = PRESENTATION_LAYER_ASSIGNMENT (  '', '', ( #1655 ) ) ;
#5411 = SURFACE_STYLE_USAGE ( .BOTH. , #2568 ) ;
#5412 = EDGE_LOOP ( 'NONE', ( #5524, #2718, #3279, #1217 ) ) ;
#5413 = ORIENTED_EDGE ( 'NONE', *, *, #4691, .F. ) ;
#5414 = MECHANICAL_DESIGN_GEOMETRIC_PRESENTATION_REPRESENTATION (  '', ( #1897 ), #3967 ) ;
#5415 = CARTESIAN_POINT ( 'NONE',  ( -0.6565171570605277118, -0.07794219505470212361, -0.01000000000000000021 ) ) ;
#5416 = LINE ( 'NONE', #312, #1380 ) ;
#5417 = ORIENTED_EDGE ( 'NONE', *, *, #3390, .F. ) ;
#5418 = CARTESIAN_POINT ( 'NONE',  ( -0.5300544269266496133, 0.03632197112974424463, -0.01000000000000000021 ) ) ;
#5419 = EDGE_CURVE ( 'NONE', #4593, #2740, #3327, .T. ) ;
#5420 = VECTOR ( 'NONE', #4253, 1000.000000000000000 ) ;
#5421 = FILL_AREA_STYLE_COLOUR ( '', #3481 ) ;
#5422 = EDGE_CURVE ( 'NONE', #6796, #376, #2180, .T. ) ;
#5423 = CARTESIAN_POINT ( 'NONE',  ( 0.2097171621395887420, -0.1448673067122211722, -0.02000000000000000042 ) ) ;
#5424 = VECTOR ( 'NONE', #6629, 1000.000000000000000 ) ;
#5425 = STYLED_ITEM ( 'NONE', ( #2229 ), #5799 ) ;
#5426 = FACE_OUTER_BOUND ( 'NONE', #5561, .T. ) ;
#5427 = MECHANICAL_DESIGN_GEOMETRIC_PRESENTATION_REPRESENTATION (  '', ( #6171 ), #3970 ) ;
#5428 = CARTESIAN_POINT ( 'NONE',  ( 0.1621566234272772411, 0.1988870732379808270, -0.01000000000000000021 ) ) ;
#5429 = ORIENTED_EDGE ( 'NONE', *, *, #1347, .F. ) ;
#5430 =( NAMED_UNIT ( * ) SI_UNIT ( $, .STERADIAN. ) SOLID_ANGLE_UNIT ( ) );
#5431 = DIRECTION ( 'NONE',  ( 1.000000000000000000, 0.0000000000000000000, 0.0000000000000000000 ) ) ;
#5432 = COLOUR_RGB ( '',0.7529411764705882248, 0.7529411764705882248, 0.7529411764705882248 ) ;
#5433 = DIRECTION ( 'NONE',  ( 0.0000000000000000000, 0.0000000000000000000, -1.000000000000000000 ) ) ;
#5434 = FILL_AREA_STYLE ('',( #6542 ) ) ;
#5435 = MECHANICAL_DESIGN_GEOMETRIC_PRESENTATION_REPRESENTATION (  '', ( #6305 ), #5681 ) ;
#5436 = CARTESIAN_POINT ( 'NONE',  ( -0.3269232333967622139, 0.1658430463020504342, -0.02000000000000000042 ) ) ;
#5437 = LINE ( 'NONE', #6776, #4014 ) ;
#5438 = UNCERTAINTY_MEASURE_WITH_UNIT (LENGTH_MEASURE( 1.000000000000000082E-05 ), #1976, 'distance_accuracy_value', 'NONE');
#5439 =( LENGTH_UNIT ( ) NAMED_UNIT ( * ) SI_UNIT ( .MILLI., .METRE. ) );
#5440 = ORIENTED_EDGE ( 'NONE', *, *, #3859, .F. ) ;
#5441 = PRESENTATION_LAYER_ASSIGNMENT (  '', '', ( #3508 ) ) ;
#5442 = FACE_BOUND ( 'NONE', #2750, .T. ) ;
#5443 = LINE ( 'NONE', #217, #2758 ) ;
#5444 = DIRECTION ( 'NONE',  ( 1.000000000000000000, -0.0000000000000000000, -0.0000000000000000000 ) ) ;
#5445 = PRESENTATION_STYLE_ASSIGNMENT (( #2016 ) ) ;
#5446 = PRESENTATION_STYLE_ASSIGNMENT (( #3858 ) ) ;
#5447 = DIRECTION ( 'NONE',  ( 1.000000000000000000, 0.0000000000000000000, 0.0000000000000000000 ) ) ;
#5448 =( NAMED_UNIT ( * ) SI_UNIT ( $, .STERADIAN. ) SOLID_ANGLE_UNIT ( ) );
#5449 = ORIENTED_EDGE ( 'NONE', *, *, #5782, .T. ) ;
#5450 = ORIENTED_EDGE ( 'NONE', *, *, #1663, .F. ) ;
#5451 = DIRECTION ( 'NONE',  ( 0.0000000000000000000, -1.000000000000000000, 0.0000000000000000000 ) ) ;
#5452 = LINE ( 'NONE', #6120, #1843 ) ;
#5453 = EDGE_CURVE ( 'NONE', #1030, #2593, #6336, .T. ) ;
#5454 = CARTESIAN_POINT ( 'NONE',  ( -0.8037732546215033969, -0.03403975603031187541, -0.02000000000000000042 ) ) ;
#5455 = ORIENTED_EDGE ( 'NONE', *, *, #3655, .T. ) ;
#5456 = FACE_OUTER_BOUND ( 'NONE', #3378, .T. ) ;
#5457 = ADVANCED_FACE ( 'NONE', ( #1729, #4043 ), #2907, .T. ) ;
#5458 = CARTESIAN_POINT ( 'NONE',  ( -0.1100000000000000699, -1.510000000000000009, 0.2000000000000000111 ) ) ;
#5459 = PRESENTATION_LAYER_ASSIGNMENT (  '', '', ( #5823 ) ) ;
#5460 = DIRECTION ( 'NONE',  ( 0.0000000000000000000, 0.0000000000000000000, -1.000000000000000000 ) ) ;
#5461 = CARTESIAN_POINT ( 'NONE',  ( 0.3399999999999999134, 0.0000000000000000000, 0.0000000000000000000 ) ) ;
#5462 = VERTEX_POINT ( 'NONE', #1279 ) ;
#5463 = MECHANICAL_DESIGN_GEOMETRIC_PRESENTATION_REPRESENTATION (  '', ( #1696 ), #2184 ) ;
#5464 = SURFACE_STYLE_USAGE ( .BOTH. , #1823 ) ;
#5465 = CARTESIAN_POINT ( 'NONE',  ( 1.240000000000000213, 1.215000000000000080, 0.2000000000000000111 ) ) ;
#5466 = FILL_AREA_STYLE_COLOUR ( '', #2531 ) ;
#5467 =( GEOMETRIC_REPRESENTATION_CONTEXT ( 3 ) GLOBAL_UNCERTAINTY_ASSIGNED_CONTEXT ( ( #20 ) ) GLOBAL_UNIT_ASSIGNED_CONTEXT ( ( #5924, #7175, #1287 ) ) REPRESENTATION_CONTEXT ( 'NONE', 'WORKASPACE' ) );
#5468 = PRESENTATION_LAYER_ASSIGNMENT (  '', '', ( #5833 ) ) ;
#5469 = FACE_BOUND ( 'NONE', #5096, .T. ) ;
#5470 = DIRECTION ( 'NONE',  ( 0.0000000000000000000, -1.000000000000000000, 0.0000000000000000000 ) ) ;
#5471 = LINE ( 'NONE', #7191, #2318 ) ;
#5472 = ADVANCED_FACE ( 'NONE', ( #731 ), #6977, .T. ) ;
#5473 = EDGE_CURVE ( 'NONE', #7350, #7123, #152, .T. ) ;
#5474 = CARTESIAN_POINT ( 'NONE',  ( -0.8622336204751619437, -0.1901373170059216522, -0.02000000000000000042 ) ) ;
#5475 = STYLED_ITEM ( 'NONE', ( #6967 ), #2594 ) ;
#5476 = DIRECTION ( 'NONE',  ( 0.0000000000000000000, -0.0000000000000000000, 1.000000000000000000 ) ) ;
#5477 = MECHANICAL_DESIGN_GEOMETRIC_PRESENTATION_REPRESENTATION (  '', ( #1595 ), #2815 ) ;
#5478 = ORIENTED_EDGE ( 'NONE', *, *, #823, .F. ) ;
#5479 = CARTESIAN_POINT ( 'NONE',  ( -0.4768677668166251271, 0.01374987811602959055, -0.01000000000000000021 ) ) ;
#5480 = CARTESIAN_POINT ( 'NONE',  ( 0.0000000000000000000, -0.009649512127872853645, -0.01000000000000000021 ) ) ;
#5481 = CARTESIAN_POINT ( 'NONE',  ( 1.240000000000000213, 1.500000000000000000, 0.0000000000000000000 ) ) ;
#5482 = COLOUR_RGB ( '',0.7529411764705882248, 0.7529411764705882248, 0.7529411764705882248 ) ;
#5483 = CIRCLE ( 'NONE', #5597, 0.1255198065735227408 ) ;
#5484 = MECHANICAL_DESIGN_GEOMETRIC_PRESENTATION_REPRESENTATION (  '', ( #5866 ), #612 ) ;
#5485 = CARTESIAN_POINT ( 'NONE',  ( 0.3399999999999999134, -1.500000000000000000, 0.0000000000000000000 ) ) ;
#5486 =( GEOMETRIC_REPRESENTATION_CONTEXT ( 3 ) GLOBAL_UNCERTAINTY_ASSIGNED_CONTEXT ( ( #2771 ) ) GLOBAL_UNIT_ASSIGNED_CONTEXT ( ( #5156, #7452, #3918 ) ) REPRESENTATION_CONTEXT ( 'NONE', 'WORKASPACE' ) );
#5487 = CARTESIAN_POINT ( 'NONE',  ( 0.5600000000000000533, -1.500000000000000000, 0.0000000000000000000 ) ) ;
#5488 = DIRECTION ( 'NONE',  ( -1.000000000000000000, 0.0000000000000000000, 0.0000000000000000000 ) ) ;
#5489 = PLANE ( 'NONE',  #724 ) ;
#5490 = FACE_OUTER_BOUND ( 'NONE', #1418, .T. ) ;
#5491 = ORIENTED_EDGE ( 'NONE', *, *, #108, .T. ) ;
#5492 = CARTESIAN_POINT ( 'NONE',  ( 0.2947797691219554705, -0.1487014655819828002, -0.02000000000000000042 ) ) ;
#5493 = VERTEX_POINT ( 'NONE', #113 ) ;
#5494 = VECTOR ( 'NONE', #2845, 1000.000000000000000 ) ;
#5495 = CARTESIAN_POINT ( 'NONE',  ( 0.1821015556478081387, 0.2059418829195883427, -0.01000000000000000021 ) ) ;
#5496 = ORIENTED_EDGE ( 'NONE', *, *, #2216, .F. ) ;
#5497 = SURFACE_STYLE_USAGE ( .BOTH. , #357 ) ;
#5498 = PLANE ( 'NONE',  #5359 ) ;
#5499 = CARTESIAN_POINT ( 'NONE',  ( 0.03044930635410657283, -0.1462348779815314248, -0.02000000000000000042 ) ) ;
#5500 = CARTESIAN_POINT ( 'NONE',  ( 0.2562400789127872724, -0.1948279763673731180, -0.01000000000000000021 ) ) ;
#5501 = VECTOR ( 'NONE', #4618, 1000.000000000000000 ) ;
#5502 = EDGE_LOOP ( 'NONE', ( #1855, #4050, #2291, #2040 ) ) ;
#5503 = FACE_OUTER_BOUND ( 'NONE', #6910, .T. ) ;
#5504 = DIRECTION ( 'NONE',  ( 0.0000000000000000000, 0.0000000000000000000, -1.000000000000000000 ) ) ;
#5505 = UNCERTAINTY_MEASURE_WITH_UNIT (LENGTH_MEASURE( 1.000000000000000082E-05 ), #44, 'distance_accuracy_value', 'NONE');
#5506 = CARTESIAN_POINT ( 'NONE',  ( 0.3966008352406113491, -0.05895021226348581139, -0.02000000000000000042 ) ) ;
#5507 = MECHANICAL_DESIGN_GEOMETRIC_PRESENTATION_REPRESENTATION (  '', ( #4797 ), #42 ) ;
#5508 = ORIENTED_EDGE ( 'NONE', *, *, #7367, .F. ) ;
#5509 = MECHANICAL_DESIGN_GEOMETRIC_PRESENTATION_REPRESENTATION (  '', ( #4557 ), #1863 ) ;
#5510 = EDGE_CURVE ( 'NONE', #1587, #6155, #1766, .T. ) ;
#5511 = EDGE_CURVE ( 'NONE', #7112, #3261, #4076, .T. ) ;
#5512 = CARTESIAN_POINT ( 'NONE',  ( 1.010000000000000009, 1.215000000000000080, 0.2000000000000000111 ) ) ;
#5513 = FACE_OUTER_BOUND ( 'NONE', #4115, .T. ) ;
#5514 = STYLED_ITEM ( 'NONE', ( #1692 ), #3164 ) ;
#5515 = CARTESIAN_POINT ( 'NONE',  ( 0.2927402615236415762, -0.1945576512862258745, -0.009999999999999991535 ) ) ;
#5516 = DIRECTION ( 'NONE',  ( 0.0000000000000000000, 0.0000000000000000000, 1.000000000000000000 ) ) ;
#5517 = VECTOR ( 'NONE', #447, 1000.000000000000000 ) ;
#5518 = ADVANCED_FACE ( 'NONE', ( #610 ), #3559, .T. ) ;
#5519 = CARTESIAN_POINT ( 'NONE',  ( 0.2249999999999998945, -1.215000000000000080, -0.02000000000000000042 ) ) ;
#5520 =( NAMED_UNIT ( * ) PLANE_ANGLE_UNIT ( ) SI_UNIT ( $, .RADIAN. ) );
#5521 = VERTEX_POINT ( 'NONE', #650 ) ;
#5522 = PRESENTATION_STYLE_ASSIGNMENT (( #265 ) ) ;
#5523 =( LENGTH_UNIT ( ) NAMED_UNIT ( * ) SI_UNIT ( .MILLI., .METRE. ) );
#5524 = ORIENTED_EDGE ( 'NONE', *, *, #4024, .F. ) ;
#5525 = LINE ( 'NONE', #4894, #6111 ) ;
#5526 = CARTESIAN_POINT ( 'NONE',  ( 0.0000000000000000000, 0.0000000000000000000, 0.7299999999999999822 ) ) ;
#5527 = VERTEX_POINT ( 'NONE', #5997 ) ;
#5528 = AXIS2_PLACEMENT_3D ( 'NONE', #4667, #4707, #656 ) ;
#5529 = CARTESIAN_POINT ( 'NONE',  ( 0.5600000000000000533, 1.215000000000000080, 0.0000000000000000000 ) ) ;
#5530 = UNCERTAINTY_MEASURE_WITH_UNIT (LENGTH_MEASURE( 1.000000000000000082E-05 ), #2660, 'distance_accuracy_value', 'NONE');
#5531 = CARTESIAN_POINT ( 'NONE',  ( 0.0000000000000000000, 0.2098626829940784255, -0.01000000000000000021 ) ) ;
#5532 = EDGE_LOOP ( 'NONE', ( #1773, #2645, #5255, #710 ) ) ;
#5533 = FILL_AREA_STYLE ('',( #3226 ) ) ;
#5534 =( NAMED_UNIT ( * ) PLANE_ANGLE_UNIT ( ) SI_UNIT ( $, .RADIAN. ) );
#5535 = CARTESIAN_POINT ( 'NONE',  ( 1.240000000000000213, 1.510000000000000009, -0.02000000000000000042 ) ) ;
#5536 = AXIS2_PLACEMENT_3D ( 'NONE', #4664, #5762, #2799 ) ;
#5537 = CARTESIAN_POINT ( 'NONE',  ( -0.5305263034019911395, 0.01489317079895642083, -0.01000000000000000021 ) ) ;
#5538 = PRESENTATION_LAYER_ASSIGNMENT (  '', '', ( #6523 ) ) ;
#5539 = ORIENTED_EDGE ( 'NONE', *, *, #6092, .T. ) ;
#5540 = PRESENTATION_LAYER_ASSIGNMENT (  '', '', ( #1311 ) ) ;
#5541 = CARTESIAN_POINT ( 'NONE',  ( -1.240000000000000213, -1.510000000000000009, -0.02000000000000000042 ) ) ;
#5542 = CARTESIAN_POINT ( 'NONE',  ( -1.189999999999999947, 0.8250000000000000666, 0.2000000000000000111 ) ) ;
#5543 = CARTESIAN_POINT ( 'NONE',  ( 1.125000000000000222, -1.215000000000000080, 0.2000000000000000111 ) ) ;
#5544 = ORIENTED_EDGE ( 'NONE', *, *, #7056, .F. ) ;
#5545 = EDGE_CURVE ( 'NONE', #5646, #376, #2984, .T. ) ;
#5546 = EDGE_CURVE ( 'NONE', #3551, #2522, #7169, .T. ) ;
#5547 = CARTESIAN_POINT ( 'NONE',  ( -0.7360903277922349330, 0.1610821951892003334, -0.01000000000000000021 ) ) ;
#5548 = PLANE ( 'NONE',  #4676 ) ;
#5549 = FILL_AREA_STYLE_COLOUR ( '', #4875 ) ;
#5550 = EDGE_CURVE ( 'NONE', #3529, #1436, #4889, .T. ) ;
#5551 = ORIENTED_EDGE ( 'NONE', *, *, #6513, .F. ) ;
#5552 = DIRECTION ( 'NONE',  ( 0.0000000000000000000, 1.000000000000000000, 0.0000000000000000000 ) ) ;
#5553 = ADVANCED_FACE ( 'NONE', ( #3741 ), #1391, .T. ) ;
#5554 = SURFACE_STYLE_FILL_AREA ( #920 ) ;
#5555 = VERTEX_POINT ( 'NONE', #2562 ) ;
#5556 = DIRECTION ( 'NONE',  ( -1.000000000000000000, 0.0000000000000000000, 0.0000000000000000000 ) ) ;
#5557 = FILL_AREA_STYLE_COLOUR ( '', #2272 ) ;
#5558 = ORIENTED_EDGE ( 'NONE', *, *, #6735, .T. ) ;
#5559 = CARTESIAN_POINT ( 'NONE',  ( -0.7900000000000001465, 1.510000000000000009, 0.2000000000000000111 ) ) ;
#5560 = EDGE_CURVE ( 'NONE', #3716, #1436, #6749, .T. ) ;
#5561 = EDGE_LOOP ( 'NONE', ( #3604, #4308, #5218, #3797, #3984, #2011, #5180, #6974, #7162, #3533, #3827, #1549, #2866, #3036, #7514, #2300, #6328, #3243, #6838, #4459, #4083, #5227, #1492, #819, #7464, #7247, #3297, #6733 ) ) ;
#5562 = CARTESIAN_POINT ( 'NONE',  ( -0.3400000000000001354, 1.215000000000000080, 0.2000000000000000111 ) ) ;
#5563 = CARTESIAN_POINT ( 'NONE',  ( 1.189999999999999947, -0.8249999999999998446, 0.0000000000000000000 ) ) ;
#5564 = MECHANICAL_DESIGN_GEOMETRIC_PRESENTATION_REPRESENTATION (  '', ( #1330 ), #2418 ) ;
#5565 = CARTESIAN_POINT ( 'NONE',  ( 0.2699629763585933429, -0.1509804875284658232, -0.02000000000000000042 ) ) ;
#5566 = EDGE_LOOP ( 'NONE', ( #1467, #7526, #2133, #7064, #2641 ) ) ;
#5567 = UNCERTAINTY_MEASURE_WITH_UNIT (LENGTH_MEASURE( 1.000000000000000082E-05 ), #2544, 'distance_accuracy_value', 'NONE');
#5568 = CARTESIAN_POINT ( 'NONE',  ( 0.1621566234272772411, -0.1255031706644582079, -0.02000000000000000042 ) ) ;
#5569 = SURFACE_STYLE_FILL_AREA ( #2765 ) ;
#5570 = ORIENTED_EDGE ( 'NONE', *, *, #5473, .T. ) ;
#5571 = DIRECTION ( 'NONE',  ( 0.0000000000000000000, -0.0000000000000000000, 1.000000000000000000 ) ) ;
#5572 = SURFACE_STYLE_FILL_AREA ( #4243 ) ;
#5573 = DIRECTION ( 'NONE',  ( -0.0000000000000000000, -0.0000000000000000000, -1.000000000000000000 ) ) ;
#5574 =( GEOMETRIC_REPRESENTATION_CONTEXT ( 3 ) GLOBAL_UNCERTAINTY_ASSIGNED_CONTEXT ( ( #2090 ) ) GLOBAL_UNIT_ASSIGNED_CONTEXT ( ( #3919, #2204, #5083 ) ) REPRESENTATION_CONTEXT ( 'NONE', 'WORKASPACE' ) );
#5575 = CARTESIAN_POINT ( 'NONE',  ( -0.5303666362444813265, 0.02214395742735008471, -0.01000000000000000021 ) ) ;
#5576 = CARTESIAN_POINT ( 'NONE',  ( 0.2258734076461884899, -0.1916307018081011004, -0.01000000000000000021 ) ) ;
#5577 = ORIENTED_EDGE ( 'NONE', *, *, #7282, .T. ) ;
#5578 = CARTESIAN_POINT ( 'NONE',  ( -1.347831130183036352, -1.208820028646933720, 0.7199999999999999734 ) ) ;
#5579 = FACE_OUTER_BOUND ( 'NONE', #3282, .T. ) ;
#5580 = LINE ( 'NONE', #834, #1710 ) ;
#5581 =( NAMED_UNIT ( * ) SI_UNIT ( $, .STERADIAN. ) SOLID_ANGLE_UNIT ( ) );
#5582 = UNCERTAINTY_MEASURE_WITH_UNIT (LENGTH_MEASURE( 1.000000000000000082E-05 ), #4470, 'distance_accuracy_value', 'NONE');
#5583 = B_SPLINE_CURVE_WITH_KNOTS ( 'NONE', 3,
 ( #6470, #6961, #1259, #5230, #3648, #5851, #5346, #628, #5191, #586, #7516, #24, #6392, #1182, #3503, #2967, #2345, #5265, #2390 ),
 .UNSPECIFIED., .F., .F.,
 ( 4, 1, 1, 1, 1, 1, 1, 1, 1, 1, 1, 1, 1, 1, 1, 1, 4 ),
 ( 0.0000000000000000000, 0.07082657255516341954, 0.1381690332797999854, 0.2024753315338422566, 0.2639737544135198899, 0.3233803205980371187, 0.3817976227131854583, 0.4393900745193891066, 0.4969027245459975983, 0.5546621696093703147, 0.6127418784921975226, 0.6715388363911724001, 0.7316557220901981351, 0.7942978116139531863, 0.8594822049793585661, 0.9276813254527899177, 1.000000000000000000 ),
 .UNSPECIFIED. ) ;
#5584 = MECHANICAL_DESIGN_GEOMETRIC_PRESENTATION_REPRESENTATION (  '', ( #2312 ), #5345 ) ;
#5585 = CARTESIAN_POINT ( 'NONE',  ( -0.4229561810290008439, 0.1368748453106870822, -0.01000000000000000021 ) ) ;
#5586 = LINE ( 'NONE', #4494, #4554 ) ;
#5587 = FACE_OUTER_BOUND ( 'NONE', #4022, .T. ) ;
#5588 = STYLED_ITEM ( 'NONE', ( #3292 ), #5317 ) ;
#5589 = VECTOR ( 'NONE', #4654, 1000.000000000000000 ) ;
#5590 = EDGE_CURVE ( 'NONE', #700, #7024, #183, .T. ) ;
#5591 = ORIENTED_EDGE ( 'NONE', *, *, #2627, .T. ) ;
#5592 = FILL_AREA_STYLE_COLOUR ( '', #6337 ) ;
#5593 = ORIENTED_EDGE ( 'NONE', *, *, #206, .T. ) ;
#5594 = CARTESIAN_POINT ( 'NONE',  ( -0.3845017482041942491, 0.2027046767077306799, -0.01000000000000000021 ) ) ;
#5595 = SURFACE_SIDE_STYLE ('',( #7271 ) ) ;
#5596 = AXIS2_PLACEMENT_3D ( 'NONE', #6084, #896, #2650 ) ;
#5597 = AXIS2_PLACEMENT_3D ( 'NONE', #497, #7468, #459 ) ;
#5598 = ORIENTED_EDGE ( 'NONE', *, *, #212, .F. ) ;
#5599 = PRESENTATION_STYLE_ASSIGNMENT (( #1573 ) ) ;
#5600 = MECHANICAL_DESIGN_GEOMETRIC_PRESENTATION_REPRESENTATION (  '', ( #4888 ), #5486 ) ;
#5601 = EDGE_LOOP ( 'NONE', ( #2502, #1180, #4993, #7184 ) ) ;
#5602 = PRESENTATION_LAYER_ASSIGNMENT (  '', '', ( #1723 ) ) ;
#5603 =( LENGTH_UNIT ( ) NAMED_UNIT ( * ) SI_UNIT ( .MILLI., .METRE. ) );
#5604 = UNCERTAINTY_MEASURE_WITH_UNIT (LENGTH_MEASURE( 1.000000000000000082E-05 ), #510, 'distance_accuracy_value', 'NONE');
#5605 = ORIENTED_EDGE ( 'NONE', *, *, #2163, .F. ) ;
#5606 = ADVANCED_FACE ( 'NONE', ( #3140 ), #1496, .T. ) ;
#5607 = EDGE_CURVE ( 'NONE', #624, #6844, #1459, .T. ) ;
#5608 = DIRECTION ( 'NONE',  ( -1.000000000000000000, 0.0000000000000000000, 0.0000000000000000000 ) ) ;
#5609 =( NAMED_UNIT ( * ) SI_UNIT ( $, .STERADIAN. ) SOLID_ANGLE_UNIT ( ) );
#5610 = ORIENTED_EDGE ( 'NONE', *, *, #2552, .T. ) ;
#5611 = SURFACE_STYLE_USAGE ( .BOTH. , #3909 ) ;
#5612 = CARTESIAN_POINT ( 'NONE',  ( 0.1659099797372729779, -0.1714773095568056793, -0.02000000000000000042 ) ) ;
#5613 = FACE_OUTER_BOUND ( 'NONE', #4985, .T. ) ;
#5614 = UNCERTAINTY_MEASURE_WITH_UNIT (LENGTH_MEASURE( 1.000000000000000082E-05 ), #7071, 'distance_accuracy_value', 'NONE');
#5615 = CARTESIAN_POINT ( 'NONE',  ( -0.4557810093796368922, 0.1695224752681614155, -0.01000000000000000021 ) ) ;
#5616 = VECTOR ( 'NONE', #3946, 1000.000000000000000 ) ;
#5617 = FILL_AREA_STYLE_COLOUR ( '', #1417 ) ;
#5618 = ADVANCED_FACE ( 'NONE', ( #2636 ), #4947, .T. ) ;
#5619 = VERTEX_POINT ( 'NONE', #4615 ) ;
#5620 = LINE ( 'NONE', #5038, #4176 ) ;
#5621 = CARTESIAN_POINT ( 'NONE',  ( 0.1099999999999999034, -1.215000000000000080, -0.02000000000000000042 ) ) ;
#5622 = CARTESIAN_POINT ( 'NONE',  ( 0.1982865681292542426, -0.1852421956839183370, -0.02000000000000000042 ) ) ;
#5623 = CARTESIAN_POINT ( 'NONE',  ( -0.4556956407120459907, -0.1474143134190556703, -0.01000000000000000021 ) ) ;
#5624 = FACE_OUTER_BOUND ( 'NONE', #5987, .T. ) ;
#5625 = CARTESIAN_POINT ( 'NONE',  ( 0.2516095520313131328, 0.1707744765116404606, -0.01000000000000000021 ) ) ;
#5626 = PLANE ( 'NONE',  #1234 ) ;
#5627 = VERTEX_POINT ( 'NONE', #6930 ) ;
#5628 = PRESENTATION_LAYER_ASSIGNMENT (  '', '', ( #5142 ) ) ;
#5629 = ORIENTED_EDGE ( 'NONE', *, *, #6487, .T. ) ;
#5630 = CARTESIAN_POINT ( 'NONE',  ( -0.5305263034019911395, 0.01489317079895642083, -0.02000000000000000042 ) ) ;
#5631 = SURFACE_STYLE_FILL_AREA ( #7428 ) ;
#5632 = VECTOR ( 'NONE', #6321, 1000.000000000000000 ) ;
#5633 = FILL_AREA_STYLE ('',( #5093 ) ) ;
#5634 = AXIS2_PLACEMENT_3D ( 'NONE', #5267, #4207, #5231 ) ;
#5635 = EDGE_LOOP ( 'NONE', ( #7402, #817, #3683, #2261 ) ) ;
#5636 = CARTESIAN_POINT ( 'NONE',  ( -0.2250000000000000888, -1.215000000000000080, -0.02000000000000000042 ) ) ;
#5637 =( GEOMETRIC_REPRESENTATION_CONTEXT ( 3 ) GLOBAL_UNCERTAINTY_ASSIGNED_CONTEXT ( ( #5996 ) ) GLOBAL_UNIT_ASSIGNED_CONTEXT ( ( #3766, #4365, #6248 ) ) REPRESENTATION_CONTEXT ( 'NONE', 'WORKASPACE' ) );
#5638 = ORIENTED_EDGE ( 'NONE', *, *, #613, .F. ) ;
#5639 = DIRECTION ( 'NONE',  ( 0.0000000000000000000, -1.000000000000000000, 0.0000000000000000000 ) ) ;
#5640 = SURFACE_SIDE_STYLE ('',( #5172 ) ) ;
#5641 = ORIENTED_EDGE ( 'NONE', *, *, #1507, .T. ) ;
#5642 = DIRECTION ( 'NONE',  ( 0.0000000000000000000, 0.0000000000000000000, -1.000000000000000000 ) ) ;
#5643 = DIRECTION ( 'NONE',  ( 1.000000000000000000, 0.0000000000000000000, -0.0000000000000000000 ) ) ;
#5644 = EDGE_CURVE ( 'NONE', #21, #1403, #3363, .T. ) ;
#5645 = SURFACE_STYLE_USAGE ( .BOTH. , #4592 ) ;
#5646 = VERTEX_POINT ( 'NONE', #527 ) ;
#5647 = ADVANCED_FACE ( 'NONE', ( #1610 ), #2715, .T. ) ;
#5648 = PRESENTATION_LAYER_ASSIGNMENT (  '', '', ( #4689 ) ) ;
#5649 = EDGE_CURVE ( 'NONE', #6715, #6356, #3892, .T. ) ;
#5650 = SURFACE_SIDE_STYLE ('',( #2193 ) ) ;
#5651 = SURFACE_SIDE_STYLE ('',( #2228 ) ) ;
#5652 = UNCERTAINTY_MEASURE_WITH_UNIT (LENGTH_MEASURE( 1.000000000000000082E-05 ), #4284, 'distance_accuracy_value', 'NONE');
#5653 = CARTESIAN_POINT ( 'NONE',  ( -0.4393754477577795914, 0.1803085907077239813, -0.01000000000000000021 ) ) ;
#5654 =( NAMED_UNIT ( * ) PLANE_ANGLE_UNIT ( ) SI_UNIT ( $, .RADIAN. ) );
#5655 = VECTOR ( 'NONE', #3082, 1000.000000000000000 ) ;
#5656 = ORIENTED_EDGE ( 'NONE', *, *, #4952, .F. ) ;
#5657 = MECHANICAL_DESIGN_GEOMETRIC_PRESENTATION_REPRESENTATION (  '', ( #2511 ), #6760 ) ;
#5658 = DIRECTION ( 'NONE',  ( 0.0000000000000000000, 0.0000000000000000000, 1.000000000000000000 ) ) ;
#5659 = FACE_OUTER_BOUND ( 'NONE', #3790, .T. ) ;
#5660 = CARTESIAN_POINT ( 'NONE',  ( 0.7900000000000001465, 1.510000000000000009, -0.02000000000000000042 ) ) ;
#5661 = CARTESIAN_POINT ( 'NONE',  ( 0.3959271219570360545, 0.07363327368528835293, -0.009999999999999995004 ) ) ;
#5662 =( GEOMETRIC_REPRESENTATION_CONTEXT ( 3 ) GLOBAL_UNCERTAINTY_ASSIGNED_CONTEXT ( ( #6236 ) ) GLOBAL_UNIT_ASSIGNED_CONTEXT ( ( #2070, #1438, #7358 ) ) REPRESENTATION_CONTEXT ( 'NONE', 'WORKASPACE' ) );
#5663 = CARTESIAN_POINT ( 'NONE',  ( 0.2562877209882529206, 0.2147407317745662070, -0.01000000000000000021 ) ) ;
#5664 = AXIS2_PLACEMENT_3D ( 'NONE', #3167, #5476, #4416 ) ;
#5665 = FILL_AREA_STYLE_COLOUR ( '', #5666 ) ;
#5666 = COLOUR_RGB ( '',0.0000000000000000000, 0.0000000000000000000, 0.0000000000000000000 ) ;
#5667 = UNCERTAINTY_MEASURE_WITH_UNIT (LENGTH_MEASURE( 1.000000000000000082E-05 ), #3455, 'distance_accuracy_value', 'NONE');
#5668 = FILL_AREA_STYLE ('',( #4336 ) ) ;
#5669 = CARTESIAN_POINT ( 'NONE',  ( 0.4060590624516675629, 0.005594390311151550138, -0.02000000000000000042 ) ) ;
#5670 = MECHANICAL_DESIGN_GEOMETRIC_PRESENTATION_REPRESENTATION (  '', ( #809 ), #74 ) ;
#5671 = ORIENTED_EDGE ( 'NONE', *, *, #7116, .F. ) ;
#5672 = LINE ( 'NONE', #2169, #998 ) ;
#5673 = CARTESIAN_POINT ( 'NONE',  ( -1.010000000000000009, 1.500000000000000000, 0.7299999999999999822 ) ) ;
#5674 = COLOUR_RGB ( '',0.7529411764705882248, 0.7529411764705882248, 0.7529411764705882248 ) ;
#5675 = ORIENTED_EDGE ( 'NONE', *, *, #23, .T. ) ;
#5676 = AXIS2_PLACEMENT_3D ( 'NONE', #7115, #4092, #592 ) ;
#5677 = FACE_OUTER_BOUND ( 'NONE', #4714, .T. ) ;
#5678 = CARTESIAN_POINT ( 'NONE',  ( -1.499999999999999778, 1.500000000000000000, 0.7299999999999999822 ) ) ;
#5679 =( NAMED_UNIT ( * ) PLANE_ANGLE_UNIT ( ) SI_UNIT ( $, .RADIAN. ) );
#5680 = ORIENTED_EDGE ( 'NONE', *, *, #3195, .F. ) ;
#5681 =( GEOMETRIC_REPRESENTATION_CONTEXT ( 3 ) GLOBAL_UNCERTAINTY_ASSIGNED_CONTEXT ( ( #2722 ) ) GLOBAL_UNIT_ASSIGNED_CONTEXT ( ( #999, #7348, #5716 ) ) REPRESENTATION_CONTEXT ( 'NONE', 'WORKASPACE' ) );
#5682 = ORIENTED_EDGE ( 'NONE', *, *, #5360, .F. ) ;
#5683 = CARTESIAN_POINT ( 'NONE',  ( 0.3672588477105215299, -0.1089408353880772506, -0.01000000000000000021 ) ) ;
#5684 =( NAMED_UNIT ( * ) PLANE_ANGLE_UNIT ( ) SI_UNIT ( $, .RADIAN. ) );
#5685 = VERTEX_POINT ( 'NONE', #2172 ) ;
#5686 = FILL_AREA_STYLE_COLOUR ( '', #2523 ) ;
#5687 = CIRCLE ( 'NONE', #3630, 0.1150000000000000883 ) ;
#5688 = FILL_AREA_STYLE_COLOUR ( '', #307 ) ;
#5689 = DIRECTION ( 'NONE',  ( 1.000000000000000000, -0.0000000000000000000, -0.0000000000000000000 ) ) ;
#5690 = PRESENTATION_STYLE_ASSIGNMENT (( #5645 ) ) ;
#5691 = ADVANCED_FACE ( 'NONE', ( #5677 ), #453, .T. ) ;
#5692 = ORIENTED_EDGE ( 'NONE', *, *, #2686, .T. ) ;
#5693 = FACE_OUTER_BOUND ( 'NONE', #5149, .T. ) ;
#5694 = DIRECTION ( 'NONE',  ( 0.0000000000000000000, 1.000000000000000000, -0.0000000000000000000 ) ) ;
#5695 = SURFACE_STYLE_USAGE ( .BOTH. , #6310 ) ;
#5696 = ORIENTED_EDGE ( 'NONE', *, *, #4413, .T. ) ;
#5697 =( LENGTH_UNIT ( ) NAMED_UNIT ( * ) SI_UNIT ( .MILLI., .METRE. ) );
#5698 = ORIENTED_EDGE ( 'NONE', *, *, #2255, .F. ) ;
#5699 =( NAMED_UNIT ( * ) SI_UNIT ( $, .STERADIAN. ) SOLID_ANGLE_UNIT ( ) );
#5700 = B_SPLINE_SURFACE_WITH_KNOTS ( 'NONE', 3, 1, ( 
 ( #2994, #5185 ),
 ( #5301, #90 ),
 ( #7105, #625 ),
 ( #129, #2962 ),
 ( #4786, #4747 ),
 ( #7510, #581 ),
 ( #5224, #52 ) ),
 .UNSPECIFIED., .F., .F., .F.,
 ( 4, 1, 1, 1, 4 ),
 ( 2, 2 ),
 ( 0.0000000000000000000, 0.3005411131585078444, 0.5677471464835985859, 0.8000336137369795653, 1.000000000000000000 ),
 ( 0.0000000000000000000, 1.000000000000000000 ),
 .UNSPECIFIED. ) ;
#5701 = B_SPLINE_CURVE_WITH_KNOTS ( 'NONE', 3,
 ( #1765, #4001, #2248, #6299, #6413, #1725, #5064, #416, #1680, #5720, #6260, #494, #1036, #3365, #457, #7435, #2832, #5133, #6901 ),
 .UNSPECIFIED., .F., .F.,
 ( 4, 1, 1, 1, 1, 1, 1, 1, 1, 1, 1, 1, 1, 1, 1, 1, 4 ),
 ( 0.0000000000000000000, 0.06863117867660099847, 0.1345664660386766964, 0.1983281540108808028, 0.2607897666408446891, 0.3219991514841584190, 0.3827217465030193222, 0.4435374740357288514, 0.5051334294849249007, 0.5662138747646714432, 0.6261058646175455822, 0.6853493221605165830, 0.7449958703477972399, 0.8054158418145627163, 0.8676362663459531444, 0.9323077823023292465, 1.000000000000000000 ),
 .UNSPECIFIED. ) ;
#5702 =( NAMED_UNIT ( * ) SI_UNIT ( $, .STERADIAN. ) SOLID_ANGLE_UNIT ( ) );
#5703 = CARTESIAN_POINT ( 'NONE',  ( 0.3827332506991074634, 0.1019327978136949642, -0.02000000000000000042 ) ) ;
#5704 = CARTESIAN_POINT ( 'NONE',  ( 0.2635121917761384380, 0.2145726417691848908, -0.009999999999999995004 ) ) ;
#5705 = COLOUR_RGB ( '',0.0000000000000000000, 0.0000000000000000000, 0.0000000000000000000 ) ;
#5706 = ADVANCED_FACE ( 'NONE', ( #1312 ), #4180, .T. ) ;
#5707 = DIRECTION ( 'NONE',  ( 1.000000000000000000, -0.0000000000000000000, -0.0000000000000000000 ) ) ;
#5708 = ADVANCED_FACE ( 'NONE', ( #6479 ), #2326, .T. ) ;
#5709 = CARTESIAN_POINT ( 'NONE',  ( 0.3644406826545871225, 0.1262887235924114171, -0.02000000000000000042 ) ) ;
#5710 = ORIENTED_EDGE ( 'NONE', *, *, #3464, .F. ) ;
#5711 = DIRECTION ( 'NONE',  ( 1.000000000000000000, 0.0000000000000000000, 0.0000000000000000000 ) ) ;
#5712 = CARTESIAN_POINT ( 'NONE',  ( 0.0000000000000000000, -0.8249999999999998446, 0.0000000000000000000 ) ) ;
#5713 = AXIS2_PLACEMENT_3D ( 'NONE', #5951, #729, #7235 ) ;
#5714 = AXIS2_PLACEMENT_3D ( 'NONE', #2214, #6935, #2286 ) ;
#5715 = ORIENTED_EDGE ( 'NONE', *, *, #6638, .T. ) ;
#5716 =( NAMED_UNIT ( * ) SI_UNIT ( $, .STERADIAN. ) SOLID_ANGLE_UNIT ( ) );
#5717 =( GEOMETRIC_REPRESENTATION_CONTEXT ( 3 ) GLOBAL_UNCERTAINTY_ASSIGNED_CONTEXT ( ( #6958 ) ) GLOBAL_UNIT_ASSIGNED_CONTEXT ( ( #2029, #852, #270 ) ) REPRESENTATION_CONTEXT ( 'NONE', 'WORKASPACE' ) );
#5718 = VECTOR ( 'NONE', #7276, 1000.000000000000000 ) ;
#5719 = LINE ( 'NONE', #2328, #4904 ) ;
#5720 = CARTESIAN_POINT ( 'NONE',  ( -0.4710962543667324698, 0.1571695279546107826, -0.02000000000000000042 ) ) ;
#5721 = COLOUR_RGB ( '',0.0000000000000000000, 0.0000000000000000000, 0.0000000000000000000 ) ;
#5722 = ORIENTED_EDGE ( 'NONE', *, *, #1671, .F. ) ;
#5723 = CARTESIAN_POINT ( 'NONE',  ( 0.4038662696170053912, -0.02834711105378114049, -0.01000000000000000021 ) ) ;
#5724 = MECHANICAL_DESIGN_GEOMETRIC_PRESENTATION_REPRESENTATION (  '', ( #5098 ), #3779 ) ;
#5725 = COLOUR_RGB ( '',0.0000000000000000000, 0.0000000000000000000, 0.0000000000000000000 ) ;
#5726 = FILL_AREA_STYLE ('',( #5208 ) ) ;
#5727 = ORIENTED_EDGE ( 'NONE', *, *, #1197, .T. ) ;
#5728 = VECTOR ( 'NONE', #3307, 1000.000000000000000 ) ;
#5729 = DIRECTION ( 'NONE',  ( -1.000000000000000000, 0.0000000000000000000, 0.0000000000000000000 ) ) ;
#5730 = COLOUR_RGB ( '',0.2509803921568627416, 0.2509803921568627416, 0.2509803921568627416 ) ;
#5731 = VECTOR ( 'NONE', #5573, 1000.000000000000000 ) ;
#5732 = LINE ( 'NONE', #6872, #3594 ) ;
#5733 = ORIENTED_EDGE ( 'NONE', *, *, #7234, .T. ) ;
#5734 = FACE_OUTER_BOUND ( 'NONE', #314, .T. ) ;
#5735 = DIRECTION ( 'NONE',  ( 0.0000000000000000000, -1.000000000000000000, 0.0000000000000000000 ) ) ;
#5736 = ORIENTED_EDGE ( 'NONE', *, *, #4299, .F. ) ;
#5737 = CARTESIAN_POINT ( 'NONE',  ( 0.2068720377553208700, 0.1645527428409472026, -0.02000000000000000042 ) ) ;
#5738 = CARTESIAN_POINT ( 'NONE',  ( -0.7389642144102407384, 0.1523334377386271199, -0.02000000000000000042 ) ) ;
#5739 = PRESENTATION_LAYER_ASSIGNMENT (  '', '', ( #5241 ) ) ;
#5740 = ORIENTED_EDGE ( 'NONE', *, *, #1347, .T. ) ;
#5741 = SURFACE_SIDE_STYLE ('',( #1100 ) ) ;
#5742 = FILL_AREA_STYLE_COLOUR ( '', #6944 ) ;
#5743 = CARTESIAN_POINT ( 'NONE',  ( 0.4060590624516675629, 0.005594390311151550138, -0.01000000000000000021 ) ) ;
#5744 = DIRECTION ( 'NONE',  ( 0.0000000000000000000, 0.0000000000000000000, -1.000000000000000000 ) ) ;
#5745 = SURFACE_STYLE_FILL_AREA ( #6362 ) ;
#5746 = SURFACE_STYLE_FILL_AREA ( #2279 ) ;
#5747 = DIRECTION ( 'NONE',  ( 1.000000000000000000, 0.0000000000000000000, -0.0000000000000000000 ) ) ;
#5748 = MECHANICAL_DESIGN_GEOMETRIC_PRESENTATION_REPRESENTATION (  '', ( #1498 ), #7089 ) ;
#5749 = CARTESIAN_POINT ( 'NONE',  ( -1.499999999999999778, 1.500000000000000000, 0.0000000000000000000 ) ) ;
#5750 = EDGE_CURVE ( 'NONE', #6001, #2919, #5073, .T. ) ;
#5751 = ORIENTED_EDGE ( 'NONE', *, *, #2553, .T. ) ;
#5752 = ADVANCED_FACE ( 'NONE', ( #3303 ), #4932, .T. ) ;
#5753 = COLOUR_RGB ( '',0.7529411764705882248, 0.7529411764705882248, 0.7529411764705882248 ) ;
#5754 = ORIENTED_EDGE ( 'NONE', *, *, #4870, .F. ) ;
#5755 = DIRECTION ( 'NONE',  ( 0.0000000000000000000, 0.0000000000000000000, 1.000000000000000000 ) ) ;
#5756 = ORIENTED_EDGE ( 'NONE', *, *, #3464, .T. ) ;
#5757 = EDGE_CURVE ( 'NONE', #6784, #1431, #1480, .T. ) ;
#5758 = COLOUR_RGB ( '',0.7529411764705882248, 0.7529411764705882248, 0.7529411764705882248 ) ;
#5759 = DIRECTION ( 'NONE',  ( -1.000000000000000000, 0.0000000000000000000, 0.0000000000000000000 ) ) ;
#5760 = ORIENTED_EDGE ( 'NONE', *, *, #4068, .T. ) ;
#5761 = DIRECTION ( 'NONE',  ( -0.0000000000000000000, 0.0000000000000000000, 1.000000000000000000 ) ) ;
#5762 = DIRECTION ( 'NONE',  ( -0.0000000000000000000, 0.0000000000000000000, -1.000000000000000000 ) ) ;
#5763 = DIRECTION ( 'NONE',  ( 0.0000000000000000000, 0.0000000000000000000, -1.000000000000000000 ) ) ;
#5764 = MECHANICAL_DESIGN_GEOMETRIC_PRESENTATION_REPRESENTATION (  '', ( #2855 ), #5398 ) ;
#5765 = CARTESIAN_POINT ( 'NONE',  ( 0.4597175990370334087, 0.002316951286761314600, -0.02000000000000000042 ) ) ;
#5766 = ORIENTED_EDGE ( 'NONE', *, *, #7067, .T. ) ;
#5767 = ORIENTED_EDGE ( 'NONE', *, *, #3234, .T. ) ;
#5768 =( LENGTH_UNIT ( ) NAMED_UNIT ( * ) SI_UNIT ( .MILLI., .METRE. ) );
#5769 =( NAMED_UNIT ( * ) PLANE_ANGLE_UNIT ( ) SI_UNIT ( $, .RADIAN. ) );
#5770 = EDGE_LOOP ( 'NONE', ( #1485, #1694, #2653, #6064 ) ) ;
#5771 = PRESENTATION_STYLE_ASSIGNMENT (( #4119 ) ) ;
#5772 = CARTESIAN_POINT ( 'NONE',  ( -1.499999999999999778, 1.500000000000000000, 0.0000000000000000000 ) ) ;
#5773 = ORIENTED_EDGE ( 'NONE', *, *, #6092, .F. ) ;
#5774 = STYLED_ITEM ( 'NONE', ( #5690 ), #4163 ) ;
#5775 = CARTESIAN_POINT ( 'NONE',  ( -0.2085750838897959536, -0.1901373170059216522, -0.02000000000000000042 ) ) ;
#5776 = SURFACE_SIDE_STYLE ('',( #5194 ) ) ;
#5777 = CARTESIAN_POINT ( 'NONE',  ( 0.4595433896549683261, 0.01009915573068013127, -0.01000000000000000021 ) ) ;
#5778 = CARTESIAN_POINT ( 'NONE',  ( 0.4024919890846187509, 0.1565624802769368107, -0.02000000000000000042 ) ) ;
#5779 = CARTESIAN_POINT ( 'NONE',  ( 0.4313479788213817612, -0.1117776601448449841, -0.01000000000000000021 ) ) ;
#5780 = PRESENTATION_LAYER_ASSIGNMENT (  '', '', ( #3238 ) ) ;
#5781 = EDGE_CURVE ( 'NONE', #5619, #4769, #4483, .T. ) ;
#5782 = EDGE_CURVE ( 'NONE', #4546, #774, #4625, .T. ) ;
#5783 = VERTEX_POINT ( 'NONE', #323 ) ;
#5784 = SURFACE_SIDE_STYLE ('',( #36 ) ) ;
#5785 = VECTOR ( 'NONE', #1835, 1000.000000000000000 ) ;
#5786 = STYLED_ITEM ( 'NONE', ( #413 ), #5647 ) ;
#5787 = FACE_OUTER_BOUND ( 'NONE', #3971, .T. ) ;
#5788 = VERTEX_POINT ( 'NONE', #2657 ) ;
#5789 = FILL_AREA_STYLE_COLOUR ( '', #6926 ) ;
#5790 = ADVANCED_FACE ( 'NONE', ( #4968 ), #7330, .T. ) ;
#5791 = COLOUR_RGB ( '',0.7529411764705882248, 0.7529411764705882248, 0.7529411764705882248 ) ;
#5792 =( GEOMETRIC_REPRESENTATION_CONTEXT ( 3 ) GLOBAL_UNCERTAINTY_ASSIGNED_CONTEXT ( ( #185 ) ) GLOBAL_UNIT_ASSIGNED_CONTEXT ( ( #6993, #6541, #2315 ) ) REPRESENTATION_CONTEXT ( 'NONE', 'WORKASPACE' ) );
#5793 = ORIENTED_EDGE ( 'NONE', *, *, #3849, .F. ) ;
#5794 = DIRECTION ( 'NONE',  ( 1.000000000000000000, 0.0000000000000000000, 0.0000000000000000000 ) ) ;
#5795 =( NAMED_UNIT ( * ) PLANE_ANGLE_UNIT ( ) SI_UNIT ( $, .RADIAN. ) );
#5796 = AXIS2_PLACEMENT_3D ( 'NONE', #3143, #4890, #5488 ) ;
#5797 = CARTESIAN_POINT ( 'NONE',  ( 0.3399999999999999134, 0.0000000000000000000, 0.0000000000000000000 ) ) ;
#5798 = FILL_AREA_STYLE_COLOUR ( '', #5825 ) ;
#5799 = ADVANCED_FACE ( 'NONE', ( #1058 ), #1741, .T. ) ;
#5800 =( NAMED_UNIT ( * ) PLANE_ANGLE_UNIT ( ) SI_UNIT ( $, .RADIAN. ) );
#5801 = ORIENTED_EDGE ( 'NONE', *, *, #962, .T. ) ;
#5802 = ORIENTED_EDGE ( 'NONE', *, *, #1568, .F. ) ;
#5803 = FILL_AREA_STYLE_COLOUR ( '', #4804 ) ;
#5804 = CARTESIAN_POINT ( 'NONE',  ( -0.4214636352960038357, -0.1685987685878766185, -0.02000000000000000042 ) ) ;
#5805 = EDGE_LOOP ( 'NONE', ( #7099, #7345, #4241, #3530 ) ) ;
#5806 = VECTOR ( 'NONE', #4760, 1000.000000000000000 ) ;
#5807 = DIRECTION ( 'NONE',  ( -0.0000000000000000000, 1.000000000000000000, 0.0000000000000000000 ) ) ;
#5808 = DIRECTION ( 'NONE',  ( -1.000000000000000000, 0.0000000000000000000, -0.0000000000000000000 ) ) ;
#5809 = UNCERTAINTY_MEASURE_WITH_UNIT (LENGTH_MEASURE( 1.000000000000000082E-05 ), #2692, 'distance_accuracy_value', 'NONE');
#5810 = ORIENTED_EDGE ( 'NONE', *, *, #2923, .T. ) ;
#5811 = DIRECTION ( 'NONE',  ( -1.000000000000000000, 0.0000000000000000000, 0.0000000000000000000 ) ) ;
#5812 =( NAMED_UNIT ( * ) SI_UNIT ( $, .STERADIAN. ) SOLID_ANGLE_UNIT ( ) );
#5813 = CARTESIAN_POINT ( 'NONE',  ( -1.499999999999999778, 1.500000000000000000, 0.0000000000000000000 ) ) ;
#5814 = DIRECTION ( 'NONE',  ( -1.000000000000000000, 0.0000000000000000000, 0.0000000000000000000 ) ) ;
#5815 = CARTESIAN_POINT ( 'NONE',  ( 0.2612501486608863055, 0.1707217583157849272, -0.01000000000000000021 ) ) ;
#5816 = ORIENTED_EDGE ( 'NONE', *, *, #1870, .F. ) ;
#5817 = CARTESIAN_POINT ( 'NONE',  ( -0.4450749990627947961, -0.09324946789741446473, -0.02000000000000000042 ) ) ;
#5818 = CARTESIAN_POINT ( 'NONE',  ( 0.0000000000000000000, -0.1462348779815314248, -0.01000000000000000021 ) ) ;
#5819 =( GEOMETRIC_REPRESENTATION_CONTEXT ( 3 ) GLOBAL_UNCERTAINTY_ASSIGNED_CONTEXT ( ( #7121 ) ) GLOBAL_UNIT_ASSIGNED_CONTEXT ( ( #6798, #5150, #3340 ) ) REPRESENTATION_CONTEXT ( 'NONE', 'WORKASPACE' ) );
#5820 = DIRECTION ( 'NONE',  ( -0.0000000000000000000, 0.0000000000000000000, 1.000000000000000000 ) ) ;
#5821 = SURFACE_SIDE_STYLE ('',( #599 ) ) ;
#5822 = ORIENTED_EDGE ( 'NONE', *, *, #3477, .F. ) ;
#5823 = STYLED_ITEM ( 'NONE', ( #301 ), #1307 ) ;
#5824 = PRESENTATION_STYLE_ASSIGNMENT (( #147 ) ) ;
#5825 = COLOUR_RGB ( '',0.0000000000000000000, 0.0000000000000000000, 0.0000000000000000000 ) ;
#5826 = FILL_AREA_STYLE_COLOUR ( '', #5674 ) ;
#5827 =( NAMED_UNIT ( * ) SI_UNIT ( $, .STERADIAN. ) SOLID_ANGLE_UNIT ( ) );
#5828 = LINE ( 'NONE', #7013, #2486 ) ;
#5829 = EDGE_CURVE ( 'NONE', #7209, #392, #1140, .T. ) ;
#5830 = DIRECTION ( 'NONE',  ( 0.0000000000000000000, -1.000000000000000000, 0.0000000000000000000 ) ) ;
#5831 = DIRECTION ( 'NONE',  ( -1.000000000000000000, 0.0000000000000000000, 0.0000000000000000000 ) ) ;
#5832 = MECHANICAL_DESIGN_GEOMETRIC_PRESENTATION_REPRESENTATION (  '', ( #6446 ), #979 ) ;
#5833 = STYLED_ITEM ( 'NONE', ( #6652 ), #4833 ) ;
#5834 = LINE ( 'NONE', #734, #694 ) ;
#5835 = AXIS2_PLACEMENT_3D ( 'NONE', #6631, #6148, #916 ) ;
#5836 = SURFACE_SIDE_STYLE ('',( #4591 ) ) ;
#5837 = AXIS2_PLACEMENT_3D ( 'NONE', #1683, #5911, #5831 ) ;
#5838 = CARTESIAN_POINT ( 'NONE',  ( -0.1110141082800398804, 0.0000000000000000000, -0.01000000000000000021 ) ) ;
#5839 = ORIENTED_EDGE ( 'NONE', *, *, #1664, .T. ) ;
#5840 = ORIENTED_EDGE ( 'NONE', *, *, #3754, .F. ) ;
#5841 = VECTOR ( 'NONE', #6845, 1000.000000000000000 ) ;
#5842 = COLOUR_RGB ( '',0.7529411764705882248, 0.7529411764705882248, 0.7529411764705882248 ) ;
#5843 = CARTESIAN_POINT ( 'NONE',  ( -0.5300480942821179653, -0.007471148720307655040, -0.02000000000000000042 ) ) ;
#5844 = CARTESIAN_POINT ( 'NONE',  ( 0.1970677245485210616, -0.1413089055722231702, -0.02000000000000000042 ) ) ;
#5845 = ORIENTED_EDGE ( 'NONE', *, *, #1209, .T. ) ;
#5846 = CARTESIAN_POINT ( 'NONE',  ( -0.7379407379005095136, 0.1580072456008028980, -0.01000000000000000021 ) ) ;
#5847 = FILL_AREA_STYLE_COLOUR ( '', #3359 ) ;
#5848 = EDGE_CURVE ( 'NONE', #7061, #3324, #2091, .T. ) ;
#5849 = VECTOR ( 'NONE', #5460, 1000.000000000000000 ) ;
#5850 = STYLED_ITEM ( 'NONE', ( #6483 ), #3623 ) ;
#5851 = CARTESIAN_POINT ( 'NONE',  ( -0.3851841308336073078, -0.1360508798289370436, -0.01000000000000000021 ) ) ;
#5852 = ORIENTED_EDGE ( 'NONE', *, *, #5277, .F. ) ;
#5853 =( NAMED_UNIT ( * ) PLANE_ANGLE_UNIT ( ) SI_UNIT ( $, .RADIAN. ) );
#5854 = CARTESIAN_POINT ( 'NONE',  ( 0.03044930635410657283, 0.03425292689651740496, -0.01000000000000000021 ) ) ;
#5855 = PRESENTATION_LAYER_ASSIGNMENT (  '', '', ( #1233 ) ) ;
#5856 = FACE_OUTER_BOUND ( 'NONE', #705, .T. ) ;
#5857 = FILL_AREA_STYLE_COLOUR ( '', #2398 ) ;
#5858 = EDGE_CURVE ( 'NONE', #1678, #6880, #582, .T. ) ;
#5859 = LINE ( 'NONE', #2934, #1798 ) ;
#5860 = CARTESIAN_POINT ( 'NONE',  ( 0.4592024447350110394, 0.02532969635811515088, -0.02000000000000000042 ) ) ;
#5861 = CARTESIAN_POINT ( 'NONE',  ( 0.4568122749496870694, -0.03981054240897743263, -0.01000000000000000021 ) ) ;
#5862 =( NAMED_UNIT ( * ) PLANE_ANGLE_UNIT ( ) SI_UNIT ( $, .RADIAN. ) );
#5863 = PLANE ( 'NONE',  #114 ) ;
#5864 = ORIENTED_EDGE ( 'NONE', *, *, #299, .T. ) ;
#5865 =( NAMED_UNIT ( * ) SI_UNIT ( $, .STERADIAN. ) SOLID_ANGLE_UNIT ( ) );
#5866 = STYLED_ITEM ( 'NONE', ( #3640 ), #4987 ) ;
#5867 = CARTESIAN_POINT ( 'NONE',  ( 1.125000000000000222, -1.215000000000000080, 0.2000000000000000111 ) ) ;
#5868 = CARTESIAN_POINT ( 'NONE',  ( 0.03044930635410657283, -0.1462348779815314248, -0.02000000000000000042 ) ) ;
#5869 = DIRECTION ( 'NONE',  ( 1.000000000000000000, -0.0000000000000000000, -0.0000000000000000000 ) ) ;
#5870 = CARTESIAN_POINT ( 'NONE',  ( -1.125000000000000222, -1.215000000000000080, 0.2000000000000000111 ) ) ;
#5871 =( LENGTH_UNIT ( ) NAMED_UNIT ( * ) SI_UNIT ( .MILLI., .METRE. ) );
#5872 = DIRECTION ( 'NONE',  ( 0.0000000000000000000, 0.0000000000000000000, -1.000000000000000000 ) ) ;
#5873 = DIRECTION ( 'NONE',  ( -0.0000000000000000000, 1.000000000000000000, 0.0000000000000000000 ) ) ;
#5874 = CARTESIAN_POINT ( 'NONE',  ( -0.4764614912545664938, -0.004358671838400435608, -0.01000000000000000021 ) ) ;
#5875 = CARTESIAN_POINT ( 'NONE',  ( 0.1099999999999999034, 1.510000000000000009, -0.02000000000000000042 ) ) ;
#5876 = CARTESIAN_POINT ( 'NONE',  ( -0.7356238948032522984, 0.1582338382739120197, -0.02000000000000000042 ) ) ;
#5877 = COLOUR_RGB ( '',0.7529411764705882248, 0.7529411764705882248, 0.7529411764705882248 ) ;
#5878 = EDGE_LOOP ( 'NONE', ( #410, #7505, #5845, #938, #2365, #7353 ) ) ;
#5879 = EDGE_LOOP ( 'NONE', ( #5727, #5449, #5840, #5005 ) ) ;
#5880 = SURFACE_STYLE_USAGE ( .BOTH. , #703 ) ;
#5881 = VECTOR ( 'NONE', #3193, 1000.000000000000000 ) ;
#5882 = CARTESIAN_POINT ( 'NONE',  ( 0.2228214624810353761, -0.1477099926010001785, -0.01000000000000000021 ) ) ;
#5883 = VERTEX_POINT ( 'NONE', #4637 ) ;
#5884 = FACE_OUTER_BOUND ( 'NONE', #7060, .T. ) ;
#5885 = ADVANCED_FACE ( 'NONE', ( #4088 ), #6387, .T. ) ;
#5886 = CARTESIAN_POINT ( 'NONE',  ( -0.1100000000000000699, -1.215000000000000080, 0.0000000000000000000 ) ) ;
#5887 = DIRECTION ( 'NONE',  ( -0.0000000000000000000, 0.0000000000000000000, 1.000000000000000000 ) ) ;
#5888 = CARTESIAN_POINT ( 'NONE',  ( 0.6987419892809358934, -0.1901373170059216522, -0.02000000000000000042 ) ) ;
#5889 = EDGE_CURVE ( 'NONE', #4049, #7497, #3644, .T. ) ;
#5890 = DIRECTION ( 'NONE',  ( -0.0000000000000000000, -0.0000000000000000000, -1.000000000000000000 ) ) ;
#5891 = EDGE_CURVE ( 'NONE', #2097, #3247, #4750, .T. ) ;
#5892 = ORIENTED_EDGE ( 'NONE', *, *, #2121, .T. ) ;
#5893 = FILL_AREA_STYLE ('',( #7150 ) ) ;
#5894 = LINE ( 'NONE', #97, #991 ) ;
#5895 = PLANE ( 'NONE',  #4333 ) ;
#5896 = CARTESIAN_POINT ( 'NONE',  ( 0.2722175990370334087, -0.1950153657864094614, -0.02000000000000000389 ) ) ;
#5897 = CARTESIAN_POINT ( 'NONE',  ( -0.4745664640322767580, -0.02178324729017539624, -0.02000000000000000042 ) ) ;
#5898 = CARTESIAN_POINT ( 'NONE',  ( -0.4664534619019472528, 0.08009407557877305794, -0.02000000000000000042 ) ) ;
#5899 =( NAMED_UNIT ( * ) SI_UNIT ( $, .STERADIAN. ) SOLID_ANGLE_UNIT ( ) );
#5900 = EDGE_CURVE ( 'NONE', #6192, #3182, #4199, .T. ) ;
#5901 = DIRECTION ( 'NONE',  ( 0.0000000000000000000, 0.0000000000000000000, 1.000000000000000000 ) ) ;
#5902 = AXIS2_PLACEMENT_3D ( 'NONE', #7443, #2223, #391 ) ;
#5903 = EDGE_LOOP ( 'NONE', ( #3496, #3964, #5736, #1878 ) ) ;
#5904 = CARTESIAN_POINT ( 'NONE',  ( -1.010000000000000009, -1.510000000000000009, 0.2000000000000000111 ) ) ;
#5905 = CARTESIAN_POINT ( 'NONE',  ( -0.5600000000000000533, 1.215000000000000080, -0.02000000000000000042 ) ) ;
#5906 = VECTOR ( 'NONE', #748, 1000.000000000000000 ) ;
#5907 = FILL_AREA_STYLE ('',( #4916 ) ) ;
#5908 = SURFACE_STYLE_FILL_AREA ( #5321 ) ;
#5909 = AXIS2_PLACEMENT_3D ( 'NONE', #2307, #5807, #626 ) ;
#5910 = AXIS2_PLACEMENT_3D ( 'NONE', #1470, #1009, #4994 ) ;
#5911 = DIRECTION ( 'NONE',  ( -0.0000000000000000000, 0.0000000000000000000, -1.000000000000000000 ) ) ;
#5912 = STYLED_ITEM ( 'NONE', ( #5824 ), #5706 ) ;
#5913 =( LENGTH_UNIT ( ) NAMED_UNIT ( * ) SI_UNIT ( .MILLI., .METRE. ) );
#5914 = CARTESIAN_POINT ( 'NONE',  ( -0.3368017571069141236, -0.1458504362109674657, -0.01000000000000000021 ) ) ;
#5915 =( GEOMETRIC_REPRESENTATION_CONTEXT ( 3 ) GLOBAL_UNCERTAINTY_ASSIGNED_CONTEXT ( ( #6659 ) ) GLOBAL_UNIT_ASSIGNED_CONTEXT ( ( #536, #1653, #6304 ) ) REPRESENTATION_CONTEXT ( 'NONE', 'WORKASPACE' ) );
#5916 = CARTESIAN_POINT ( 'NONE',  ( -1.125000000000000222, 1.215000000000000080, -0.02000000000000000042 ) ) ;
#5917 = DIRECTION ( 'NONE',  ( -1.000000000000000000, 0.0000000000000000000, 0.0000000000000000000 ) ) ;
#5918 = DIRECTION ( 'NONE',  ( -0.0000000000000000000, 1.000000000000000000, 0.0000000000000000000 ) ) ;
#5919 = VERTEX_POINT ( 'NONE', #91 ) ;
#5920 = VERTEX_POINT ( 'NONE', #5886 ) ;
#5921 = CARTESIAN_POINT ( 'NONE',  ( 0.0000000000000000000, 0.0000000000000000000, -0.02000000000000000042 ) ) ;
#5922 = CARTESIAN_POINT ( 'NONE',  ( -0.2085750838897959536, -0.1901373170059216522, -0.02000000000000000042 ) ) ;
#5923 = CIRCLE ( 'NONE', #5796, 0.1150000000000000883 ) ;
#5924 =( LENGTH_UNIT ( ) NAMED_UNIT ( * ) SI_UNIT ( .MILLI., .METRE. ) );
#5925 = ORIENTED_EDGE ( 'NONE', *, *, #1791, .T. ) ;
#5926 = LINE ( 'NONE', #2306, #5942 ) ;
#5927 = SURFACE_SIDE_STYLE ('',( #4787 ) ) ;
#5928 =( LENGTH_UNIT ( ) NAMED_UNIT ( * ) SI_UNIT ( .MILLI., .METRE. ) );
#5929 = EDGE_CURVE ( 'NONE', #6315, #5883, #4863, .T. ) ;
#5930 = DIRECTION ( 'NONE',  ( 0.0000000000000000000, 0.0000000000000000000, 1.000000000000000000 ) ) ;
#5931 = DIRECTION ( 'NONE',  ( -0.3536223923290756632, 0.9353882635801357148, 0.0000000000000000000 ) ) ;
#5932 = ORIENTED_EDGE ( 'NONE', *, *, #2835, .F. ) ;
#5933 = CARTESIAN_POINT ( 'NONE',  ( 0.2874080360455592564, 0.1682492771112604757, -0.009999999999999995004 ) ) ;
#5934 = UNCERTAINTY_MEASURE_WITH_UNIT (LENGTH_MEASURE( 1.000000000000000082E-05 ), #3033, 'distance_accuracy_value', 'NONE');
#5935 = FACE_OUTER_BOUND ( 'NONE', #4000, .T. ) ;
#5936 = SURFACE_SIDE_STYLE ('',( #1824 ) ) ;
#5937 = SURFACE_SIDE_STYLE ('',( #3048 ) ) ;
#5938 = PRESENTATION_LAYER_ASSIGNMENT (  '', '', ( #2651 ) ) ;
#5939 = CARTESIAN_POINT ( 'NONE',  ( -0.4353171015056740978, -0.1043460401848955443, -0.02000000000000000042 ) ) ;
#5940 = CARTESIAN_POINT ( 'NONE',  ( 0.08410784293947239088, 0.0000000000000000000, -0.01000000000000000021 ) ) ;
#5941 = DIRECTION ( 'NONE',  ( 1.000000000000000000, 0.0000000000000000000, 0.0000000000000000000 ) ) ;
#5942 = VECTOR ( 'NONE', #6954, 1000.000000000000000 ) ;
#5943 = EDGE_LOOP ( 'NONE', ( #1564, #1272, #6508, #3513 ) ) ;
#5944 = DIRECTION ( 'NONE',  ( 0.0000000000000000000, -1.000000000000000000, 0.0000000000000000000 ) ) ;
#5945 = EDGE_CURVE ( 'NONE', #6412, #7350, #780, .T. ) ;
#5946 = EDGE_CURVE ( 'NONE', #6784, #3869, #4277, .T. ) ;
#5947 = EDGE_CURVE ( 'NONE', #4957, #4100, #2426, .T. ) ;
#5948 = DIRECTION ( 'NONE',  ( 1.000000000000000000, 0.0000000000000000000, -0.0000000000000000000 ) ) ;
#5949 = FILL_AREA_STYLE ('',( #2489 ) ) ;
#5950 = CARTESIAN_POINT ( 'NONE',  ( -0.7435598399873570852, 0.1330334147013954582, -0.01000000000000000021 ) ) ;
#5951 = CARTESIAN_POINT ( 'NONE',  ( 1.240000000000000213, -1.215000000000000080, 0.2000000000000000111 ) ) ;
#5952 = ADVANCED_FACE ( 'NONE', ( #6611 ), #6497, .T. ) ;
#5953 = CARTESIAN_POINT ( 'NONE',  ( -0.1100000000000000699, -1.510000000000000009, 0.2000000000000000111 ) ) ;
#5954 = LINE ( 'NONE', #735, #728 ) ;
#5955 = VECTOR ( 'NONE', #2139, 1000.000000000000000 ) ;
#5956 = CARTESIAN_POINT ( 'NONE',  ( 0.4090030060381776300, -0.1411123768963002678, -0.02000000000000000042 ) ) ;
#5957 = ORIENTED_EDGE ( 'NONE', *, *, #1853, .T. ) ;
#5958 = ORIENTED_EDGE ( 'NONE', *, *, #3720, .T. ) ;
#5959 = LINE ( 'NONE', #4743, #529 ) ;
#5960 = FILL_AREA_STYLE ('',( #745 ) ) ;
#5961 = ORIENTED_EDGE ( 'NONE', *, *, #5945, .F. ) ;
#5962 = CARTESIAN_POINT ( 'NONE',  ( -0.3643434110002604087, 0.2069381446312552608, -0.01000000000000000021 ) ) ;
#5963 = PRESENTATION_LAYER_ASSIGNMENT (  '', '', ( #1702 ) ) ;
#5964 = CARTESIAN_POINT ( 'NONE',  ( -1.499999999999999334, -1.500000000000000000, 0.7299999999999999822 ) ) ;
#5965 = LINE ( 'NONE', #5384, #5906 ) ;
#5966 = MECHANICAL_DESIGN_GEOMETRIC_PRESENTATION_REPRESENTATION (  '', ( #230 ), #5214 ) ;
#5967 =( GEOMETRIC_REPRESENTATION_CONTEXT ( 3 ) GLOBAL_UNCERTAINTY_ASSIGNED_CONTEXT ( ( #976 ) ) GLOBAL_UNIT_ASSIGNED_CONTEXT ( ( #909, #3810, #4291 ) ) REPRESENTATION_CONTEXT ( 'NONE', 'WORKASPACE' ) );
#5968 =( LENGTH_UNIT ( ) NAMED_UNIT ( * ) SI_UNIT ( .MILLI., .METRE. ) );
#5969 = VECTOR ( 'NONE', #254, 1000.000000000000000 ) ;
#5970 = PRESENTATION_LAYER_ASSIGNMENT (  '', '', ( #3174 ) ) ;
#5971 = CARTESIAN_POINT ( 'NONE',  ( -0.7900000000000001465, -1.215000000000000080, 0.2000000000000000111 ) ) ;
#5972 = ORIENTED_EDGE ( 'NONE', *, *, #7383, .F. ) ;
#5973 = DIRECTION ( 'NONE',  ( -1.000000000000000000, 0.0000000000000000000, 0.0000000000000000000 ) ) ;
#5974 = FILL_AREA_STYLE ('',( #1336 ) ) ;
#5975 = SURFACE_STYLE_FILL_AREA ( #1337 ) ;
#5976 = DIRECTION ( 'NONE',  ( 0.0000000000000000000, 0.0000000000000000000, -1.000000000000000000 ) ) ;
#5977 = PRESENTATION_LAYER_ASSIGNMENT (  '', '', ( #6818 ) ) ;
#5978 = VECTOR ( 'NONE', #4231, 1000.000000000000000 ) ;
#5979 = SURFACE_STYLE_USAGE ( .BOTH. , #3581 ) ;
#5980 = CARTESIAN_POINT ( 'NONE',  ( -0.4711769861714714125, 0.06517457685518179833, -0.01000000000000000021 ) ) ;
#5981 = LINE ( 'NONE', #3767, #3180 ) ;
#5982 = VECTOR ( 'NONE', #1966, 1000.000000000000000 ) ;
#5983 = CARTESIAN_POINT ( 'NONE',  ( 0.2947797691219554705, -0.1487014655819828002, -0.01000000000000000021 ) ) ;
#5984 = UNCERTAINTY_MEASURE_WITH_UNIT (LENGTH_MEASURE( 1.000000000000000082E-05 ), #4361, 'distance_accuracy_value', 'NONE');
#5985 =( NAMED_UNIT ( * ) SI_UNIT ( $, .STERADIAN. ) SOLID_ANGLE_UNIT ( ) );
#5986 = COLOUR_RGB ( '',0.0000000000000000000, 0.0000000000000000000, 0.0000000000000000000 ) ;
#5987 = EDGE_LOOP ( 'NONE', ( #3714, #6040, #304, #5450 ) ) ;
#5988 =( NAMED_UNIT ( * ) PLANE_ANGLE_UNIT ( ) SI_UNIT ( $, .RADIAN. ) );
#5989 = SURFACE_SIDE_STYLE ('',( #6480 ) ) ;
#5990 = VECTOR ( 'NONE', #6698, 1000.000000000000000 ) ;
#5991 = CARTESIAN_POINT ( 'NONE',  ( -1.010000000000000009, 1.510000000000000009, 0.2000000000000000111 ) ) ;
#5992 = SURFACE_STYLE_USAGE ( .BOTH. , #3517 ) ;
#5993 = ADVANCED_FACE ( 'NONE', ( #1368 ), #3115, .F. ) ;
#5994 = ADVANCED_FACE ( 'NONE', ( #4535 ), #4572, .T. ) ;
#5995 = FACE_OUTER_BOUND ( 'NONE', #6640, .T. ) ;
#5996 = UNCERTAINTY_MEASURE_WITH_UNIT (LENGTH_MEASURE( 1.000000000000000082E-05 ), #3766, 'distance_accuracy_value', 'NONE');
#5997 = CARTESIAN_POINT ( 'NONE',  ( -0.1305263034019910895, -0.1901373170059216522, -0.02000000000000000042 ) ) ;
#5998 = FACE_OUTER_BOUND ( 'NONE', #3572, .T. ) ;
#5999 = UNCERTAINTY_MEASURE_WITH_UNIT (LENGTH_MEASURE( 1.000000000000000082E-05 ), #5968, 'distance_accuracy_value', 'NONE');
#6000 = ORIENTED_EDGE ( 'NONE', *, *, #6415, .F. ) ;
#6001 = VERTEX_POINT ( 'NONE', #2314 ) ;
#6002 = FILL_AREA_STYLE ('',( #3681 ) ) ;
#6003 = DIRECTION ( 'NONE',  ( -1.000000000000000000, 0.0000000000000000000, 0.0000000000000000000 ) ) ;
#6004 = ORIENTED_EDGE ( 'NONE', *, *, #4111, .F. ) ;
#6005 = CARTESIAN_POINT ( 'NONE',  ( -0.7900000000000001465, -1.510000000000000009, 0.2000000000000000111 ) ) ;
#6006 = DIRECTION ( 'NONE',  ( 0.0000000000000000000, -1.000000000000000000, 0.0000000000000000000 ) ) ;
#6007 = B_SPLINE_SURFACE_WITH_KNOTS ( 'NONE', 3, 1, ( 
 ( #573, #5765 ),
 ( #5215, #7502 ),
 ( #1769, #6945 ),
 ( #1734, #1132 ),
 ( #6379, #1808 ),
 ( #4082, #4112 ),
 ( #1247, #2712 ),
 ( #5375, #3776 ),
 ( #4189, #6528 ),
 ( #6112, #5956 ),
 ( #737, #7344 ),
 ( #6217, #5014 ),
 ( #260, #880 ),
 ( #1319, #3635 ),
 ( #3210, #3073 ),
 ( #3316, #1872 ),
 ( #5515, #955 ),
 ( #377, #2599 ),
 ( #2132, #3853 ) ),
 .UNSPECIFIED., .F., .F., .F.,
 ( 4, 1, 1, 1, 1, 1, 1, 1, 1, 1, 1, 1, 1, 1, 1, 1, 4 ),
 ( 2, 2 ),
 ( 0.0000000000000000000, 0.07080105764909450095, 0.1385502007094266963, 0.2034057614322259955, 0.2661616306860539183, 0.3273897496429934995, 0.3874869558118835267, 0.4473287440370303791, 0.5075693707164345980, 0.5674544046732564739, 0.6263995271736255699, 0.6852001658527100414, 0.7444170669312226707, 0.8049491159491720671, 0.8673444634920958185, 0.9321667515442263463, 1.000000000000000000 ),
 ( 0.0000000000000000000, 1.000000000000000000 ),
 .UNSPECIFIED. ) ;
#6008 = CARTESIAN_POINT ( 'NONE',  ( 0.5600000000000000533, 1.215000000000000080, 0.2000000000000000111 ) ) ;
#6009 = VERTEX_POINT ( 'NONE', #3506 ) ;
#6010 = PRESENTATION_STYLE_ASSIGNMENT (( #4869 ) ) ;
#6011 = DIRECTION ( 'NONE',  ( -1.000000000000000000, 0.0000000000000000000, 0.0000000000000000000 ) ) ;
#6012 = VECTOR ( 'NONE', #4971, 1000.000000000000000 ) ;
#6013 = PRESENTATION_STYLE_ASSIGNMENT (( #3159 ) ) ;
#6014 = VECTOR ( 'NONE', #7326, 1000.000000000000000 ) ;
#6015 = PLANE ( 'NONE',  #2665 ) ;
#6016 = CARTESIAN_POINT ( 'NONE',  ( -0.3697143895722884155, 0.1609056013524843565, -0.02000000000000000042 ) ) ;
#6017 = SURFACE_STYLE_USAGE ( .BOTH. , #4412 ) ;
#6018 = SURFACE_STYLE_FILL_AREA ( #104 ) ;
#6019 = LINE ( 'NONE', #6141, #3731 ) ;
#6020 = VERTEX_POINT ( 'NONE', #1102 ) ;
#6021 = CARTESIAN_POINT ( 'NONE',  ( 0.1653406728315388041, 0.2001795490903302277, -0.02000000000000000042 ) ) ;
#6022 = DIRECTION ( 'NONE',  ( 0.0000000000000000000, 1.000000000000000000, -0.0000000000000000000 ) ) ;
#6023 = DIRECTION ( 'NONE',  ( -1.000000000000000000, 0.0000000000000000000, 0.0000000000000000000 ) ) ;
#6024 = SHAPE_DEFINITION_REPRESENTATION ( #402, #4334 ) ;
#6025 = EDGE_CURVE ( 'NONE', #6639, #4364, #6886, .T. ) ;
#6026 = VECTOR ( 'NONE', #4866, 1000.000000000000000 ) ;
#6027 = EDGE_CURVE ( 'NONE', #6050, #69, #2358, .T. ) ;
#6028 = DIRECTION ( 'NONE',  ( 1.000000000000000000, -0.0000000000000000000, -0.0000000000000000000 ) ) ;
#6029 =( LENGTH_UNIT ( ) NAMED_UNIT ( * ) SI_UNIT ( .MILLI., .METRE. ) );
#6030 = VECTOR ( 'NONE', #6843, 1000.000000000000000 ) ;
#6031 = LINE ( 'NONE', #4303, #563 ) ;
#6032 = CARTESIAN_POINT ( 'NONE',  ( 0.08410784293947239088, 0.2098626829940784255, -0.02000000000000000042 ) ) ;
#6033 = VECTOR ( 'NONE', #3534, 1000.000000000000000 ) ;
#6034 = MECHANICAL_DESIGN_GEOMETRIC_PRESENTATION_REPRESENTATION (  '', ( #2386 ), #2629 ) ;
#6035 = SURFACE_STYLE_USAGE ( .BOTH. , #308 ) ;
#6036 = VERTEX_POINT ( 'NONE', #6992 ) ;
#6037 = ORIENTED_EDGE ( 'NONE', *, *, #4608, .F. ) ;
#6038 = DIRECTION ( 'NONE',  ( -0.0000000000000000000, -1.000000000000000000, -0.0000000000000000000 ) ) ;
#6039 =( LENGTH_UNIT ( ) NAMED_UNIT ( * ) SI_UNIT ( .MILLI., .METRE. ) );
#6040 = ORIENTED_EDGE ( 'NONE', *, *, #730, .T. ) ;
#6041 = CARTESIAN_POINT ( 'NONE',  ( -1.010000000000000009, 1.215000000000000080, 0.2000000000000000111 ) ) ;
#6042 = MECHANICAL_DESIGN_GEOMETRIC_PRESENTATION_REPRESENTATION (  '', ( #2140 ), #4703 ) ;
#6043 = FILL_AREA_STYLE ('',( #5421 ) ) ;
#6044 = FILL_AREA_STYLE ('',( #824 ) ) ;
#6045 = ADVANCED_FACE ( 'NONE', ( #5856 ), #605, .T. ) ;
#6046 = VECTOR ( 'NONE', #2980, 1000.000000000000000 ) ;
#6047 = ADVANCED_FACE ( 'NONE', ( #3515 ), #6439, .T. ) ;
#6048 = FILL_AREA_STYLE ('',( #3647 ) ) ;
#6049 = CARTESIAN_POINT ( 'NONE',  ( -0.5600000000000000533, -1.500000000000000000, 0.0000000000000000000 ) ) ;
#6050 = VERTEX_POINT ( 'NONE', #4694 ) ;
#6051 = PRESENTATION_STYLE_ASSIGNMENT (( #3725 ) ) ;
#6052 = SURFACE_STYLE_FILL_AREA ( #5974 ) ;
#6053 = MECHANICAL_DESIGN_GEOMETRIC_PRESENTATION_REPRESENTATION (  '', ( #1547 ), #5792 ) ;
#6054 = CARTESIAN_POINT ( 'NONE',  ( 0.2722175990370334087, -0.1950153657864094614, -0.02000000000000000042 ) ) ;
#6055 = LINE ( 'NONE', #5465, #3856 ) ;
#6056 =( LENGTH_UNIT ( ) NAMED_UNIT ( * ) SI_UNIT ( .MILLI., .METRE. ) );
#6057 = CARTESIAN_POINT ( 'NONE',  ( 0.0000000000000000000, 0.0000000000000000000, -0.02000000000000000042 ) ) ;
#6058 = STYLED_ITEM ( 'NONE', ( #4504 ), #1487 ) ;
#6059 = DIRECTION ( 'NONE',  ( 0.0000000000000000000, 1.000000000000000000, -0.0000000000000000000 ) ) ;
#6060 = FACE_OUTER_BOUND ( 'NONE', #1613, .T. ) ;
#6061 = UNCERTAINTY_MEASURE_WITH_UNIT (LENGTH_MEASURE( 1.000000000000000082E-05 ), #424, 'distance_accuracy_value', 'NONE');
#6062 = DIRECTION ( 'NONE',  ( -0.3635424856527063042, -0.9315776194850602376, 0.0000000000000000000 ) ) ;
#6063 = DIRECTION ( 'NONE',  ( -1.000000000000000000, 0.0000000000000000000, -0.0000000000000000000 ) ) ;
#6064 = ORIENTED_EDGE ( 'NONE', *, *, #6129, .F. ) ;
#6065 = CARTESIAN_POINT ( 'NONE',  ( -0.1305263034019910895, -0.1901373170059216522, -0.02000000000000000042 ) ) ;
#6066 = LINE ( 'NONE', #5480, #640 ) ;
#6067 = SURFACE_STYLE_USAGE ( .BOTH. , #4377 ) ;
#6068 = DIRECTION ( 'NONE',  ( 0.0000000000000000000, 1.000000000000000000, 0.0000000000000000000 ) ) ;
#6069 =( NAMED_UNIT ( * ) SI_UNIT ( $, .STERADIAN. ) SOLID_ANGLE_UNIT ( ) );
#6070 = CARTESIAN_POINT ( 'NONE',  ( 0.2558304039150821052, 0.1708382927501759518, -0.02000000000000000042 ) ) ;
#6071 = CARTESIAN_POINT ( 'NONE',  ( 0.1970677245485210616, -0.1413089055722231702, -0.01000000000000000021 ) ) ;
#6072 =( NAMED_UNIT ( * ) PLANE_ANGLE_UNIT ( ) SI_UNIT ( $, .RADIAN. ) );
#6073 = CARTESIAN_POINT ( 'NONE',  ( -0.8037732546215033969, -0.03403975603031184766, -0.02000000000000000042 ) ) ;
#6074 = ORIENTED_EDGE ( 'NONE', *, *, #3435, .F. ) ;
#6075 = VERTEX_POINT ( 'NONE', #7012 ) ;
#6076 = DIRECTION ( 'NONE',  ( -0.0000000000000000000, 1.000000000000000000, -0.0000000000000000000 ) ) ;
#6077 = CARTESIAN_POINT ( 'NONE',  ( -0.1305263034019910895, -0.1462348779815314248, -0.02000000000000000042 ) ) ;
#6078 = ORIENTED_EDGE ( 'NONE', *, *, #2734, .T. ) ;
#6079 =( NAMED_UNIT ( * ) SI_UNIT ( $, .STERADIAN. ) SOLID_ANGLE_UNIT ( ) );
#6080 = AXIS2_PLACEMENT_3D ( 'NONE', #4701, #5873, #2496 ) ;
#6081 = FILL_AREA_STYLE_COLOUR ( '', #3124 ) ;
#6082 = PRESENTATION_LAYER_ASSIGNMENT (  '', '', ( #843 ) ) ;
#6083 = UNCERTAINTY_MEASURE_WITH_UNIT (LENGTH_MEASURE( 1.000000000000000082E-05 ), #3923, 'distance_accuracy_value', 'NONE');
#6084 = CARTESIAN_POINT ( 'NONE',  ( 0.3399999999999999134, -1.215000000000000080, 0.2000000000000000111 ) ) ;
#6085 = CARTESIAN_POINT ( 'NONE',  ( 0.2516369767387244827, 0.2147073940003228210, -0.01000000000000000021 ) ) ;
#6086 = ORIENTED_EDGE ( 'NONE', *, *, #7243, .F. ) ;
#6087 = EDGE_CURVE ( 'NONE', #2047, #6712, #4182, .T. ) ;
#6088 = DIRECTION ( 'NONE',  ( -0.0000000000000000000, 0.0000000000000000000, 1.000000000000000000 ) ) ;
#6089 = PRESENTATION_LAYER_ASSIGNMENT (  '', '', ( #4768 ) ) ;
#6090 = VECTOR ( 'NONE', #4108, 1000.000000000000000 ) ;
#6091 = DIRECTION ( 'NONE',  ( 1.000000000000000000, 0.0000000000000000000, 0.0000000000000000000 ) ) ;
#6092 = EDGE_CURVE ( 'NONE', #4857, #5627, #3555, .T. ) ;
#6093 = LINE ( 'NONE', #862, #2084 ) ;
#6094 = CARTESIAN_POINT ( 'NONE',  ( -0.2250000000000000888, -1.215000000000000080, 0.2000000000000000111 ) ) ;
#6095 = PRESENTATION_LAYER_ASSIGNMENT (  '', '', ( #850 ) ) ;
#6096 = VECTOR ( 'NONE', #2827, 1000.000000000000000 ) ;
#6097 = VERTEX_POINT ( 'NONE', #4222 ) ;
#6098 = FACE_BOUND ( 'NONE', #157, .T. ) ;
#6099 = VECTOR ( 'NONE', #3546, 1000.000000000000000 ) ;
#6100 = CARTESIAN_POINT ( 'NONE',  ( 0.03044930635410657283, -0.009649512127872853645, -0.02000000000000000042 ) ) ;
#6101 = DIRECTION ( 'NONE',  ( 0.0000000000000000000, 0.0000000000000000000, -1.000000000000000000 ) ) ;
#6102 = EDGE_CURVE ( 'NONE', #1284, #5163, #644, .T. ) ;
#6103 = FILL_AREA_STYLE ('',( #3769 ) ) ;
#6104 = SURFACE_SIDE_STYLE ('',( #835 ) ) ;
#6105 = AXIS2_PLACEMENT_3D ( 'NONE', #3933, #6263, #3402 ) ;
#6106 = PRESENTATION_LAYER_ASSIGNMENT (  '', '', ( #5475 ) ) ;
#6107 = DIRECTION ( 'NONE',  ( 0.0000000000000000000, 0.0000000000000000000, -1.000000000000000000 ) ) ;
#6108 = ORIENTED_EDGE ( 'NONE', *, *, #4363, .F. ) ;
#6109 = CARTESIAN_POINT ( 'NONE',  ( -0.7302924583397679692, 0.1348565659041003062, -0.01000000000000000021 ) ) ;
#6110 = STYLED_ITEM ( 'NONE', ( #6795 ), #4334 ) ;
#6111 = VECTOR ( 'NONE', #6718, 1000.000000000000000 ) ;
#6112 = CARTESIAN_POINT ( 'NONE',  ( 0.4090030060381776300, -0.1411123768963002678, -0.009999999999999991535 ) ) ;
#6113 = FILL_AREA_STYLE_COLOUR ( '', #4748 ) ;
#6114 = FILL_AREA_STYLE ('',( #337 ) ) ;
#6115 = PLANE ( 'NONE',  #7265 ) ;
#6116 = FACE_OUTER_BOUND ( 'NONE', #4058, .T. ) ;
#6117 =( NAMED_UNIT ( * ) SI_UNIT ( $, .STERADIAN. ) SOLID_ANGLE_UNIT ( ) );
#6118 = ORIENTED_EDGE ( 'NONE', *, *, #6231, .T. ) ;
#6119 = DIRECTION ( 'NONE',  ( 1.000000000000000000, 1.445602896647339410E-16, -0.0000000000000000000 ) ) ;
#6120 = CARTESIAN_POINT ( 'NONE',  ( -0.9399999999999997247, -0.8249999999999998446, 0.2000000000000000111 ) ) ;
#6121 = CARTESIAN_POINT ( 'NONE',  ( 0.3571266283687791199, -0.1188350962321363530, -0.02000000000000000042 ) ) ;
#6122 = ORIENTED_EDGE ( 'NONE', *, *, #5324, .F. ) ;
#6123 = UNCERTAINTY_MEASURE_WITH_UNIT (LENGTH_MEASURE( 1.000000000000000082E-05 ), #5768, 'distance_accuracy_value', 'NONE');
#6124 = CARTESIAN_POINT ( 'NONE',  ( -0.8622336204751619437, -0.1901373170059216522, -0.02000000000000000042 ) ) ;
#6125 = B_SPLINE_CURVE_WITH_KNOTS ( 'NONE', 3,
 ( #1206, #6448, #7018, #651, #4812, #1804, #1910, #5287, #733, #78, #696, #3068, #5368, #153, #1242, #4226, #3521, #1355, #3673 ),
 .UNSPECIFIED., .F., .F.,
 ( 4, 1, 1, 1, 1, 1, 1, 1, 1, 1, 1, 1, 1, 1, 1, 1, 4 ),
 ( 0.0000000000000000000, 0.06806869584499403159, 0.1334274328189550551, 0.1961460338131564562, 0.2570485924493126073, 0.3168826631591618592, 0.3761872086663213821, 0.4359603353635462253, 0.4965352368627260482, 0.5574653434807329555, 0.6176868634101470024, 0.6779436406969059359, 0.7388052848060400191, 0.8009493367665837527, 0.8648146674702262837, 0.9310247810786568268, 1.000000000000000000 ),
 .UNSPECIFIED. ) ;
#6126 = VECTOR ( 'NONE', #5976, 1000.000000000000000 ) ;
#6127 = CARTESIAN_POINT ( 'NONE',  ( -1.499999999999999334, -1.500000000000000000, 0.0000000000000000000 ) ) ;
#6128 = ORIENTED_EDGE ( 'NONE', *, *, #4877, .T. ) ;
#6129 = EDGE_CURVE ( 'NONE', #1539, #3247, #5278, .T. ) ;
#6130 = CARTESIAN_POINT ( 'NONE',  ( 0.1982865681292542426, -0.1852421956839183370, -0.01000000000000000021 ) ) ;
#6131 = CARTESIAN_POINT ( 'NONE',  ( 0.0000000000000000000, 0.2098626829940784255, -0.01000000000000000021 ) ) ;
#6132 = SURFACE_STYLE_FILL_AREA ( #3803 ) ;
#6133 = PRESENTATION_LAYER_ASSIGNMENT (  '', '', ( #3209 ) ) ;
#6134 = ORIENTED_EDGE ( 'NONE', *, *, #5900, .T. ) ;
#6135 = DIRECTION ( 'NONE',  ( 1.000000000000000000, -0.0000000000000000000, -0.0000000000000000000 ) ) ;
#6136 = EDGE_CURVE ( 'NONE', #2391, #1834, #4728, .T. ) ;
#6137 = SURFACE_STYLE_USAGE ( .BOTH. , #3235 ) ;
#6138 = CARTESIAN_POINT ( 'NONE',  ( 0.4008457719196963920, -0.04410979979164915410, -0.01000000000000000021 ) ) ;
#6139 = CARTESIAN_POINT ( 'NONE',  ( 0.7900000000000001465, -1.215000000000000080, 0.2000000000000000111 ) ) ;
#6140 = VECTOR ( 'NONE', #6059, 1000.000000000000000 ) ;
#6141 = CARTESIAN_POINT ( 'NONE',  ( -0.3214561814507716497, 0.2098626829940784255, -0.02000000000000000042 ) ) ;
#6142 = VERTEX_POINT ( 'NONE', #4147 ) ;
#6143 = AXIS2_PLACEMENT_3D ( 'NONE', #6911, #3337, #3375 ) ;
#6144 = CARTESIAN_POINT ( 'NONE',  ( 0.2562877209882529206, 0.2147407317745662070, -0.02000000000000000042 ) ) ;
#6145 = COLOUR_RGB ( '',0.7529411764705882248, 0.7529411764705882248, 0.7529411764705882248 ) ;
#6146 = CARTESIAN_POINT ( 'NONE',  ( 0.1952410491333529952, 0.1609955425090738024, -0.01000000000000000021 ) ) ;
#6147 = EDGE_CURVE ( 'NONE', #6596, #2057, #3020, .T. ) ;
#6148 = DIRECTION ( 'NONE',  ( 1.000000000000000000, 0.0000000000000000000, 0.0000000000000000000 ) ) ;
#6149 = CARTESIAN_POINT ( 'NONE',  ( -0.5600000000000000533, 0.0000000000000000000, 0.0000000000000000000 ) ) ;
#6150 = ORIENTED_EDGE ( 'NONE', *, *, #5312, .T. ) ;
#6151 = FILL_AREA_STYLE_COLOUR ( '', #6887 ) ;
#6152 = DIRECTION ( 'NONE',  ( 0.0000000000000000000, 0.0000000000000000000, -1.000000000000000000 ) ) ;
#6153 = ORIENTED_EDGE ( 'NONE', *, *, #1052, .T. ) ;
#6154 = CARTESIAN_POINT ( 'NONE',  ( -0.4229561810290008439, 0.1368748453106870822, -0.02000000000000000042 ) ) ;
#6155 = VERTEX_POINT ( 'NONE', #5905 ) ;
#6156 = CARTESIAN_POINT ( 'NONE',  ( 0.08410784293947239088, 0.2098626829940784255, -0.01000000000000000021 ) ) ;
#6157 = CARTESIAN_POINT ( 'NONE',  ( 0.4038662696170053912, -0.02834711105378114049, -0.02000000000000000042 ) ) ;
#6158 = VERTEX_POINT ( 'NONE', #691 ) ;
#6159 =( NAMED_UNIT ( * ) SI_UNIT ( $, .STERADIAN. ) SOLID_ANGLE_UNIT ( ) );
#6160 = STYLED_ITEM ( 'NONE', ( #1219 ), #1703 ) ;
#6161 = FILL_AREA_STYLE_COLOUR ( '', #2820 ) ;
#6162 = VERTEX_POINT ( 'NONE', #106 ) ;
#6163 = CARTESIAN_POINT ( 'NONE',  ( 0.2407219713403276895, -0.1935587831628079736, -0.02000000000000000042 ) ) ;
#6164 = CARTESIAN_POINT ( 'NONE',  ( 0.2308576298890842315, 0.1693518536945711472, -0.02000000000000000042 ) ) ;
#6165 = UNCERTAINTY_MEASURE_WITH_UNIT (LENGTH_MEASURE( 1.000000000000000082E-05 ), #353, 'distance_accuracy_value', 'NONE');
#6166 = VECTOR ( 'NONE', #822, 1000.000000000000000 ) ;
#6167 = CARTESIAN_POINT ( 'NONE',  ( -0.5271468478463279261, 0.05699717156451200584, -0.01000000000000000021 ) ) ;
#6168 =( GEOMETRIC_REPRESENTATION_CONTEXT ( 3 ) GLOBAL_UNCERTAINTY_ASSIGNED_CONTEXT ( ( #6288 ) ) GLOBAL_UNIT_ASSIGNED_CONTEXT ( ( #6222, #7493, #6856 ) ) REPRESENTATION_CONTEXT ( 'NONE', 'WORKASPACE' ) );
#6169 = ADVANCED_FACE ( 'NONE', ( #2449 ), #7086, .T. ) ;
#6170 = EDGE_LOOP ( 'NONE', ( #5300, #1213, #354, #1051 ) ) ;
#6171 = STYLED_ITEM ( 'NONE', ( #5102 ), #2397 ) ;
#6172 = LINE ( 'NONE', #326, #6012 ) ;
#6173 = SURFACE_STYLE_FILL_AREA ( #793 ) ;
#6174 = PRESENTATION_LAYER_ASSIGNMENT (  '', '', ( #5169 ) ) ;
#6175 = LINE ( 'NONE', #4910, #6574 ) ;
#6176 = LINE ( 'NONE', #948, #2389 ) ;
#6177 = AXIS2_PLACEMENT_3D ( 'NONE', #1535, #3861, #264 ) ;
#6178 = EDGE_CURVE ( 'NONE', #7484, #3642, #4375, .T. ) ;
#6179 = CARTESIAN_POINT ( 'NONE',  ( -0.5600000000000000533, -1.215000000000000080, 0.2000000000000000111 ) ) ;
#6180 = B_SPLINE_CURVE_WITH_KNOTS ( 'NONE', 3,
 ( #1697, #627, #2342, #6986, #1096, #6353, #6956, #2964, #4600, #3986, #3950, #7513, #2308, #6916, #4019, #6277, #4675, #1141, #54 ),
 .UNSPECIFIED., .F., .F.,
 ( 4, 1, 1, 1, 1, 1, 1, 1, 1, 1, 1, 1, 1, 1, 1, 1, 4 ),
 ( 0.0000000000000000000, 0.07064371857535413357, 0.1382567155089046429, 0.2033641242175800723, 0.2663240938030566052, 0.3279047615429893092, 0.3887377151730921909, 0.4494235281093022505, 0.5108610114593156171, 0.5720793960475145656, 0.6317344287314451412, 0.6911172105788376818, 0.7503600294901705547, 0.8100329005312619790, 0.8713624508287362014, 0.9344271412311534464, 1.000000000000000000 ),
 .UNSPECIFIED. ) ;
#6181 = SURFACE_SIDE_STYLE ('',( #1422 ) ) ;
#6182 = ORIENTED_EDGE ( 'NONE', *, *, #4582, .F. ) ;
#6183 = FACE_OUTER_BOUND ( 'NONE', #3679, .T. ) ;
#6184 = EDGE_CURVE ( 'NONE', #5223, #4669, #2664, .T. ) ;
#6185 = EDGE_LOOP ( 'NONE', ( #4410, #7226, #6300, #2131 ) ) ;
#6186 = EDGE_CURVE ( 'NONE', #5388, #1035, #6706, .T. ) ;
#6187 = CARTESIAN_POINT ( 'NONE',  ( -0.4220930526358548929, 0.1895512673978209661, -0.01000000000000000021 ) ) ;
#6188 = EDGE_CURVE ( 'NONE', #2847, #3529, #7164, .T. ) ;
#6189 =( LENGTH_UNIT ( ) NAMED_UNIT ( * ) SI_UNIT ( .MILLI., .METRE. ) );
#6190 = CARTESIAN_POINT ( 'NONE',  ( 0.1099999999999998479, 1.500000000000000000, 0.7299999999999999822 ) ) ;
#6191 = LINE ( 'NONE', #7273, #1315 ) ;
#6192 = VERTEX_POINT ( 'NONE', #258 ) ;
#6193 = CARTESIAN_POINT ( 'NONE',  ( -0.4664534619019472528, 0.08009407557877305794, -0.02000000000000000042 ) ) ;
#6194 = ORIENTED_EDGE ( 'NONE', *, *, #7041, .F. ) ;
#6195 = CARTESIAN_POINT ( 'NONE',  ( -1.189999999999999947, 0.8250000000000000666, -0.02000000000000000042 ) ) ;
#6196 = EDGE_CURVE ( 'NONE', #4931, #382, #3814, .T. ) ;
#6197 = VECTOR ( 'NONE', #3151, 1000.000000000000000 ) ;
#6198 = CARTESIAN_POINT ( 'NONE',  ( 0.3344561331378758107, -0.1347774110934538416, -0.02000000000000000042 ) ) ;
#6199 = ORIENTED_EDGE ( 'NONE', *, *, #2921, .F. ) ;
#6200 = PRESENTATION_STYLE_ASSIGNMENT (( #1583 ) ) ;
#6201 = PRODUCT ( 'WDFN-12_L3.0-W3.0-P0.45-BL-EP', 'WDFN-12_L3.0-W3.0-P0.45-BL-EP', '', ( #1131 ) ) ;
#6202 = PRESENTATION_STYLE_ASSIGNMENT (( #3872 ) ) ;
#6203 = ORIENTED_EDGE ( 'NONE', *, *, #6276, .F. ) ;
#6204 = SURFACE_STYLE_FILL_AREA ( #4564 ) ;
#6205 = CYLINDRICAL_SURFACE ( 'NONE', #3900, 0.1255198065735227408 ) ;
#6206 = UNCERTAINTY_MEASURE_WITH_UNIT (LENGTH_MEASURE( 1.000000000000000082E-05 ), #5119, 'distance_accuracy_value', 'NONE');
#6207 = CARTESIAN_POINT ( 'NONE',  ( -0.4710962543667324698, 0.1571695279546107826, -0.01000000000000000021 ) ) ;
#6208 = VERTEX_POINT ( 'NONE', #6144 ) ;
#6209 = MECHANICAL_DESIGN_GEOMETRIC_PRESENTATION_REPRESENTATION (  '', ( #4499 ), #473 ) ;
#6210 = CARTESIAN_POINT ( 'NONE',  ( 0.3462003251928427172, -0.1275244803611438604, -0.02000000000000000042 ) ) ;
#6211 = UNCERTAINTY_MEASURE_WITH_UNIT (LENGTH_MEASURE( 1.000000000000000082E-05 ), #4559, 'distance_accuracy_value', 'NONE');
#6212 = CARTESIAN_POINT ( 'NONE',  ( 0.2635121917761384380, 0.2145726417691848908, -0.01000000000000000021 ) ) ;
#6213 = COLOUR_RGB ( '',0.0000000000000000000, 0.0000000000000000000, 0.0000000000000000000 ) ;
#6214 = CARTESIAN_POINT ( 'NONE',  ( -0.3980413114374459216, 0.1512842095115872754, -0.01000000000000000021 ) ) ;
#6215 = PRESENTATION_LAYER_ASSIGNMENT (  '', '', ( #981 ) ) ;
#6216 = ORIENTED_EDGE ( 'NONE', *, *, #3884, .F. ) ;
#6217 = CARTESIAN_POINT ( 'NONE',  ( 0.3812806193728585091, -0.1648971914615527390, -0.009999999999999991535 ) ) ;
#6218 = AXIS2_PLACEMENT_3D ( 'NONE', #7120, #1895, #3658 ) ;
#6219 = EDGE_CURVE ( 'NONE', #7506, #6406, #6664, .T. ) ;
#6220 = ORIENTED_EDGE ( 'NONE', *, *, #2461, .F. ) ;
#6221 = CARTESIAN_POINT ( 'NONE',  ( -0.5303666362444813265, 0.02214395742735008471, -0.02000000000000000042 ) ) ;
#6222 =( LENGTH_UNIT ( ) NAMED_UNIT ( * ) SI_UNIT ( .MILLI., .METRE. ) );
#6223 = FILL_AREA_STYLE ('',( #1570 ) ) ;
#6224 = CARTESIAN_POINT ( 'NONE',  ( 0.1621566234272772411, 0.1988870732379808270, -0.02000000000000000042 ) ) ;
#6225 =( GEOMETRIC_REPRESENTATION_CONTEXT ( 3 ) GLOBAL_UNCERTAINTY_ASSIGNED_CONTEXT ( ( #5374 ) ) GLOBAL_UNIT_ASSIGNED_CONTEXT ( ( #936, #464, #5071 ) ) REPRESENTATION_CONTEXT ( 'NONE', 'WORKASPACE' ) );
#6226 = VECTOR ( 'NONE', #1039, 1000.000000000000000 ) ;
#6227 = PRESENTATION_LAYER_ASSIGNMENT (  '', '', ( #4886 ) ) ;
#6228 = ORIENTED_EDGE ( 'NONE', *, *, #3294, .T. ) ;
#6229 =( NAMED_UNIT ( * ) SI_UNIT ( $, .STERADIAN. ) SOLID_ANGLE_UNIT ( ) );
#6230 = EDGE_CURVE ( 'NONE', #5088, #6412, #4348, .T. ) ;
#6231 = EDGE_CURVE ( 'NONE', #2429, #2717, #4258, .T. ) ;
#6232 = MECHANICAL_DESIGN_GEOMETRIC_PRESENTATION_REPRESENTATION (  '', ( #1233 ), #495 ) ;
#6233 = ORIENTED_EDGE ( 'NONE', *, *, #5324, .T. ) ;
#6234 = LINE ( 'NONE', #1005, #6226 ) ;
#6235 = DIRECTION ( 'NONE',  ( 0.0000000000000000000, 1.000000000000000000, 0.0000000000000000000 ) ) ;
#6236 = UNCERTAINTY_MEASURE_WITH_UNIT (LENGTH_MEASURE( 1.000000000000000082E-05 ), #2070, 'distance_accuracy_value', 'NONE');
#6237 = EDGE_LOOP ( 'NONE', ( #7434, #4118, #4013, #7444 ) ) ;
#6238 = SURFACE_STYLE_FILL_AREA ( #831 ) ;
#6239 = STYLED_ITEM ( 'NONE', ( #794 ), #2668 ) ;
#6240 = DIRECTION ( 'NONE',  ( -0.0000000000000000000, 0.0000000000000000000, -1.000000000000000000 ) ) ;
#6241 = EDGE_LOOP ( 'NONE', ( #6203, #4002, #1345, #1572, #1674, #763 ) ) ;
#6242 =( LENGTH_UNIT ( ) NAMED_UNIT ( * ) SI_UNIT ( .MILLI., .METRE. ) );
#6243 = CARTESIAN_POINT ( 'NONE',  ( 0.1621566234272772411, 0.1988870732379808270, -0.02000000000000000042 ) ) ;
#6244 = CARTESIAN_POINT ( 'NONE',  ( 0.1839037518729717269, 0.1565394872394380577, -0.02000000000000000042 ) ) ;
#6245 =( GEOMETRIC_REPRESENTATION_CONTEXT ( 3 ) GLOBAL_UNCERTAINTY_ASSIGNED_CONTEXT ( ( #1628 ) ) GLOBAL_UNIT_ASSIGNED_CONTEXT ( ( #194, #3218, #4393 ) ) REPRESENTATION_CONTEXT ( 'NONE', 'WORKASPACE' ) );
#6246 = DIRECTION ( 'NONE',  ( 0.0000000000000000000, -0.0000000000000000000, 1.000000000000000000 ) ) ;
#6247 = ORIENTED_EDGE ( 'NONE', *, *, #6999, .T. ) ;
#6248 =( NAMED_UNIT ( * ) SI_UNIT ( $, .STERADIAN. ) SOLID_ANGLE_UNIT ( ) );
#6249 = CARTESIAN_POINT ( 'NONE',  ( -0.3249966145838381615, -0.1899987948554594519, -0.01000000000000000021 ) ) ;
#6250 =( NAMED_UNIT ( * ) SI_UNIT ( $, .STERADIAN. ) SOLID_ANGLE_UNIT ( ) );
#6251 = CARTESIAN_POINT ( 'NONE',  ( 0.3022189933182686250, 0.1648921014183521438, -0.02000000000000000042 ) ) ;
#6252 = ORIENTED_EDGE ( 'NONE', *, *, #1089, .T. ) ;
#6253 = SURFACE_STYLE_FILL_AREA ( #3433 ) ;
#6254 =( LENGTH_UNIT ( ) NAMED_UNIT ( * ) SI_UNIT ( .MILLI., .METRE. ) );
#6255 = AXIS2_PLACEMENT_3D ( 'NONE', #204, #5571, #861 ) ;
#6256 = ORIENTED_EDGE ( 'NONE', *, *, #3248, .T. ) ;
#6257 = CARTESIAN_POINT ( 'NONE',  ( -1.240000000000000213, 1.510000000000000009, 0.2000000000000000111 ) ) ;
#6258 = EDGE_LOOP ( 'NONE', ( #1536, #1055, #3225, #4756 ) ) ;
#6259 = EDGE_CURVE ( 'NONE', #4630, #4769, #4976, .T. ) ;
#6260 = CARTESIAN_POINT ( 'NONE',  ( -0.4850555645901181712, 0.1434342661594736612, -0.02000000000000000042 ) ) ;
#6261 = AXIS2_PLACEMENT_3D ( 'NONE', #366, #5470, #2701 ) ;
#6262 = ORIENTED_EDGE ( 'NONE', *, *, #71, .F. ) ;
#6263 = DIRECTION ( 'NONE',  ( -0.0000000000000000000, 0.0000000000000000000, 1.000000000000000000 ) ) ;
#6264 = ORIENTED_EDGE ( 'NONE', *, *, #206, .F. ) ;
#6265 = FILL_AREA_STYLE ('',( #569 ) ) ;
#6266 = SURFACE_SIDE_STYLE ('',( #1621 ) ) ;
#6267 = FILL_AREA_STYLE_COLOUR ( '', #6343 ) ;
#6268 = ORIENTED_EDGE ( 'NONE', *, *, #1982, .F. ) ;
#6269 =( LENGTH_UNIT ( ) NAMED_UNIT ( * ) SI_UNIT ( .MILLI., .METRE. ) );
#6270 = VECTOR ( 'NONE', #4719, 1000.000000000000000 ) ;
#6271 = CARTESIAN_POINT ( 'NONE',  ( -0.2622336204751618549, 0.1659602439696881704, -0.02000000000000000042 ) ) ;
#6272 = CARTESIAN_POINT ( 'NONE',  ( -0.1100000000000000699, -1.500000000000000000, 0.0000000000000000000 ) ) ;
#6273 = ORIENTED_EDGE ( 'NONE', *, *, #3471, .T. ) ;
#6274 =( LENGTH_UNIT ( ) NAMED_UNIT ( * ) SI_UNIT ( .MILLI., .METRE. ) );
#6275 = EDGE_CURVE ( 'NONE', #5527, #1539, #2525, .T. ) ;
#6276 = EDGE_CURVE ( 'NONE', #6880, #5521, #5443, .T. ) ;
#6277 = CARTESIAN_POINT ( 'NONE',  ( 0.2984605158758424359, 0.2114237198613159174, -0.02000000000000000042 ) ) ;
#6278 = VECTOR ( 'NONE', #2580, 1000.000000000000000 ) ;
#6279 = ORIENTED_EDGE ( 'NONE', *, *, #6178, .T. ) ;
#6280 =( NAMED_UNIT ( * ) SI_UNIT ( $, .STERADIAN. ) SOLID_ANGLE_UNIT ( ) );
#6281 = FACE_OUTER_BOUND ( 'NONE', #6185, .T. ) ;
#6282 = VECTOR ( 'NONE', #5302, 1000.000000000000000 ) ;
#6283 = CARTESIAN_POINT ( 'NONE',  ( 0.1099999999999999034, -1.215000000000000080, 0.2000000000000000111 ) ) ;
#6284 =( GEOMETRIC_REPRESENTATION_CONTEXT ( 3 ) GLOBAL_UNCERTAINTY_ASSIGNED_CONTEXT ( ( #549 ) ) GLOBAL_UNIT_ASSIGNED_CONTEXT ( ( #77, #186, #1803 ) ) REPRESENTATION_CONTEXT ( 'NONE', 'WORKASPACE' ) );
#6285 = SURFACE_SIDE_STYLE ('',( #1670 ) ) ;
#6286 = SURFACE_SIDE_STYLE ('',( #6813 ) ) ;
#6287 = VECTOR ( 'NONE', #914, 1000.000000000000000 ) ;
#6288 = UNCERTAINTY_MEASURE_WITH_UNIT (LENGTH_MEASURE( 1.000000000000000082E-05 ), #6222, 'distance_accuracy_value', 'NONE');
#6289 = CARTESIAN_POINT ( 'NONE',  ( 0.2558304039150821052, 0.1708382927501759518, -0.02000000000000000042 ) ) ;
#6290 = MECHANICAL_DESIGN_GEOMETRIC_PRESENTATION_REPRESENTATION (  '', ( #2021 ), #3972 ) ;
#6291 = ORIENTED_EDGE ( 'NONE', *, *, #7363, .F. ) ;
#6292 = CARTESIAN_POINT ( 'NONE',  ( -0.5600000000000000533, 1.215000000000000080, 0.2000000000000000111 ) ) ;
#6293 = COLOUR_RGB ( '',0.7529411764705882248, 0.7529411764705882248, 0.7529411764705882248 ) ;
#6294 = ORIENTED_EDGE ( 'NONE', *, *, #3791, .F. ) ;
#6295 = ORIENTED_EDGE ( 'NONE', *, *, #1933, .T. ) ;
#6296 =( GEOMETRIC_REPRESENTATION_CONTEXT ( 3 ) GLOBAL_UNCERTAINTY_ASSIGNED_CONTEXT ( ( #1945 ) ) GLOBAL_UNIT_ASSIGNED_CONTEXT ( ( #3008, #2479, #1790 ) ) REPRESENTATION_CONTEXT ( 'NONE', 'WORKASPACE' ) );
#6297 = CARTESIAN_POINT ( 'NONE',  ( 0.2722175990370334087, -0.1950153657864094614, -0.02000000000000000389 ) ) ;
#6298 = LINE ( 'NONE', #2981, #6973 ) ;
#6299 = CARTESIAN_POINT ( 'NONE',  ( -0.3643434110002604087, 0.2069381446312552608, -0.02000000000000000042 ) ) ;
#6300 = ORIENTED_EDGE ( 'NONE', *, *, #4826, .F. ) ;
#6301 = CARTESIAN_POINT ( 'NONE',  ( 0.2699629763585933429, -0.1509804875284658232, -0.01000000000000000021 ) ) ;
#6302 =( LENGTH_UNIT ( ) NAMED_UNIT ( * ) SI_UNIT ( .MILLI., .METRE. ) );
#6303 = ORIENTED_EDGE ( 'NONE', *, *, #1752, .F. ) ;
#6304 =( NAMED_UNIT ( * ) SI_UNIT ( $, .STERADIAN. ) SOLID_ANGLE_UNIT ( ) );
#6305 = STYLED_ITEM ( 'NONE', ( #1226 ), #1440 ) ;
#6306 = SURFACE_STYLE_USAGE ( .BOTH. , #2878 ) ;
#6307 = PLANE ( 'NONE',  #5902 ) ;
#6308 = ORIENTED_EDGE ( 'NONE', *, *, #5545, .F. ) ;
#6309 = CARTESIAN_POINT ( 'NONE',  ( -0.2622336204751618549, 0.0000000000000000000, -0.01000000000000000021 ) ) ;
#6310 = SURFACE_SIDE_STYLE ('',( #5111 ) ) ;
#6311 = ORIENTED_EDGE ( 'NONE', *, *, #149, .F. ) ;
#6312 = CARTESIAN_POINT ( 'NONE',  ( 0.2432513903162161761, 0.1706481071301940156, -0.01000000000000000021 ) ) ;
#6313 = CARTESIAN_POINT ( 'NONE',  ( -0.7419212511768952245, 0.1382723531174003817, -0.02000000000000000042 ) ) ;
#6314 = CARTESIAN_POINT ( 'NONE',  ( 0.1099999999999999034, 0.0000000000000000000, 0.0000000000000000000 ) ) ;
#6315 = VERTEX_POINT ( 'NONE', #2558 ) ;
#6316 = EDGE_CURVE ( 'NONE', #1566, #3599, #4077, .T. ) ;
#6317 = EDGE_CURVE ( 'NONE', #966, #3564, #2126, .T. ) ;
#6318 = FILL_AREA_STYLE ('',( #1668 ) ) ;
#6319 = SURFACE_STYLE_FILL_AREA ( #1066 ) ;
#6320 = CARTESIAN_POINT ( 'NONE',  ( -0.5160479996518747559, -0.06889595386421590306, -0.01000000000000000021 ) ) ;
#6321 = DIRECTION ( 'NONE',  ( 0.0000000000000000000, 0.0000000000000000000, -1.000000000000000000 ) ) ;
#6322 = CARTESIAN_POINT ( 'NONE',  ( -0.8622336204751619437, -0.1901373170059216522, -0.02000000000000000042 ) ) ;
#6323 = ADVANCED_FACE ( 'NONE', ( #1711 ), #3886, .T. ) ;
#6324 = ORIENTED_EDGE ( 'NONE', *, *, #2731, .F. ) ;
#6325 =( NAMED_UNIT ( * ) PLANE_ANGLE_UNIT ( ) SI_UNIT ( $, .RADIAN. ) );
#6326 = FILL_AREA_STYLE ('',( #6405 ) ) ;
#6327 = AXIS2_PLACEMENT_3D ( 'NONE', #2428, #668, #7033 ) ;
#6328 = ORIENTED_EDGE ( 'NONE', *, *, #4298, .T. ) ;
#6329 = SURFACE_STYLE_USAGE ( .BOTH. , #2284 ) ;
#6330 = PRESENTATION_LAYER_ASSIGNMENT (  '', '', ( #1104 ) ) ;
#6331 = CARTESIAN_POINT ( 'NONE',  ( 0.0000000000000000000, 0.8250000000000000666, 0.0000000000000000000 ) ) ;
#6332 = CARTESIAN_POINT ( 'NONE',  ( -0.3212275229141862143, 0.1659602439696881704, -0.02000000000000000042 ) ) ;
#6333 = AXIS2_PLACEMENT_3D ( 'NONE', #1455, #7268, #2631 ) ;
#6334 = ORIENTED_EDGE ( 'NONE', *, *, #3561, .F. ) ;
#6335 = SURFACE_STYLE_USAGE ( .BOTH. , #7395 ) ;
#6336 = CIRCLE ( 'NONE', #6105, 0.1150000000000000883 ) ;
#6337 = COLOUR_RGB ( '',0.2509803921568627416, 0.2509803921568627416, 0.2509803921568627416 ) ;
#6338 = DIRECTION ( 'NONE',  ( 0.0000000000000000000, 0.0000000000000000000, 1.000000000000000000 ) ) ;
#6339 = ORIENTED_EDGE ( 'NONE', *, *, #5473, .F. ) ;
#6340 = PRESENTATION_LAYER_ASSIGNMENT (  '', '', ( #2074 ) ) ;
#6341 = VECTOR ( 'NONE', #3706, 1000.000000000000000 ) ;
#6342 = DIRECTION ( 'NONE',  ( -1.000000000000000000, 0.0000000000000000000, -0.0000000000000000000 ) ) ;
#6343 = COLOUR_RGB ( '',1.000000000000000000, 0.5019607843137254832, 0.0000000000000000000 ) ;
#6344 = FILL_AREA_STYLE_COLOUR ( '', #5725 ) ;
#6345 = CARTESIAN_POINT ( 'NONE',  ( 1.010000000000000009, 1.510000000000000009, 0.2000000000000000111 ) ) ;
#6346 = ORIENTED_EDGE ( 'NONE', *, *, #2871, .F. ) ;
#6347 = ORIENTED_EDGE ( 'NONE', *, *, #2218, .T. ) ;
#6348 = SURFACE_SIDE_STYLE ('',( #2844 ) ) ;
#6349 = DIRECTION ( 'NONE',  ( 0.0000000000000000000, 0.0000000000000000000, -1.000000000000000000 ) ) ;
#6350 = FILL_AREA_STYLE_COLOUR ( '', #2804 ) ;
#6351 = ORIENTED_EDGE ( 'NONE', *, *, #3628, .F. ) ;
#6352 =( NAMED_UNIT ( * ) SI_UNIT ( $, .STERADIAN. ) SOLID_ANGLE_UNIT ( ) );
#6353 = CARTESIAN_POINT ( 'NONE',  ( 0.4456817813635765013, 0.08865043496282382085, -0.02000000000000000042 ) ) ;
#6354 =( GEOMETRIC_REPRESENTATION_CONTEXT ( 3 ) GLOBAL_UNCERTAINTY_ASSIGNED_CONTEXT ( ( #2068 ) ) GLOBAL_UNIT_ASSIGNED_CONTEXT ( ( #5399, #6434, #33 ) ) REPRESENTATION_CONTEXT ( 'NONE', 'WORKASPACE' ) );
#6355 = UNCERTAINTY_MEASURE_WITH_UNIT (LENGTH_MEASURE( 1.000000000000000082E-05 ), #4185, 'distance_accuracy_value', 'NONE');
#6356 = VERTEX_POINT ( 'NONE', #4030 ) ;
#6357 = ADVANCED_FACE ( 'NONE', ( #5624 ), #1392, .T. ) ;
#6358 = EDGE_CURVE ( 'NONE', #1815, #4955, #1001, .T. ) ;
#6359 = CARTESIAN_POINT ( 'NONE',  ( 0.4056507803395671408, 0.02380432090354918373, -0.009999999999999995004 ) ) ;
#6360 = CARTESIAN_POINT ( 'NONE',  ( 0.2558304039150821052, 0.1708382927501759518, -0.01000000000000000021 ) ) ;
#6361 = CARTESIAN_POINT ( 'NONE',  ( -0.3173403277922349219, -0.1901373170059216522, -0.01000000000000000021 ) ) ;
#6362 = FILL_AREA_STYLE ('',( #5665 ) ) ;
#6363 = CARTESIAN_POINT ( 'NONE',  ( 0.4037505872665849704, 0.04137889827121054437, -0.02000000000000000042 ) ) ;
#6364 = DIRECTION ( 'NONE',  ( -1.000000000000000000, 0.0000000000000000000, -0.0000000000000000000 ) ) ;
#6365 = VERTEX_POINT ( 'NONE', #141 ) ;
#6366 =( NAMED_UNIT ( * ) PLANE_ANGLE_UNIT ( ) SI_UNIT ( $, .RADIAN. ) );
#6367 = EDGE_CURVE ( 'NONE', #499, #6902, #4094, .T. ) ;
#6368 = SURFACE_SIDE_STYLE ('',( #6899 ) ) ;
#6369 = CARTESIAN_POINT ( 'NONE',  ( 1.010000000000000009, 1.215000000000000080, 0.2000000000000000111 ) ) ;
#6370 = FILL_AREA_STYLE_COLOUR ( '', #4374 ) ;
#6371 = ORIENTED_EDGE ( 'NONE', *, *, #7284, .T. ) ;
#6372 = PLANE ( 'NONE',  #1114 ) ;
#6373 = MECHANICAL_DESIGN_GEOMETRIC_PRESENTATION_REPRESENTATION (  '', ( #5393 ), #1990 ) ;
#6374 = ORIENTED_EDGE ( 'NONE', *, *, #6452, .F. ) ;
#6375 = PLANE ( 'NONE',  #6648 ) ;
#6376 = PRESENTATION_LAYER_ASSIGNMENT (  '', '', ( #524 ) ) ;
#6377 = DIRECTION ( 'NONE',  ( 0.0000000000000000000, -1.000000000000000000, -0.0000000000000000000 ) ) ;
#6378 = LINE ( 'NONE', #1166, #3768 ) ;
#6379 = CARTESIAN_POINT ( 'NONE',  ( 0.4529104602195905827, -0.05943882898199199377, -0.009999999999999991535 ) ) ;
#6380 = LINE ( 'NONE', #10, #2744 ) ;
#6381 = ORIENTED_EDGE ( 'NONE', *, *, #6728, .F. ) ;
#6382 = ORIENTED_EDGE ( 'NONE', *, *, #7461, .T. ) ;
#6383 = DIRECTION ( 'NONE',  ( -0.0000000000000000000, 0.0000000000000000000, -1.000000000000000000 ) ) ;
#6384 = CARTESIAN_POINT ( 'NONE',  ( -0.3619454841884987006, -0.1869359362408460623, -0.009999999999999995004 ) ) ;
#6385 = EDGE_LOOP ( 'NONE', ( #5793, #564, #3975, #7098 ) ) ;
#6386 = CARTESIAN_POINT ( 'NONE',  ( -0.5305263034019911395, 0.01489317079895642083, -0.01000000000000000021 ) ) ;
#6387 = PLANE ( 'NONE',  #4816 ) ;
#6388 =( NAMED_UNIT ( * ) SI_UNIT ( $, .STERADIAN. ) SOLID_ANGLE_UNIT ( ) );
#6389 = VERTEX_POINT ( 'NONE', #637 ) ;
#6390 = LINE ( 'NONE', #6499, #5228 ) ;
#6391 = AXIS2_PLACEMENT_3D ( 'NONE', #2883, #5918, #699 ) ;
#6392 = CARTESIAN_POINT ( 'NONE',  ( -0.4608365494720775835, -0.06781221235771245359, -0.01000000000000000021 ) ) ;
#6393 =( NAMED_UNIT ( * ) SI_UNIT ( $, .STERADIAN. ) SOLID_ANGLE_UNIT ( ) );
#6394 = LINE ( 'NONE', #1184, #3793 ) ;
#6395 =( LENGTH_UNIT ( ) NAMED_UNIT ( * ) SI_UNIT ( .MILLI., .METRE. ) );
#6396 = DIRECTION ( 'NONE',  ( 0.0000000000000000000, 0.0000000000000000000, -1.000000000000000000 ) ) ;
#6397 = ADVANCED_FACE ( 'NONE', ( #2396 ), #1826, .T. ) ;
#6398 = STYLED_ITEM ( 'NONE', ( #4613 ), #4403 ) ;
#6399 = CARTESIAN_POINT ( 'NONE',  ( -0.4123257307972503227, -0.1228103921547681610, -0.02000000000000000042 ) ) ;
#6400 = CARTESIAN_POINT ( 'NONE',  ( -0.3400000000000000799, 1.215000000000000080, -0.02000000000000000042 ) ) ;
#6401 = PRESENTATION_LAYER_ASSIGNMENT (  '', '', ( #2013 ) ) ;
#6402 = AXIS2_PLACEMENT_3D ( 'NONE', #1546, #3870, #967 ) ;
#6403 =( GEOMETRIC_REPRESENTATION_CONTEXT ( 3 ) GLOBAL_UNCERTAINTY_ASSIGNED_CONTEXT ( ( #1177 ) ) GLOBAL_UNIT_ASSIGNED_CONTEXT ( ( #6189, #4341, #957 ) ) REPRESENTATION_CONTEXT ( 'NONE', 'WORKASPACE' ) );
#6404 = CARTESIAN_POINT ( 'NONE',  ( 1.125000000000000222, 1.215000000000000080, 0.0000000000000000000 ) ) ;
#6405 = FILL_AREA_STYLE_COLOUR ( '', #2130 ) ;
#6406 = VERTEX_POINT ( 'NONE', #1339 ) ;
#6407 = PRESENTATION_LAYER_ASSIGNMENT (  '', '', ( #4079 ) ) ;
#6408 =( NAMED_UNIT ( * ) PLANE_ANGLE_UNIT ( ) SI_UNIT ( $, .RADIAN. ) );
#6409 = VECTOR ( 'NONE', #877, 1000.000000000000000 ) ;
#6410 = COLOUR_RGB ( '',0.7529411764705882248, 0.7529411764705882248, 0.7529411764705882248 ) ;
#6411 = DIRECTION ( 'NONE',  ( 0.0000000000000000000, 0.0000000000000000000, -1.000000000000000000 ) ) ;
#6412 = VERTEX_POINT ( 'NONE', #6587 ) ;
#6413 = CARTESIAN_POINT ( 'NONE',  ( -0.3845017482041942491, 0.2027046767077306799, -0.02000000000000000042 ) ) ;
#6414 = PRESENTATION_LAYER_ASSIGNMENT (  '', '', ( #5168 ) ) ;
#6415 = EDGE_CURVE ( 'NONE', #5378, #2814, #4906, .T. ) ;
#6416 = CARTESIAN_POINT ( 'NONE',  ( -0.2085750838897959536, -0.1901373170059216522, -0.02000000000000000042 ) ) ;
#6417 = CARTESIAN_POINT ( 'NONE',  ( 1.240000000000000213, 1.510000000000000009, 0.2000000000000000111 ) ) ;
#6418 =( GEOMETRIC_REPRESENTATION_CONTEXT ( 3 ) GLOBAL_UNCERTAINTY_ASSIGNED_CONTEXT ( ( #3162 ) ) GLOBAL_UNIT_ASSIGNED_CONTEXT ( ( #1460, #5520, #2327 ) ) REPRESENTATION_CONTEXT ( 'NONE', 'WORKASPACE' ) );
#6419 = SURFACE_STYLE_USAGE ( .BOTH. , #5213 ) ;
#6420 = CARTESIAN_POINT ( 'NONE',  ( 1.240000000000000213, -1.215000000000000080, -0.02000000000000000042 ) ) ;
#6421 = CARTESIAN_POINT ( 'NONE',  ( -0.7360903277922349330, 0.1610821951892003334, -0.02000000000000000042 ) ) ;
#6422 = ORIENTED_EDGE ( 'NONE', *, *, #4404, .F. ) ;
#6423 = ORIENTED_EDGE ( 'NONE', *, *, #4836, .T. ) ;
#6424 = SURFACE_SIDE_STYLE ('',( #577 ) ) ;
#6425 = CARTESIAN_POINT ( 'NONE',  ( -0.3400022599743441343, -0.1897273036841979066, -0.02000000000000000042 ) ) ;
#6426 = ORIENTED_EDGE ( 'NONE', *, *, #6506, .T. ) ;
#6427 = PRESENTATION_STYLE_ASSIGNMENT (( #4087 ) ) ;
#6428 = SURFACE_STYLE_USAGE ( .BOTH. , #5225 ) ;
#6429 = DIRECTION ( 'NONE',  ( 0.0000000000000000000, 0.0000000000000000000, 1.000000000000000000 ) ) ;
#6430 =( LENGTH_UNIT ( ) NAMED_UNIT ( * ) SI_UNIT ( .MILLI., .METRE. ) );
#6431 = CARTESIAN_POINT ( 'NONE',  ( -0.5600000000000000533, 1.500000000000000000, 0.7299999999999999822 ) ) ;
#6432 = CARTESIAN_POINT ( 'NONE',  ( 0.2984605158758424359, 0.2114237198613159174, -0.009999999999999995004 ) ) ;
#6433 = SURFACE_SIDE_STYLE ('',( #1755 ) ) ;
#6434 =( NAMED_UNIT ( * ) PLANE_ANGLE_UNIT ( ) SI_UNIT ( $, .RADIAN. ) );
#6435 = DIRECTION ( 'NONE',  ( 1.000000000000000000, 0.0000000000000000000, 0.0000000000000000000 ) ) ;
#6436 = ORIENTED_EDGE ( 'NONE', *, *, #16, .F. ) ;
#6437 = AXIS2_PLACEMENT_3D ( 'NONE', #6057, #1584, #5608 ) ;
#6438 = DIRECTION ( 'NONE',  ( 0.0000000000000000000, 0.0000000000000000000, -1.000000000000000000 ) ) ;
#6439 = PLANE ( 'NONE',  #4326 ) ;
#6440 = DIRECTION ( 'NONE',  ( 0.0000000000000000000, 0.0000000000000000000, 1.000000000000000000 ) ) ;
#6441 = CARTESIAN_POINT ( 'NONE',  ( 1.010000000000000009, -1.215000000000000080, -0.02000000000000000042 ) ) ;
#6442 = VECTOR ( 'NONE', #2176, 1000.000000000000000 ) ;
#6443 = ADVANCED_FACE ( 'NONE', ( #5469, #1377, #6098, #6656, #5070, #3127 ), #3730, .T. ) ;
#6444 = FILL_AREA_STYLE ('',( #112 ) ) ;
#6445 = CARTESIAN_POINT ( 'NONE',  ( -0.6700080107190642398, -0.03403975603031189623, -0.02000000000000000042 ) ) ;
#6446 = STYLED_ITEM ( 'NONE', ( #2846 ), #5210 ) ;
#6447 = VECTOR ( 'NONE', #874, 1000.000000000000000 ) ;
#6448 = CARTESIAN_POINT ( 'NONE',  ( -0.5303647565209330672, 0.007338136996416594511, -0.02000000000000000042 ) ) ;
#6449 = CARTESIAN_POINT ( 'NONE',  ( -0.3851841308336073078, -0.1360508798289370436, -0.02000000000000000042 ) ) ;
#6450 = ADVANCED_FACE ( 'NONE', ( #5027 ), #6015, .F. ) ;
#6451 = COLOUR_RGB ( '',0.0000000000000000000, 0.0000000000000000000, 0.0000000000000000000 ) ;
#6452 = EDGE_CURVE ( 'NONE', #5462, #3931, #4519, .T. ) ;
#6453 = FACE_OUTER_BOUND ( 'NONE', #5532, .T. ) ;
#6454 = VECTOR ( 'NONE', #5325, 1000.000000000000000 ) ;
#6455 = CARTESIAN_POINT ( 'NONE',  ( -0.7315993125941080422, 0.1387975398072065214, -0.02000000000000000042 ) ) ;
#6456 = EDGE_LOOP ( 'NONE', ( #3147, #3880, #5656, #4781 ) ) ;
#6457 = ORIENTED_EDGE ( 'NONE', *, *, #1623, .T. ) ;
#6458 = VECTOR ( 'NONE', #4666, 1000.000000000000000 ) ;
#6459 = DIRECTION ( 'NONE',  ( -1.000000000000000000, 0.0000000000000000000, 0.0000000000000000000 ) ) ;
#6460 = PRESENTATION_LAYER_ASSIGNMENT (  '', '', ( #4633 ) ) ;
#6461 = CARTESIAN_POINT ( 'NONE',  ( -0.3619454841884987006, -0.1869359362408460623, -0.02000000000000000042 ) ) ;
#6462 = CARTESIAN_POINT ( 'NONE',  ( 0.1621566234272772411, -0.1255031706644582079, -0.02000000000000000042 ) ) ;
#6463 = ORIENTED_EDGE ( 'NONE', *, *, #2364, .F. ) ;
#6464 = CARTESIAN_POINT ( 'NONE',  ( -0.7419212511768952245, 0.1382723531174003817, -0.01000000000000000021 ) ) ;
#6465 = DIRECTION ( 'NONE',  ( 0.0000000000000000000, -1.000000000000000000, -0.0000000000000000000 ) ) ;
#6466 = CARTESIAN_POINT ( 'NONE',  ( 0.1658335554788118171, -0.1275741923356732421, -0.02000000000000000042 ) ) ;
#6467 = VECTOR ( 'NONE', #5143, 1000.000000000000000 ) ;
#6468 = AXIS2_PLACEMENT_3D ( 'NONE', #7278, #6119, #7211 ) ;
#6469 = DIRECTION ( 'NONE',  ( 1.000000000000000000, 0.0000000000000000000, 0.0000000000000000000 ) ) ;
#6470 = CARTESIAN_POINT ( 'NONE',  ( -0.3190171570605275786, -0.1462348779815314248, -0.01000000000000000021 ) ) ;
#6471 = VERTEX_POINT ( 'NONE', #5104 ) ;
#6472 = CARTESIAN_POINT ( 'NONE',  ( 0.3022189933182686250, 0.1648921014183521438, -0.02000000000000000042 ) ) ;
#6473 =( GEOMETRIC_REPRESENTATION_CONTEXT ( 3 ) GLOBAL_UNCERTAINTY_ASSIGNED_CONTEXT ( ( #6206 ) ) GLOBAL_UNIT_ASSIGNED_CONTEXT ( ( #5119, #2778, #2854 ) ) REPRESENTATION_CONTEXT ( 'NONE', 'WORKASPACE' ) );
#6474 = CARTESIAN_POINT ( 'NONE',  ( -0.8622336204751619437, -0.1901373170059216522, -0.01000000000000000021 ) ) ;
#6475 = CARTESIAN_POINT ( 'NONE',  ( 0.4592024447350110394, 0.02532969635811515088, -0.009999999999999995004 ) ) ;
#6476 = SURFACE_STYLE_USAGE ( .BOTH. , #520 ) ;
#6477 = DIRECTION ( 'NONE',  ( 1.000000000000000000, -0.0000000000000000000, -0.0000000000000000000 ) ) ;
#6478 = ORIENTED_EDGE ( 'NONE', *, *, #5649, .T. ) ;
#6479 = FACE_OUTER_BOUND ( 'NONE', #6567, .T. ) ;
#6480 = SURFACE_STYLE_FILL_AREA ( #7125 ) ;
#6481 = LINE ( 'NONE', #4148, #7213 ) ;
#6482 = DIRECTION ( 'NONE',  ( 0.0000000000000000000, 0.0000000000000000000, -1.000000000000000000 ) ) ;
#6483 = PRESENTATION_STYLE_ASSIGNMENT (( #7090 ) ) ;
#6484 = DIRECTION ( 'NONE',  ( -0.3536223923290756632, 0.9353882635801357148, 0.0000000000000000000 ) ) ;
#6485 = CARTESIAN_POINT ( 'NONE',  ( -0.3400000000000000799, -1.500000000000000000, 0.0000000000000000000 ) ) ;
#6486 = VECTOR ( 'NONE', #259, 1000.000000000000000 ) ;
#6487 = EDGE_CURVE ( 'NONE', #6155, #1061, #4109, .T. ) ;
#6488 = DIRECTION ( 'NONE',  ( 0.0000000000000000000, -1.000000000000000000, 0.0000000000000000000 ) ) ;
#6489 = EDGE_CURVE ( 'NONE', #3324, #7459, #6835, .T. ) ;
#6490 = DIRECTION ( 'NONE',  ( -0.0000000000000000000, 0.0000000000000000000, 1.000000000000000000 ) ) ;
#6491 =( LENGTH_UNIT ( ) NAMED_UNIT ( * ) SI_UNIT ( .MILLI., .METRE. ) );
#6492 = ORIENTED_EDGE ( 'NONE', *, *, #3390, .T. ) ;
#6493 = ORIENTED_EDGE ( 'NONE', *, *, #3231, .F. ) ;
#6494 = CARTESIAN_POINT ( 'NONE',  ( -1.499999999999999334, -1.500000000000000000, 0.7299999999999999822 ) ) ;
#6495 = ORIENTED_EDGE ( 'NONE', *, *, #4354, .T. ) ;
#6496 = CARTESIAN_POINT ( 'NONE',  ( -0.7430606779380006799, 0.1346293484826396325, -0.01000000000000000021 ) ) ;
#6497 = PLANE ( 'NONE',  #6884 ) ;
#6498 = VECTOR ( 'NONE', #4157, 1000.000000000000000 ) ;
#6499 = CARTESIAN_POINT ( 'NONE',  ( -0.1305263034019910895, 0.0000000000000000000, -0.01000000000000000021 ) ) ;
#6500 = PLANE ( 'NONE',  #2619 ) ;
#6501 = EDGE_LOOP ( 'NONE', ( #1951, #320, #2513, #3199 ) ) ;
#6502 = LINE ( 'NONE', #5389, #2605 ) ;
#6503 = CARTESIAN_POINT ( 'NONE',  ( 0.4060590624516675629, 0.005594390311151550138, -0.02000000000000000042 ) ) ;
#6504 = EDGE_CURVE ( 'NONE', #2843, #6880, #2332, .T. ) ;
#6505 = VECTOR ( 'NONE', #4759, 1000.000000000000000 ) ;
#6506 = EDGE_CURVE ( 'NONE', #1007, #6694, #1622, .T. ) ;
#6507 = CARTESIAN_POINT ( 'NONE',  ( 0.2516369767387244827, 0.2147073940003228210, -0.02000000000000000042 ) ) ;
#6508 = ORIENTED_EDGE ( 'NONE', *, *, #6487, .F. ) ;
#6509 = CARTESIAN_POINT ( 'NONE',  ( 0.3490332754767795365, -0.1817815946991775122, -0.02000000000000000042 ) ) ;
#6510 = CARTESIAN_POINT ( 'NONE',  ( 0.3182413613882356662, 0.2068741592662496909, -0.02000000000000000042 ) ) ;
#6511 = CARTESIAN_POINT ( 'NONE',  ( 0.2562877209882529206, 0.2147407317745662070, -0.01000000000000000021 ) ) ;
#6512 = LINE ( 'NONE', #175, #5095 ) ;
#6513 = EDGE_CURVE ( 'NONE', #6036, #5646, #463, .T. ) ;
#6514 = CARTESIAN_POINT ( 'NONE',  ( 0.2648243063541065867, -0.1511129267620191785, -0.02000000000000000042 ) ) ;
#6515 = LINE ( 'NONE', #1309, #3408 ) ;
#6516 = STYLED_ITEM ( 'NONE', ( #1809 ), #4295 ) ;
#6517 = ORIENTED_EDGE ( 'NONE', *, *, #1663, .T. ) ;
#6518 = DIRECTION ( 'NONE',  ( -1.000000000000000000, 0.0000000000000000000, 0.0000000000000000000 ) ) ;
#6519 = VECTOR ( 'NONE', #4638, 1000.000000000000000 ) ;
#6520 = SURFACE_SIDE_STYLE ('',( #5249 ) ) ;
#6521 = CARTESIAN_POINT ( 'NONE',  ( 0.1621566234272772411, 0.1452285366526149535, -0.02000000000000000042 ) ) ;
#6522 = STYLED_ITEM ( 'NONE', ( #1164 ), #1972 ) ;
#6523 = STYLED_ITEM ( 'NONE', ( #6898 ), #5618 ) ;
#6524 = CARTESIAN_POINT ( 'NONE',  ( -0.4764614912545664938, -0.004358671838400435608, -0.02000000000000000042 ) ) ;
#6525 = PRESENTATION_LAYER_ASSIGNMENT (  '', '', ( #4712 ) ) ;
#6526 = B_SPLINE_CURVE_WITH_KNOTS ( 'NONE', 3,
 ( #2716, #6788, #223, #3213, #7349, #2639, #6071, #4386, #3781, #5019, #2137 ),
 .UNSPECIFIED., .F., .F.,
 ( 4, 1, 1, 1, 1, 1, 1, 1, 4 ),
 ( 0.0000000000000000000, 0.1352946047634290272, 0.2667656579247485449, 0.3948160188358720846, 0.5200516544342452807, 0.6421757029708213826, 0.7626518205584228438, 0.8818340043805019679, 1.000000000000000000 ),
 .UNSPECIFIED. ) ;
#6527 = UNCERTAINTY_MEASURE_WITH_UNIT (LENGTH_MEASURE( 1.000000000000000082E-05 ), #1049, 'distance_accuracy_value', 'NONE');
#6528 = CARTESIAN_POINT ( 'NONE',  ( 0.4209183466921579408, -0.1270203340718689955, -0.02000000000000000042 ) ) ;
#6529 = CARTESIAN_POINT ( 'NONE',  ( 0.3399999999999999134, 1.215000000000000080, 0.2000000000000000111 ) ) ;
#6530 = VERTEX_POINT ( 'NONE', #1733 ) ;
#6531 = VERTEX_POINT ( 'NONE', #4008 ) ;
#6532 = CARTESIAN_POINT ( 'NONE',  ( 0.4938639405004481286, -0.1462348779815314248, -0.02000000000000000042 ) ) ;
#6533 = VECTOR ( 'NONE', #6822, 1000.000000000000000 ) ;
#6534 = DIRECTION ( 'NONE',  ( 0.0000000000000000000, 0.0000000000000000000, 1.000000000000000000 ) ) ;
#6535 = ORIENTED_EDGE ( 'NONE', *, *, #2216, .T. ) ;
#6536 = CARTESIAN_POINT ( 'NONE',  ( -0.1100000000000000699, 1.215000000000000080, 0.2000000000000000111 ) ) ;
#6537 = CARTESIAN_POINT ( 'NONE',  ( 0.2648243063541065867, -0.1511129267620191785, -0.02000000000000000042 ) ) ;
#6538 = LINE ( 'NONE', #5264, #3784 ) ;
#6539 = ORIENTED_EDGE ( 'NONE', *, *, #2627, .F. ) ;
#6540 =( LENGTH_UNIT ( ) NAMED_UNIT ( * ) SI_UNIT ( .MILLI., .METRE. ) );
#6541 =( NAMED_UNIT ( * ) PLANE_ANGLE_UNIT ( ) SI_UNIT ( $, .RADIAN. ) );
#6542 = FILL_AREA_STYLE_COLOUR ( '', #512 ) ;
#6543 = ADVANCED_FACE ( 'NONE', ( #3940 ), #3977, .T. ) ;
#6544 =( NAMED_UNIT ( * ) PLANE_ANGLE_UNIT ( ) SI_UNIT ( $, .RADIAN. ) );
#6545 = EDGE_CURVE ( 'NONE', #963, #4346, #6378, .T. ) ;
#6546 =( NAMED_UNIT ( * ) PLANE_ANGLE_UNIT ( ) SI_UNIT ( $, .RADIAN. ) );
#6547 = LINE ( 'NONE', #1342, #2680 ) ;
#6548 = PRESENTATION_LAYER_ASSIGNMENT (  '', '', ( #570 ) ) ;
#6549 = EDGE_LOOP ( 'NONE', ( #3751, #1977, #4421, #4044, #227, #489, #4941, #3205, #5136, #1544 ) ) ;
#6550 =( LENGTH_UNIT ( ) NAMED_UNIT ( * ) SI_UNIT ( .MILLI., .METRE. ) );
#6551 = DIRECTION ( 'NONE',  ( -1.000000000000000000, -0.0000000000000000000, -0.0000000000000000000 ) ) ;
#6552 = ADVANCED_FACE ( 'NONE', ( #3406 ), #4665, .T. ) ;
#6553 = CARTESIAN_POINT ( 'NONE',  ( -1.240000000000000213, -1.215000000000000080, 0.2000000000000000111 ) ) ;
#6554 = SURFACE_STYLE_USAGE ( .BOTH. , #7087 ) ;
#6555 = LINE ( 'NONE', #1944, #109 ) ;
#6556 = MECHANICAL_DESIGN_GEOMETRIC_PRESENTATION_REPRESENTATION (  '', ( #843 ), #7043 ) ;
#6557 = B_SPLINE_CURVE_WITH_KNOTS ( 'NONE', 3,
 ( #6421, #5876, #7503, #2913, #6455, #7023, #1282 ),
 .UNSPECIFIED., .F., .F.,
 ( 4, 1, 1, 1, 4 ),
 ( 0.0000000000000000000, 0.3005411131585078444, 0.5677471464835985859, 0.8000336137369795653, 1.000000000000000000 ),
 .UNSPECIFIED. ) ;
#6558 = PRESENTATION_STYLE_ASSIGNMENT (( #4225 ) ) ;
#6559 = CARTESIAN_POINT ( 'NONE',  ( -0.4450749990627947961, -0.09324946789741446473, -0.02000000000000000042 ) ) ;
#6560 =( GEOMETRIC_REPRESENTATION_CONTEXT ( 3 ) GLOBAL_UNCERTAINTY_ASSIGNED_CONTEXT ( ( #947 ) ) GLOBAL_UNIT_ASSIGNED_CONTEXT ( ( #1871, #7055, #4269 ) ) REPRESENTATION_CONTEXT ( 'NONE', 'WORKASPACE' ) );
#6561 = DIRECTION ( 'NONE',  ( -1.000000000000000000, 0.0000000000000000000, 0.0000000000000000000 ) ) ;
#6562 = VERTEX_POINT ( 'NONE', #4855 ) ;
#6563 = ORIENTED_EDGE ( 'NONE', *, *, #6878, .T. ) ;
#6564 = CARTESIAN_POINT ( 'NONE',  ( 0.3399999999999999134, -1.215000000000000080, 0.0000000000000000000 ) ) ;
#6565 = PLANE ( 'NONE',  #3427 ) ;
#6566 = CARTESIAN_POINT ( 'NONE',  ( 0.1849448633547338405, -0.1368392811292742650, -0.01000000000000000021 ) ) ;
#6567 = EDGE_LOOP ( 'NONE', ( #5108, #85, #4602, #5773 ) ) ;
#6568 = CARTESIAN_POINT ( 'NONE',  ( -0.5076428370892442921, 0.1123048348530916868, -0.01000000000000000021 ) ) ;
#6569 = PRESENTATION_STYLE_ASSIGNMENT (( #3038 ) ) ;
#6570 = PRESENTATION_STYLE_ASSIGNMENT (( #92 ) ) ;
#6571 = MECHANICAL_DESIGN_GEOMETRIC_PRESENTATION_REPRESENTATION (  '', ( #4378 ), #1708 ) ;
#6572 =( GEOMETRIC_REPRESENTATION_CONTEXT ( 3 ) GLOBAL_UNCERTAINTY_ASSIGNED_CONTEXT ( ( #5002 ) ) GLOBAL_UNIT_ASSIGNED_CONTEXT ( ( #3093, #2939, #5243 ) ) REPRESENTATION_CONTEXT ( 'NONE', 'WORKASPACE' ) );
#6573 = FILL_AREA_STYLE ('',( #2033 ) ) ;
#6574 = VECTOR ( 'NONE', #3132, 1000.000000000000000 ) ;
#6575 = PRESENTATION_LAYER_ASSIGNMENT (  '', '', ( #2683 ) ) ;
#6576 = CARTESIAN_POINT ( 'NONE',  ( 0.1653406728315388041, 0.2001795490903302277, -0.01000000000000000021 ) ) ;
#6577 = VERTEX_POINT ( 'NONE', #5875 ) ;
#6578 = CARTESIAN_POINT ( 'NONE',  ( 0.3399999999999999134, -1.215000000000000080, -0.02000000000000000042 ) ) ;
#6579 = FILL_AREA_STYLE_COLOUR ( '', #4657 ) ;
#6580 =( NAMED_UNIT ( * ) PLANE_ANGLE_UNIT ( ) SI_UNIT ( $, .RADIAN. ) );
#6581 = FILL_AREA_STYLE ('',( #7187 ) ) ;
#6582 = CARTESIAN_POINT ( 'NONE',  ( 0.3399999999999999134, 1.510000000000000009, 0.2000000000000000111 ) ) ;
#6583 = CIRCLE ( 'NONE', #1600, 0.1255198065735227408 ) ;
#6584 = VECTOR ( 'NONE', #159, 1000.000000000000114 ) ;
#6585 = AXIS2_PLACEMENT_3D ( 'NONE', #3411, #2113, #3875 ) ;
#6586 = EDGE_CURVE ( 'NONE', #430, #4669, #3070, .T. ) ;
#6587 = CARTESIAN_POINT ( 'NONE',  ( -0.7296878887678448500, 0.1330334147013954305, -0.01000000000000000021 ) ) ;
#6588 = EDGE_CURVE ( 'NONE', #5088, #7459, #1950, .T. ) ;
#6589 = CARTESIAN_POINT ( 'NONE',  ( -0.4744993801899172747, 0.04905978680085293364, -0.02000000000000000042 ) ) ;
#6590 = FILL_AREA_STYLE_COLOUR ( '', #5221 ) ;
#6591 = DIRECTION ( 'NONE',  ( 0.0000000000000000000, 0.0000000000000000000, 1.000000000000000000 ) ) ;
#6592 = UNCERTAINTY_MEASURE_WITH_UNIT (LENGTH_MEASURE( 1.000000000000000082E-05 ), #6029, 'distance_accuracy_value', 'NONE');
#6593 = FILL_AREA_STYLE_COLOUR ( '', #6933 ) ;
#6594 =( GEOMETRIC_REPRESENTATION_CONTEXT ( 3 ) GLOBAL_UNCERTAINTY_ASSIGNED_CONTEXT ( ( #396 ) ) GLOBAL_UNIT_ASSIGNED_CONTEXT ( ( #3692, #6580, #7152 ) ) REPRESENTATION_CONTEXT ( 'NONE', 'WORKASPACE' ) );
#6595 = EDGE_CURVE ( 'NONE', #5527, #2097, #3634, .T. ) ;
#6596 = VERTEX_POINT ( 'NONE', #2986 ) ;
#6597 = CARTESIAN_POINT ( 'NONE',  ( 0.2165389027608430328, 0.2126726667808701843, -0.02000000000000000042 ) ) ;
#6598 = AXIS2_PLACEMENT_3D ( 'NONE', #2897, #4542, #3925 ) ;
#6599 = DIRECTION ( 'NONE',  ( 0.0000000000000000000, -1.000000000000000000, 0.0000000000000000000 ) ) ;
#6600 = CARTESIAN_POINT ( 'NONE',  ( -1.240000000000000213, 1.215000000000000080, 0.2000000000000000111 ) ) ;
#6601 = UNCERTAINTY_MEASURE_WITH_UNIT (LENGTH_MEASURE( 1.000000000000000082E-05 ), #4183, 'distance_accuracy_value', 'NONE');
#6602 = EDGE_CURVE ( 'NONE', #4471, #5685, #4704, .T. ) ;
#6603 = DIRECTION ( 'NONE',  ( 1.000000000000000000, -0.0000000000000000000, 0.0000000000000000000 ) ) ;
#6604 = CARTESIAN_POINT ( 'NONE',  ( -0.4608365494720775835, -0.06781221235771245359, -0.01000000000000000021 ) ) ;
#6605 = FILL_AREA_STYLE_COLOUR ( '', #4446 ) ;
#6606 = ORIENTED_EDGE ( 'NONE', *, *, #6188, .F. ) ;
#6607 = ORIENTED_EDGE ( 'NONE', *, *, #3064, .F. ) ;
#6608 = PLANE ( 'NONE',  #7179 ) ;
#6609 = EDGE_LOOP ( 'NONE', ( #2850, #2066, #2756, #215 ) ) ;
#6610 = LINE ( 'NONE', #7346, #3266 ) ;
#6611 = FACE_OUTER_BOUND ( 'NONE', #3747, .T. ) ;
#6612 = CARTESIAN_POINT ( 'NONE',  ( 0.2504703067301669583, -0.1509244703065557580, -0.02000000000000000042 ) ) ;
#6613 = VECTOR ( 'NONE', #1236, 1000.000000000000000 ) ;
#6614 = SURFACE_STYLE_USAGE ( .BOTH. , #4280 ) ;
#6615 = DIRECTION ( 'NONE',  ( 0.0000000000000000000, 1.000000000000000000, -0.0000000000000000000 ) ) ;
#6616 = EDGE_LOOP ( 'NONE', ( #2213, #309, #7425, #3613 ) ) ;
#6617 = SURFACE_SIDE_STYLE ('',( #4283 ) ) ;
#6618 =( NAMED_UNIT ( * ) PLANE_ANGLE_UNIT ( ) SI_UNIT ( $, .RADIAN. ) );
#6619 =( LENGTH_UNIT ( ) NAMED_UNIT ( * ) SI_UNIT ( .MILLI., .METRE. ) );
#6620 = COLOUR_RGB ( '',0.0000000000000000000, 0.0000000000000000000, 0.0000000000000000000 ) ;
#6621 = CARTESIAN_POINT ( 'NONE',  ( 0.4593479298697649149, -0.01911635365475601936, -0.02000000000000000042 ) ) ;
#6622 = VECTOR ( 'NONE', #1875, 1000.000000000000000 ) ;
#6623 = CARTESIAN_POINT ( 'NONE',  ( -0.2085750838897959536, 0.0000000000000000000, -0.01000000000000000021 ) ) ;
#6624 = CARTESIAN_POINT ( 'NONE',  ( 0.6450834526955699921, -0.1462348779815314248, -0.02000000000000000042 ) ) ;
#6625 = CARTESIAN_POINT ( 'NONE',  ( -1.189999999999999947, 0.8250000000000000666, 0.2000000000000000111 ) ) ;
#6626 = DIRECTION ( 'NONE',  ( 0.0000000000000000000, -1.000000000000000000, 0.0000000000000000000 ) ) ;
#6627 =( NAMED_UNIT ( * ) SI_UNIT ( $, .STERADIAN. ) SOLID_ANGLE_UNIT ( ) );
#6628 = ORIENTED_EDGE ( 'NONE', *, *, #4238, .T. ) ;
#6629 = DIRECTION ( 'NONE',  ( 0.0000000000000000000, 1.000000000000000000, 0.0000000000000000000 ) ) ;
#6630 = DIRECTION ( 'NONE',  ( 0.0000000000000000000, -0.0000000000000000000, 1.000000000000000000 ) ) ;
#6631 = CARTESIAN_POINT ( 'NONE',  ( -0.1207702058410154294, 0.2098626829940784255, -0.02000000000000000042 ) ) ;
#6632 =( NAMED_UNIT ( * ) PLANE_ANGLE_UNIT ( ) SI_UNIT ( $, .RADIAN. ) );
#6633 = COLOUR_RGB ( '',0.7529411764705882248, 0.7529411764705882248, 0.7529411764705882248 ) ;
#6634 = CARTESIAN_POINT ( 'NONE',  ( -0.1305263034019910895, -0.1901373170059216522, -0.01000000000000000021 ) ) ;
#6635 = PRESENTATION_LAYER_ASSIGNMENT (  '', '', ( #2379 ) ) ;
#6636 =( NAMED_UNIT ( * ) PLANE_ANGLE_UNIT ( ) SI_UNIT ( $, .RADIAN. ) );
#6637 = EDGE_CURVE ( 'NONE', #2723, #3551, #5954, .T. ) ;
#6638 = EDGE_CURVE ( 'NONE', #3413, #3075, #4737, .T. ) ;
#6639 = VERTEX_POINT ( 'NONE', #3710 ) ;
#6640 = EDGE_LOOP ( 'NONE', ( #3916, #3155, #1288, #5361, #1072, #5170 ) ) ;
#6641 = VECTOR ( 'NONE', #7390, 1000.000000000000000 ) ;
#6642 = LINE ( 'NONE', #775, #4885 ) ;
#6643 = ORIENTED_EDGE ( 'NONE', *, *, #16, .T. ) ;
#6644 = COLOUR_RGB ( '',0.0000000000000000000, 0.0000000000000000000, 0.0000000000000000000 ) ;
#6645 = DIRECTION ( 'NONE',  ( 0.7071067811865479058, -0.7071067811865470176, 0.0000000000000000000 ) ) ;
#6646 = MECHANICAL_DESIGN_GEOMETRIC_PRESENTATION_REPRESENTATION (  '', ( #3965 ), #184 ) ;
#6647 = ADVANCED_FACE ( 'NONE', ( #6453 ), #3595, .T. ) ;
#6648 = AXIS2_PLACEMENT_3D ( 'NONE', #5209, #1582, #5729 ) ;
#6649 = FACE_OUTER_BOUND ( 'NONE', #7440, .T. ) ;
#6650 = ORIENTED_EDGE ( 'NONE', *, *, #4038, .T. ) ;
#6651 =( LENGTH_UNIT ( ) NAMED_UNIT ( * ) SI_UNIT ( .MILLI., .METRE. ) );
#6652 = PRESENTATION_STYLE_ASSIGNMENT (( #3227 ) ) ;
#6653 = PRESENTATION_LAYER_ASSIGNMENT (  '', '', ( #559 ) ) ;
#6654 = CARTESIAN_POINT ( 'NONE',  ( 0.1855629949600870188, -0.1808003922398013497, -0.02000000000000000042 ) ) ;
#6655 = LINE ( 'NONE', #863, #6775 ) ;
#6656 = FACE_BOUND ( 'NONE', #7288, .T. ) ;
#6657 = COLOUR_RGB ( '',0.7529411764705882248, 0.7529411764705882248, 0.7529411764705882248 ) ;
#6658 = CARTESIAN_POINT ( 'NONE',  ( -0.2085750838897959536, -0.1901373170059216522, -0.02000000000000000042 ) ) ;
#6659 = UNCERTAINTY_MEASURE_WITH_UNIT (LENGTH_MEASURE( 1.000000000000000082E-05 ), #536, 'distance_accuracy_value', 'NONE');
#6660 = CARTESIAN_POINT ( 'NONE',  ( 0.4038662696170053912, -0.02834711105378114049, -0.02000000000000000042 ) ) ;
#6661 = PRESENTATION_STYLE_ASSIGNMENT (( #256 ) ) ;
#6662 = VERTEX_POINT ( 'NONE', #5328 ) ;
#6663 = MECHANICAL_DESIGN_GEOMETRIC_PRESENTATION_REPRESENTATION (  '', ( #2651 ), #436 ) ;
#6664 = LINE ( 'NONE', #292, #6287 ) ;
#6665 = DIRECTION ( 'NONE',  ( 1.000000000000000000, 0.0000000000000000000, -0.0000000000000000000 ) ) ;
#6666 = FACE_OUTER_BOUND ( 'NONE', #1125, .T. ) ;
#6667 = LINE ( 'NONE', #7309, #5351 ) ;
#6668 = LINE ( 'NONE', #881, #7304 ) ;
#6669 = DIRECTION ( 'NONE',  ( 0.0000000000000000000, 0.0000000000000000000, -1.000000000000000000 ) ) ;
#6670 =( NAMED_UNIT ( * ) SI_UNIT ( $, .STERADIAN. ) SOLID_ANGLE_UNIT ( ) );
#6671 = SURFACE_STYLE_USAGE ( .BOTH. , #4426 ) ;
#6672 = CARTESIAN_POINT ( 'NONE',  ( -0.7900000000000001465, 1.500000000000000000, 0.0000000000000000000 ) ) ;
#6673 = ADVANCED_FACE ( 'NONE', ( #118 ), #2498, .T. ) ;
#6674 = PRESENTATION_STYLE_ASSIGNMENT (( #5411 ) ) ;
#6675 = EDGE_LOOP ( 'NONE', ( #7149, #5199 ) ) ;
#6676 = LINE ( 'NONE', #1464, #5978 ) ;
#6677 = DIRECTION ( 'NONE',  ( 0.0000000000000000000, 0.0000000000000000000, -1.000000000000000000 ) ) ;
#6678 =( NAMED_UNIT ( * ) PLANE_ANGLE_UNIT ( ) SI_UNIT ( $, .RADIAN. ) );
#6679 = ORIENTED_EDGE ( 'NONE', *, *, #572, .T. ) ;
#6680 = ADVANCED_FACE ( 'NONE', ( #6116 ), #5489, .T. ) ;
#6681 = CARTESIAN_POINT ( 'NONE',  ( 0.0000000000000000000, -0.1901373170059216522, -0.01000000000000000021 ) ) ;
#6682 = AXIS2_PLACEMENT_3D ( 'NONE', #3160, #2185, #757 ) ;
#6683 = UNCERTAINTY_MEASURE_WITH_UNIT (LENGTH_MEASURE( 1.000000000000000082E-05 ), #4652, 'distance_accuracy_value', 'NONE');
#6684 = LINE ( 'NONE', #783, #1722 ) ;
#6685 = CARTESIAN_POINT ( 'NONE',  ( -0.8622336204751619437, -0.1901373170059216522, -0.02000000000000000042 ) ) ;
#6686 = ORIENTED_EDGE ( 'NONE', *, *, #250, .F. ) ;
#6687 = PRESENTATION_LAYER_ASSIGNMENT (  '', '', ( #6709 ) ) ;
#6688 = DIRECTION ( 'NONE',  ( 0.0000000000000000000, -1.000000000000000000, 0.0000000000000000000 ) ) ;
#6689 = DIRECTION ( 'NONE',  ( 0.0000000000000000000, 0.0000000000000000000, -1.000000000000000000 ) ) ;
#6690 = EDGE_CURVE ( 'NONE', #959, #6356, #3895, .T. ) ;
#6691 = FILL_AREA_STYLE_COLOUR ( '', #1179 ) ;
#6692 = AXIS2_PLACEMENT_3D ( 'NONE', #4634, #2918, #4671 ) ;
#6693 = VECTOR ( 'NONE', #5901, 1000.000000000000000 ) ;
#6694 = VERTEX_POINT ( 'NONE', #5559 ) ;
#6695 = VECTOR ( 'NONE', #7127, 1000.000000000000000 ) ;
#6696 = SURFACE_STYLE_USAGE ( .BOTH. , #3200 ) ;
#6697 = LINE ( 'NONE', #6624, #6936 ) ;
#6698 = DIRECTION ( 'NONE',  ( 0.0000000000000000000, 0.0000000000000000000, -1.000000000000000000 ) ) ;
#6699 = FILL_AREA_STYLE ('',( #1560 ) ) ;
#6700 = MECHANICAL_DESIGN_GEOMETRIC_PRESENTATION_REPRESENTATION (  '', ( #4512 ), #2196 ) ;
#6701 = PRESENTATION_LAYER_ASSIGNMENT (  '', '', ( #3542 ) ) ;
#6702 = STYLED_ITEM ( 'NONE', ( #401 ), #7269 ) ;
#6703 = ORIENTED_EDGE ( 'NONE', *, *, #3435, .T. ) ;
#6704 = VECTOR ( 'NONE', #6038, 1000.000000000000000 ) ;
#6705 = B_SPLINE_CURVE_WITH_KNOTS ( 'NONE', 3,
 ( #6289, #2321, #5051, #4540, #6251, #6850, #7386, #3467, #482, #5709, #3958, #1071, #4577, #2242, #2280, #6363, #1604, #3353, #5669 ),
 .UNSPECIFIED., .F., .F.,
 ( 4, 1, 1, 1, 1, 1, 1, 1, 1, 1, 1, 1, 1, 1, 1, 1, 4 ),
 ( 0.0000000000000000000, 0.06460397028839230671, 0.1267024139629473467, 0.1867568140356183348, 0.2455056873654374860, 0.3036520244499754662, 0.3615030739706254770, 0.4202402229284675772, 0.4800333407766962934, 0.5406781347755160727, 0.6011918063807818458, 0.6623335024774423818, 0.7247395102972318259, 0.7894677361728866805, 0.8565048600438308624, 0.9263120958391902748, 1.000000000000000000 ),
 .UNSPECIFIED. ) ;
#6706 = LINE ( 'NONE', #4296, #5290 ) ;
#6707 = DIRECTION ( 'NONE',  ( 0.0000000000000000000, 1.000000000000000000, 0.0000000000000000000 ) ) ;
#6708 = FILL_AREA_STYLE ('',( #5549 ) ) ;
#6709 = STYLED_ITEM ( 'NONE', ( #1981 ), #3806 ) ;
#6710 = LINE ( 'NONE', #6149, #1838 ) ;
#6711 = SURFACE_STYLE_FILL_AREA ( #2103 ) ;
#6712 = VERTEX_POINT ( 'NONE', #305 ) ;
#6713 = SURFACE_STYLE_USAGE ( .BOTH. , #882 ) ;
#6714 = PLANE ( 'NONE',  #3862 ) ;
#6715 = VERTEX_POINT ( 'NONE', #4344 ) ;
#6716 = CARTESIAN_POINT ( 'NONE',  ( -0.4341417909656510865, 0.1279745385946096659, -0.02000000000000000042 ) ) ;
#6717 = VERTEX_POINT ( 'NONE', #6672 ) ;
#6718 = DIRECTION ( 'NONE',  ( 0.0000000000000000000, 0.0000000000000000000, -1.000000000000000000 ) ) ;
#6719 = EDGE_CURVE ( 'NONE', #4955, #7343, #1167, .T. ) ;
#6720 = CARTESIAN_POINT ( 'NONE',  ( 0.3672588477105215299, -0.1089408353880772506, -0.02000000000000000042 ) ) ;
#6721 = EDGE_LOOP ( 'NONE', ( #4357, #848, #1901, #5698 ) ) ;
#6722 = UNCERTAINTY_MEASURE_WITH_UNIT (LENGTH_MEASURE( 1.000000000000000082E-05 ), #2392, 'distance_accuracy_value', 'NONE');
#6723 = PLANE ( 'NONE',  #5910 ) ;
#6724 = DIRECTION ( 'NONE',  ( 0.0000000000000000000, 0.0000000000000000000, 1.000000000000000000 ) ) ;
#6725 = PRESENTATION_STYLE_ASSIGNMENT (( #4401 ) ) ;
#6726 = ORIENTED_EDGE ( 'NONE', *, *, #71, .T. ) ;
#6727 = PLANE ( 'NONE',  #385 ) ;
#6728 = EDGE_CURVE ( 'NONE', #2305, #5295, #4507, .T. ) ;
#6729 = PRESENTATION_STYLE_ASSIGNMENT (( #4901 ) ) ;
#6730 = DIRECTION ( 'NONE',  ( 0.0000000000000000000, -1.000000000000000000, -0.0000000000000000000 ) ) ;
#6731 = DIRECTION ( 'NONE',  ( 1.000000000000000000, 0.0000000000000000000, -0.0000000000000000000 ) ) ;
#6732 = VECTOR ( 'NONE', #1276, 1000.000000000000000 ) ;
#6733 = ORIENTED_EDGE ( 'NONE', *, *, #73, .T. ) ;
#6734 = EDGE_CURVE ( 'NONE', #6712, #911, #4749, .T. ) ;
#6735 = EDGE_CURVE ( 'NONE', #7173, #4630, #1647, .T. ) ;
#6736 = ADVANCED_FACE ( 'NONE', ( #6826 ), #5167, .F. ) ;
#6737 = CARTESIAN_POINT ( 'NONE',  ( 0.4057309042663264087, -0.01167603988465215799, -0.01000000000000000021 ) ) ;
#6738 = UNCERTAINTY_MEASURE_WITH_UNIT (LENGTH_MEASURE( 1.000000000000000082E-05 ), #791, 'distance_accuracy_value', 'NONE');
#6739 = CARTESIAN_POINT ( 'NONE',  ( 0.6987419892809358934, -0.1901373170059216522, -0.02000000000000000042 ) ) ;
#6740 = VERTEX_POINT ( 'NONE', #2792 ) ;
#6741 = SURFACE_SIDE_STYLE ('',( #2012 ) ) ;
#6742 = DIRECTION ( 'NONE',  ( 0.0000000000000000000, -1.000000000000000000, 0.0000000000000000000 ) ) ;
#6743 = SURFACE_STYLE_FILL_AREA ( #4945 ) ;
#6744 = EDGE_CURVE ( 'NONE', #1630, #3085, #5701, .T. ) ;
#6745 = ORIENTED_EDGE ( 'NONE', *, *, #2968, .F. ) ;
#6746 = CARTESIAN_POINT ( 'NONE',  ( -0.7110141082800399692, 0.2098626829940784255, -0.02000000000000000042 ) ) ;
#6747 = VERTEX_POINT ( 'NONE', #1159 ) ;
#6748 = CARTESIAN_POINT ( 'NONE',  ( -0.4850555645901181712, 0.1434342661594736612, -0.01000000000000000021 ) ) ;
#6749 = LINE ( 'NONE', #3250, #4321 ) ;
#6750 = DIRECTION ( 'NONE',  ( 0.0000000000000000000, 0.0000000000000000000, -1.000000000000000000 ) ) ;
#6751 = B_SPLINE_CURVE_WITH_KNOTS ( 'NONE', 3,
 ( #1070, #3389, #2355, #7419, #5239, #4687, #3466, #7000, #1794, #560, #2973, #5779, #481, #1229, #4610, #5861, #638, #7456, #4576 ),
 .UNSPECIFIED., .F., .F.,
 ( 4, 1, 1, 1, 1, 1, 1, 1, 1, 1, 1, 1, 1, 1, 1, 1, 4 ),
 ( 0.0000000000000000000, 0.06783324845577361206, 0.1326555365079041815, 0.1950508840508279329, 0.2555829330687772738, 0.3147998341472899586, 0.3736004728263744856, 0.4325455953267435261, 0.4924306292835653465, 0.5526712559629696209, 0.6125130441881164733, 0.6726102503570065005, 0.7338383693139460817, 0.7965942385677740045, 0.8614497992905733037, 0.9291989423509054991, 1.000000000000000000 ),
 .UNSPECIFIED. ) ;
#6752 = SURFACE_STYLE_FILL_AREA ( #1497 ) ;
#6753 = EDGE_LOOP ( 'NONE', ( #4635, #1952, #7137, #3315 ) ) ;
#6754 = CARTESIAN_POINT ( 'NONE',  ( -0.4767366545836608238, 0.01987823217104281101, -0.02000000000000000042 ) ) ;
#6755 = PRESENTATION_LAYER_ASSIGNMENT (  '', '', ( #5774 ) ) ;
#6756 = ORIENTED_EDGE ( 'NONE', *, *, #3117, .F. ) ;
#6757 = CARTESIAN_POINT ( 'NONE',  ( 0.2947797691219554705, -0.1487014655819828002, -0.01000000000000000021 ) ) ;
#6758 = FACE_OUTER_BOUND ( 'NONE', #2190, .T. ) ;
#6759 = EDGE_LOOP ( 'NONE', ( #507, #929, #3500, #3345 ) ) ;
#6760 =( GEOMETRIC_REPRESENTATION_CONTEXT ( 3 ) GLOBAL_UNCERTAINTY_ASSIGNED_CONTEXT ( ( #4407 ) ) GLOBAL_UNIT_ASSIGNED_CONTEXT ( ( #2500, #4856, #5448 ) ) REPRESENTATION_CONTEXT ( 'NONE', 'WORKASPACE' ) );
#6761 = DIRECTION ( 'NONE',  ( 1.000000000000000000, -0.0000000000000000000, -0.0000000000000000000 ) ) ;
#6762 = PRESENTATION_STYLE_ASSIGNMENT (( #7323 ) ) ;
#6763 = STYLED_ITEM ( 'NONE', ( #642 ), #5691 ) ;
#6764 = SURFACE_STYLE_FILL_AREA ( #2260 ) ;
#6765 = EDGE_LOOP ( 'NONE', ( #1699, #2382, #3134, #5972 ) ) ;
#6766 = FILL_AREA_STYLE_COLOUR ( '', #5144 ) ;
#6767 =( LENGTH_UNIT ( ) NAMED_UNIT ( * ) SI_UNIT ( .MILLI., .METRE. ) );
#6768 = CARTESIAN_POINT ( 'NONE',  ( 0.3399999999999999134, 1.510000000000000009, 0.2000000000000000111 ) ) ;
#6769 = UNCERTAINTY_MEASURE_WITH_UNIT (LENGTH_MEASURE( 1.000000000000000082E-05 ), #1344, 'distance_accuracy_value', 'NONE');
#6770 = VECTOR ( 'NONE', #1940, 1000.000000000000000 ) ;
#6771 = CARTESIAN_POINT ( 'NONE',  ( -0.3432137533258076134, 0.2093777267284331611, -0.01000000000000000021 ) ) ;
#6772 = ORIENTED_EDGE ( 'NONE', *, *, #3711, .T. ) ;
#6773 = VECTOR ( 'NONE', #5642, 1000.000000000000000 ) ;
#6774 = SURFACE_STYLE_USAGE ( .BOTH. , #3460 ) ;
#6775 = VECTOR ( 'NONE', #3801, 1000.000000000000000 ) ;
#6776 = CARTESIAN_POINT ( 'NONE',  ( 0.7900000000000001465, 1.215000000000000080, -0.02000000000000000042 ) ) ;
#6777 = PRESENTATION_STYLE_ASSIGNMENT (( #1416 ) ) ;
#6778 = CARTESIAN_POINT ( 'NONE',  ( 0.4375779052761529231, 0.1074244907963232826, -0.01000000000000000021 ) ) ;
#6779 = EDGE_CURVE ( 'NONE', #1283, #2723, #1124, .T. ) ;
#6780 = ADVANCED_FACE ( 'NONE', ( #531 ), #4040, .T. ) ;
#6781 = CARTESIAN_POINT ( 'NONE',  ( 0.1621566234272772411, 0.1452285366526149535, -0.01000000000000000021 ) ) ;
#6782 = ORIENTED_EDGE ( 'NONE', *, *, #6513, .T. ) ;
#6783 = PRESENTATION_STYLE_ASSIGNMENT (( #3244 ) ) ;
#6784 = VERTEX_POINT ( 'NONE', #607 ) ;
#6785 = CARTESIAN_POINT ( 'NONE',  ( -0.5160269268056794090, 0.09498421971176863876, -0.01000000000000000021 ) ) ;
#6786 = CARTESIAN_POINT ( 'NONE',  ( 0.1839037518729717269, 0.1565394872394380577, -0.02000000000000000042 ) ) ;
#6787 = DIRECTION ( 'NONE',  ( 0.3393303772748786362, 0.9406672605435402179, 0.0000000000000000000 ) ) ;
#6788 = CARTESIAN_POINT ( 'NONE',  ( 0.2599941381278039199, -0.1510495105430509910, -0.01000000000000000021 ) ) ;
#6789 = EDGE_LOOP ( 'NONE', ( #540, #6382, #982, #4584 ) ) ;
#6790 = DIRECTION ( 'NONE',  ( 1.000000000000000000, 0.0000000000000000000, 0.0000000000000000000 ) ) ;
#6791 = VERTEX_POINT ( 'NONE', #6441 ) ;
#6792 = CARTESIAN_POINT ( 'NONE',  ( 0.3087863572464062956, -0.1454417015232583876, -0.01000000000000000021 ) ) ;
#6793 = ORIENTED_EDGE ( 'NONE', *, *, #4692, .F. ) ;
#6794 = CARTESIAN_POINT ( 'NONE',  ( -0.3190171570605275786, -0.1462348779815314248, -0.02000000000000000042 ) ) ;
#6795 = PRESENTATION_STYLE_ASSIGNMENT (( #2727 ) ) ;
#6796 = VERTEX_POINT ( 'NONE', #4697 ) ;
#6797 = FACE_OUTER_BOUND ( 'NONE', #1690, .T. ) ;
#6798 =( LENGTH_UNIT ( ) NAMED_UNIT ( * ) SI_UNIT ( .MILLI., .METRE. ) );
#6799 = UNCERTAINTY_MEASURE_WITH_UNIT (LENGTH_MEASURE( 1.000000000000000082E-05 ), #5391, 'distance_accuracy_value', 'NONE');
#6800 = MECHANICAL_DESIGN_GEOMETRIC_PRESENTATION_REPRESENTATION (  '', ( #718 ), #5574 ) ;
#6801 = SURFACE_STYLE_FILL_AREA ( #2116 ) ;
#6802 = CARTESIAN_POINT ( 'NONE',  ( -1.125000000000000222, -1.215000000000000080, -0.02000000000000000042 ) ) ;
#6803 = ORIENTED_EDGE ( 'NONE', *, *, #5550, .F. ) ;
#6804 = PRESENTATION_STYLE_ASSIGNMENT (( #944 ) ) ;
#6805 = FILL_AREA_STYLE ('',( #4532 ) ) ;
#6806 = AXIS2_PLACEMENT_3D ( 'NONE', #4188, #5447, #1359 ) ;
#6807 = FACE_OUTER_BOUND ( 'NONE', #3168, .T. ) ;
#6808 = SURFACE_STYLE_FILL_AREA ( #5193 ) ;
#6809 = CARTESIAN_POINT ( 'NONE',  ( -0.3828700272816151773, -0.1826899448584157204, -0.01000000000000000021 ) ) ;
#6810 = COLOUR_RGB ( '',0.7529411764705882248, 0.7529411764705882248, 0.7529411764705882248 ) ;
#6811 = ADVANCED_FACE ( 'NONE', ( #1237 ), #40, .T. ) ;
#6812 = PRODUCT_DEFINITION ( 'Î´Öª', '', #3067, #4228 ) ;
#6813 = SURFACE_STYLE_FILL_AREA ( #2165 ) ;
#6814 = CARTESIAN_POINT ( 'NONE',  ( 0.1657087776783807698, 0.1472926058492065871, -0.01000000000000000021 ) ) ;
#6815 =( NAMED_UNIT ( * ) SI_UNIT ( $, .STERADIAN. ) SOLID_ANGLE_UNIT ( ) );
#6816 =( GEOMETRIC_REPRESENTATION_CONTEXT ( 3 ) GLOBAL_UNCERTAINTY_ASSIGNED_CONTEXT ( ( #1486 ) ) GLOBAL_UNIT_ASSIGNED_CONTEXT ( ( #4981, #296, #4422 ) ) REPRESENTATION_CONTEXT ( 'NONE', 'WORKASPACE' ) );
#6817 = VERTEX_POINT ( 'NONE', #5281 ) ;
#6818 = STYLED_ITEM ( 'NONE', ( #211 ), #7145 ) ;
#6819 = ORIENTED_EDGE ( 'NONE', *, *, #3201, .F. ) ;
#6820 = SURFACE_SIDE_STYLE ('',( #2171 ) ) ;
#6821 = CARTESIAN_POINT ( 'NONE',  ( 0.1657087776783807698, 0.1472926058492065871, -0.02000000000000000042 ) ) ;
#6822 = DIRECTION ( 'NONE',  ( 0.0000000000000000000, 0.0000000000000000000, 1.000000000000000000 ) ) ;
#6823 = MECHANICAL_DESIGN_GEOMETRIC_PRESENTATION_REPRESENTATION (  '', ( #864 ), #6225 ) ;
#6824 = MECHANICAL_DESIGN_GEOMETRIC_PRESENTATION_REPRESENTATION (  '', ( #4521 ), #2333 ) ;
#6825 = ORIENTED_EDGE ( 'NONE', *, *, #1985, .F. ) ;
#6826 = FACE_OUTER_BOUND ( 'NONE', #5502, .T. ) ;
#6827 = EDGE_CURVE ( 'NONE', #5920, #911, #4149, .T. ) ;
#6828 = STYLED_ITEM ( 'NONE', ( #205 ), #4837 ) ;
#6829 = EDGE_CURVE ( 'NONE', #5132, #3324, #2366, .T. ) ;
#6830 = ORIENTED_EDGE ( 'NONE', *, *, #3284, .F. ) ;
#6831 = DIRECTION ( 'NONE',  ( 0.0000000000000000000, 0.0000000000000000000, -1.000000000000000000 ) ) ;
#6832 = CARTESIAN_POINT ( 'NONE',  ( 0.6987419892809358934, 0.2098626829940784255, -0.01000000000000000021 ) ) ;
#6833 = UNCERTAINTY_MEASURE_WITH_UNIT (LENGTH_MEASURE( 1.000000000000000082E-05 ), #4409, 'distance_accuracy_value', 'NONE');
#6834 = ORIENTED_EDGE ( 'NONE', *, *, #7057, .F. ) ;
#6835 = LINE ( 'NONE', #6870, #468 ) ;
#6836 = CARTESIAN_POINT ( 'NONE',  ( 0.0000000000000000000, 0.0000000000000000000, -0.02000000000000000042 ) ) ;
#6837 = DIRECTION ( 'NONE',  ( 1.000000000000000000, 0.0000000000000000000, 0.0000000000000000000 ) ) ;
#6838 = ORIENTED_EDGE ( 'NONE', *, *, #7327, .F. ) ;
#6839 = PLANE ( 'NONE',  #6143 ) ;
#6840 = SURFACE_STYLE_USAGE ( .BOTH. , #3911 ) ;
#6841 = FACE_OUTER_BOUND ( 'NONE', #3258, .T. ) ;
#6842 = DIRECTION ( 'NONE',  ( -1.000000000000000000, -0.0000000000000000000, -0.0000000000000000000 ) ) ;
#6843 = DIRECTION ( 'NONE',  ( 0.0000000000000000000, -1.000000000000000000, 0.0000000000000000000 ) ) ;
#6844 = VERTEX_POINT ( 'NONE', #4730 ) ;
#6845 = DIRECTION ( 'NONE',  ( -1.000000000000000000, 0.0000000000000000000, 0.0000000000000000000 ) ) ;
#6846 = CARTESIAN_POINT ( 'NONE',  ( 0.3900599307874906274, 0.08832232577858174782, -0.02000000000000000042 ) ) ;
#6847 = SURFACE_STYLE_USAGE ( .BOTH. , #3992 ) ;
#6848 = DIRECTION ( 'NONE',  ( -1.000000000000000000, 0.0000000000000000000, 0.0000000000000000000 ) ) ;
#6849 = LINE ( 'NONE', #3545, #4425 ) ;
#6850 = CARTESIAN_POINT ( 'NONE',  ( 0.3162529258457173476, 0.1599786145067947085, -0.02000000000000000042 ) ) ;
#6851 = EDGE_LOOP ( 'NONE', ( #3568, #1529, #4072, #1764 ) ) ;
#6852 = LINE ( 'NONE', #485, #1356 ) ;
#6853 =( NAMED_UNIT ( * ) SI_UNIT ( $, .STERADIAN. ) SOLID_ANGLE_UNIT ( ) );
#6854 = VECTOR ( 'NONE', #5973, 1000.000000000000000 ) ;
#6855 = VERTEX_POINT ( 'NONE', #4184 ) ;
#6856 =( NAMED_UNIT ( * ) SI_UNIT ( $, .STERADIAN. ) SOLID_ANGLE_UNIT ( ) );
#6857 = SURFACE_STYLE_USAGE ( .BOTH. , #3320 ) ;
#6858 =( NAMED_UNIT ( * ) SI_UNIT ( $, .STERADIAN. ) SOLID_ANGLE_UNIT ( ) );
#6859 = STYLED_ITEM ( 'NONE', ( #2151 ), #3190 ) ;
#6860 = ORIENTED_EDGE ( 'NONE', *, *, #7156, .F. ) ;
#6861 = CARTESIAN_POINT ( 'NONE',  ( -0.9207702058410154322, -0.1901373170059216522, -0.02000000000000000042 ) ) ;
#6862 = VERTEX_POINT ( 'NONE', #3096 ) ;
#6863 = LINE ( 'NONE', #2102, #2688 ) ;
#6864 = FILL_AREA_STYLE_COLOUR ( '', #4978 ) ;
#6865 = ORIENTED_EDGE ( 'NONE', *, *, #4739, .T. ) ;
#6866 = FACE_OUTER_BOUND ( 'NONE', #5566, .T. ) ;
#6867 = CARTESIAN_POINT ( 'NONE',  ( -0.3190171570605275786, -0.1462348779815314248, -0.01000000000000000021 ) ) ;
#6868 = EDGE_CURVE ( 'NONE', #5493, #5132, #514, .T. ) ;
#6869 = ADVANCED_FACE ( 'NONE', ( #4260 ), #4458, .T. ) ;
#6870 = CARTESIAN_POINT ( 'NONE',  ( -0.7373860594995520490, 0.1610821951892003334, -0.02000000000000000042 ) ) ;
#6871 = CARTESIAN_POINT ( 'NONE',  ( 1.189999999999999947, -0.8249999999999998446, -0.02000000000000000042 ) ) ;
#6872 = CARTESIAN_POINT ( 'NONE',  ( -1.190000000000000169, -0.5749999999999998446, 0.2000000000000000111 ) ) ;
#6873 = ORIENTED_EDGE ( 'NONE', *, *, #572, .F. ) ;
#6874 = PRESENTATION_STYLE_ASSIGNMENT (( #4441 ) ) ;
#6875 = VERTEX_POINT ( 'NONE', #3172 ) ;
#6876 = FILL_AREA_STYLE ('',( #2194 ) ) ;
#6877 = CARTESIAN_POINT ( 'NONE',  ( -0.7430606779380006799, 0.1346293484826396325, -0.02000000000000000042 ) ) ;
#6878 = EDGE_CURVE ( 'NONE', #1834, #1815, #879, .T. ) ;
#6879 = PRESENTATION_LAYER_ASSIGNMENT (  '', '', ( #3354 ) ) ;
#6880 = VERTEX_POINT ( 'NONE', #5481 ) ;
#6881 = CARTESIAN_POINT ( 'NONE',  ( -0.3190171570605275786, -0.1462348779815314248, -0.01000000000000000021 ) ) ;
#6882 = CYLINDRICAL_SURFACE ( 'NONE', #2234, 0.1150000000000000328 ) ;
#6883 = CARTESIAN_POINT ( 'NONE',  ( 0.3742841185649279367, 0.1147034820817927070, -0.009999999999999995004 ) ) ;
#6884 = AXIS2_PLACEMENT_3D ( 'NONE', #1919, #6006, #3605 ) ;
#6885 = COLOUR_RGB ( '',0.7529411764705882248, 0.7529411764705882248, 0.7529411764705882248 ) ;
#6886 = LINE ( 'NONE', #1186, #2628 ) ;
#6887 = COLOUR_RGB ( '',0.0000000000000000000, 0.0000000000000000000, 0.0000000000000000000 ) ;
#6888 = CARTESIAN_POINT ( 'NONE',  ( 0.4159694188808807924, 0.1414817498688075714, -0.01000000000000000021 ) ) ;
#6889 = PRESENTATION_LAYER_ASSIGNMENT (  '', '', ( #686 ) ) ;
#6890 = UNCERTAINTY_MEASURE_WITH_UNIT (LENGTH_MEASURE( 1.000000000000000082E-05 ), #3753, 'distance_accuracy_value', 'NONE');
#6891 = FACE_OUTER_BOUND ( 'NONE', #5878, .T. ) ;
#6892 = CARTESIAN_POINT ( 'NONE',  ( 0.3399999999999999134, -1.510000000000000009, -0.02000000000000000042 ) ) ;
#6893 = ORIENTED_EDGE ( 'NONE', *, *, #351, .T. ) ;
#6894 = LINE ( 'NONE', #1675, #3432 ) ;
#6895 = SURFACE_STYLE_USAGE ( .BOTH. , #5821 ) ;
#6896 = COLOUR_RGB ( '',0.7529411764705882248, 0.7529411764705882248, 0.7529411764705882248 ) ;
#6897 = ORIENTED_EDGE ( 'NONE', *, *, #1331, .T. ) ;
#6898 = PRESENTATION_STYLE_ASSIGNMENT (( #2867 ) ) ;
#6899 = SURFACE_STYLE_FILL_AREA ( #7528 ) ;
#6900 = DIRECTION ( 'NONE',  ( 0.0000000000000000000, 0.0000000000000000000, -1.000000000000000000 ) ) ;
#6901 = CARTESIAN_POINT ( 'NONE',  ( -0.5305263034019911395, 0.01489317079895642083, -0.02000000000000000042 ) ) ;
#6902 = VERTEX_POINT ( 'NONE', #1387 ) ;
#6903 = DIRECTION ( 'NONE',  ( -1.000000000000000000, 0.0000000000000000000, -0.0000000000000000000 ) ) ;
#6904 = ORIENTED_EDGE ( 'NONE', *, *, #6779, .F. ) ;
#6905 = FILL_AREA_STYLE ('',( #7399 ) ) ;
#6906 = AXIS2_PLACEMENT_3D ( 'NONE', #3178, #6152, #3742 ) ;
#6907 =( LENGTH_UNIT ( ) NAMED_UNIT ( * ) SI_UNIT ( .MILLI., .METRE. ) );
#6908 = ADVANCED_FACE ( 'NONE', ( #6666 ), #1980, .T. ) ;
#6909 = ORIENTED_EDGE ( 'NONE', *, *, #2595, .F. ) ;
#6910 = EDGE_LOOP ( 'NONE', ( #2465, #5641, #2111, #6825 ) ) ;
#6911 = CARTESIAN_POINT ( 'NONE',  ( -0.5600000000000000533, 1.510000000000000009, 0.2000000000000000111 ) ) ;
#6912 = CARTESIAN_POINT ( 'NONE',  ( 0.3399999999999998024, -1.500000000000000000, 0.7299999999999999822 ) ) ;
#6913 = EDGE_CURVE ( 'NONE', #4316, #1284, #3242, .T. ) ;
#6914 = SURFACE_STYLE_USAGE ( .BOTH. , #5650 ) ;
#6915 = ORIENTED_EDGE ( 'NONE', *, *, #2060, .T. ) ;
#6916 = CARTESIAN_POINT ( 'NONE',  ( 0.3370954579221366321, 0.2005392541203611656, -0.02000000000000000042 ) ) ;
#6917 = PRESENTATION_LAYER_ASSIGNMENT (  '', '', ( #2764 ) ) ;
#6918 = ORIENTED_EDGE ( 'NONE', *, *, #3000, .F. ) ;
#6919 = CARTESIAN_POINT ( 'NONE',  ( 1.010000000000000009, -1.510000000000000009, 0.2000000000000000111 ) ) ;
#6920 = VECTOR ( 'NONE', #2952, 1000.000000000000000 ) ;
#6921 = CARTESIAN_POINT ( 'NONE',  ( 0.4059205366598896414, 0.01177282668827888713, -0.009999999999999995004 ) ) ;
#6922 = ADVANCED_FACE ( 'NONE', ( #5587 ), #333, .F. ) ;
#6923 = FILL_AREA_STYLE_COLOUR ( '', #1047 ) ;
#6924 = CARTESIAN_POINT ( 'NONE',  ( -0.4214636352960038357, -0.1685987685878766185, -0.01000000000000000021 ) ) ;
#6925 = SURFACE_STYLE_USAGE ( .BOTH. , #6286 ) ;
#6926 = COLOUR_RGB ( '',0.7529411764705882248, 0.7529411764705882248, 0.7529411764705882248 ) ;
#6927 = LINE ( 'NONE', #1191, #3932 ) ;
#6928 = LINE ( 'NONE', #1757, #2197 ) ;
#6929 = ORIENTED_EDGE ( 'NONE', *, *, #1388, .F. ) ;
#6930 = CARTESIAN_POINT ( 'NONE',  ( -0.1305263034019910895, -0.1462348779815314248, -0.02000000000000000042 ) ) ;
#6931 = SURFACE_STYLE_FILL_AREA ( #5633 ) ;
#6932 = PRESENTATION_LAYER_ASSIGNMENT (  '', '', ( #5588 ) ) ;
#6933 = COLOUR_RGB ( '',0.7529411764705882248, 0.7529411764705882248, 0.7529411764705882248 ) ;
#6934 = CARTESIAN_POINT ( 'NONE',  ( -1.240000000000000213, -1.215000000000000080, -0.02000000000000000042 ) ) ;
#6935 = DIRECTION ( 'NONE',  ( -0.0000000000000000000, 0.0000000000000000000, -1.000000000000000000 ) ) ;
#6936 = VECTOR ( 'NONE', #1414, 1000.000000000000000 ) ;
#6937 = ORIENTED_EDGE ( 'NONE', *, *, #6025, .F. ) ;
#6938 = DIRECTION ( 'NONE',  ( 0.7071067811865479058, -0.7071067811865470176, 0.0000000000000000000 ) ) ;
#6939 = ORIENTED_EDGE ( 'NONE', *, *, #2783, .F. ) ;
#6940 = CARTESIAN_POINT ( 'NONE',  ( -0.2622336204751618549, 0.1659602439696881704, -0.02000000000000000042 ) ) ;
#6941 = MECHANICAL_DESIGN_GEOMETRIC_PRESENTATION_REPRESENTATION (  '', ( #989 ), #4520 ) ;
#6942 = PLANE ( 'NONE',  #3608 ) ;
#6943 = DIRECTION ( 'NONE',  ( -1.000000000000000000, 0.0000000000000000000, 0.0000000000000000000 ) ) ;
#6944 = COLOUR_RGB ( '',0.0000000000000000000, 0.0000000000000000000, 0.0000000000000000000 ) ;
#6945 = CARTESIAN_POINT ( 'NONE',  ( 0.4593479298697649149, -0.01911635365475601936, -0.02000000000000000042 ) ) ;
#6946 = VECTOR ( 'NONE', #1551, 1000.000000000000000 ) ;
#6947 =( NAMED_UNIT ( * ) PLANE_ANGLE_UNIT ( ) SI_UNIT ( $, .RADIAN. ) );
#6948 = ORIENTED_EDGE ( 'NONE', *, *, #3628, .T. ) ;
#6949 = ADVANCED_FACE ( 'NONE', ( #2784 ), #5626, .T. ) ;
#6950 = ORIENTED_EDGE ( 'NONE', *, *, #3428, .T. ) ;
#6951 = DIRECTION ( 'NONE',  ( -0.0000000000000000000, -1.000000000000000000, 0.0000000000000000000 ) ) ;
#6952 = PRESENTATION_STYLE_ASSIGNMENT (( #6840 ) ) ;
#6953 = EDGE_LOOP ( 'NONE', ( #541, #3690, #4708, #4819, #2669, #6893, #5413, #6199, #470, #1626, #493, #1154, #860, #1032, #2271, #5382, #6422, #51, #956, #2350, #3192, #2905, #5810, #6295, #4587, #740, #4255, #239, #7310, #6915, #3017, #1659, #340, #5026, #5276, #7210, #2787, #6703, #3835, #6118, #5591, #4696, #2888, #2891, #5957, #4614, #584, #5455, #4430, #5767, #6268, #6726 ) ) ;
#6954 = DIRECTION ( 'NONE',  ( 0.0000000000000000000, 1.000000000000000000, 0.0000000000000000000 ) ) ;
#6955 = FILL_AREA_STYLE ('',( #5847 ) ) ;
#6956 = CARTESIAN_POINT ( 'NONE',  ( 0.4375779052761529231, 0.1074244907963232826, -0.02000000000000000042 ) ) ;
#6957 = COLOUR_RGB ( '',0.7529411764705882248, 0.7529411764705882248, 0.7529411764705882248 ) ;
#6958 = UNCERTAINTY_MEASURE_WITH_UNIT (LENGTH_MEASURE( 1.000000000000000082E-05 ), #2029, 'distance_accuracy_value', 'NONE');
#6959 = ORIENTED_EDGE ( 'NONE', *, *, #2881, .T. ) ;
#6960 = CARTESIAN_POINT ( 'NONE',  ( -1.499999999999999334, -1.500000000000000000, 0.1999999999999999833 ) ) ;
#6961 = CARTESIAN_POINT ( 'NONE',  ( -0.3250441845691567910, -0.1461045944148157139, -0.01000000000000000021 ) ) ;
#6962 = CARTESIAN_POINT ( 'NONE',  ( 0.1621566234272772411, -0.1694056096888484630, -0.02000000000000000042 ) ) ;
#6963 = FILL_AREA_STYLE ('',( #4647 ) ) ;
#6964 = CARTESIAN_POINT ( 'NONE',  ( 1.189999999999999947, 0.8250000000000000666, 0.2000000000000000111 ) ) ;
#6965 = CARTESIAN_POINT ( 'NONE',  ( 0.3549345923616816223, 0.1922403515563295417, -0.02000000000000000042 ) ) ;
#6966 = EDGE_CURVE ( 'NONE', #1403, #3927, #6705, .T. ) ;
#6967 = PRESENTATION_STYLE_ASSIGNMENT (( #2938 ) ) ;
#6968 = DIRECTION ( 'NONE',  ( -1.000000000000000000, -0.0000000000000000000, -0.0000000000000000000 ) ) ;
#6969 = EDGE_LOOP ( 'NONE', ( #641, #3952, #5496, #6000, #1300, #5816 ) ) ;
#6970 = FILL_AREA_STYLE_COLOUR ( '', #1789 ) ;
#6971 =( NAMED_UNIT ( * ) PLANE_ANGLE_UNIT ( ) SI_UNIT ( $, .RADIAN. ) );
#6972 = EDGE_CURVE ( 'NONE', #4824, #4331, #7457, .T. ) ;
#6973 = VECTOR ( 'NONE', #606, 1000.000000000000000 ) ;
#6974 = ORIENTED_EDGE ( 'NONE', *, *, #3752, .T. ) ;
#6975 =( LENGTH_UNIT ( ) NAMED_UNIT ( * ) SI_UNIT ( .MILLI., .METRE. ) );
#6976 = LINE ( 'NONE', #1864, #4640 ) ;
#6977 = CYLINDRICAL_SURFACE ( 'NONE', #3416, 0.1150000000000000883 ) ;
#6978 = SURFACE_STYLE_FILL_AREA ( #4623 ) ;
#6979 = LINE ( 'NONE', #2955, #1883 ) ;
#6980 = ORIENTED_EDGE ( 'NONE', *, *, #7231, .F. ) ;
#6981 = ORIENTED_EDGE ( 'NONE', *, *, #7381, .F. ) ;
#6982 = CARTESIAN_POINT ( 'NONE',  ( -0.4556956407120459907, -0.1474143134190556703, -0.02000000000000000042 ) ) ;
#6983 = FILL_AREA_STYLE ('',( #4595 ) ) ;
#6984 = ORIENTED_EDGE ( 'NONE', *, *, #3620, .F. ) ;
#6985 = SURFACE_STYLE_FILL_AREA ( #2920 ) ;
#6986 = CARTESIAN_POINT ( 'NONE',  ( 0.4564923984606819585, 0.04760047970896828101, -0.02000000000000000042 ) ) ;
#6987 =( LENGTH_UNIT ( ) NAMED_UNIT ( * ) SI_UNIT ( .MILLI., .METRE. ) );
#6988 = VECTOR ( 'NONE', #2334, 1000.000000000000000 ) ;
#6989 = CARTESIAN_POINT ( 'NONE',  ( -0.5597945960849178837, -0.1901373170059216522, -0.02000000000000000042 ) ) ;
#6990 = PRESENTATION_STYLE_ASSIGNMENT (( #2430 ) ) ;
#6991 = CARTESIAN_POINT ( 'NONE',  ( 0.3294938980324371713, 0.1536370023687165520, -0.009999999999999995004 ) ) ;
#6992 = CARTESIAN_POINT ( 'NONE',  ( -0.6183311814507717052, -0.1901373170059216522, -0.01000000000000000021 ) ) ;
#6993 =( LENGTH_UNIT ( ) NAMED_UNIT ( * ) SI_UNIT ( .MILLI., .METRE. ) );
#6994 = ORIENTED_EDGE ( 'NONE', *, *, #4920, .T. ) ;
#6995 = VECTOR ( 'NONE', #4969, 1000.000000000000000 ) ;
#6996 = CARTESIAN_POINT ( 'NONE',  ( 0.03044930635410657283, 0.0000000000000000000, -0.01000000000000000021 ) ) ;
#6997 = PRESENTATION_LAYER_ASSIGNMENT (  '', '', ( #2511 ) ) ;
#6998 = CARTESIAN_POINT ( 'NONE',  ( -0.3700631257814578912, -0.1405910777592075112, -0.02000000000000000042 ) ) ;
#6999 = EDGE_CURVE ( 'NONE', #5163, #1957, #1673, .T. ) ;
#7000 = CARTESIAN_POINT ( 'NONE',  ( 0.3812806193728585091, -0.1648971914615527390, -0.01000000000000000021 ) ) ;
#7001 = LINE ( 'NONE', #4764, #3777 ) ;
#7002 =( GEOMETRIC_REPRESENTATION_CONTEXT ( 3 ) GLOBAL_UNCERTAINTY_ASSIGNED_CONTEXT ( ( #2781 ) ) GLOBAL_UNIT_ASSIGNED_CONTEXT ( ( #53, #7066, #707 ) ) REPRESENTATION_CONTEXT ( 'NONE', 'WORKASPACE' ) );
#7003 = AXIS2_PLACEMENT_3D ( 'NONE', #2528, #3820, #3280 ) ;
#7004 = DIRECTION ( 'NONE',  ( -0.0000000000000000000, 1.000000000000000000, 0.0000000000000000000 ) ) ;
#7005 = SURFACE_STYLE_USAGE ( .BOTH. , #7159 ) ;
#7006 = ADVANCED_FACE ( 'NONE', ( #2861 ), #5161, .T. ) ;
#7007 = EDGE_LOOP ( 'NONE', ( #6981, #6194, #739, #1619, #4746, #6346, #1820, #6860, #7320, #2711, #3031, #4531 ) ) ;
#7008 = VECTOR ( 'NONE', #2009, 1000.000000000000000 ) ;
#7009 = EDGE_CURVE ( 'NONE', #1514, #1730, #6512, .T. ) ;
#7010 = STYLED_ITEM ( 'NONE', ( #2822 ), #6323 ) ;
#7011 = AXIS2_PLACEMENT_3D ( 'NONE', #2695, #6730, #6689 ) ;
#7012 = CARTESIAN_POINT ( 'NONE',  ( 1.240000000000000213, -1.500000000000000000, 0.0000000000000000000 ) ) ;
#7013 = CARTESIAN_POINT ( 'NONE',  ( -0.1100000000000000699, 1.510000000000000009, 0.2000000000000000111 ) ) ;
#7014 = AXIS2_PLACEMENT_3D ( 'NONE', #3362, #2755, #7391 ) ;
#7015 = PRESENTATION_LAYER_ASSIGNMENT (  '', '', ( #1547 ) ) ;
#7016 = DIRECTION ( 'NONE',  ( 0.0000000000000000000, 1.000000000000000000, -0.0000000000000000000 ) ) ;
#7017 = SURFACE_SIDE_STYLE ('',( #3102 ) ) ;
#7018 = CARTESIAN_POINT ( 'NONE',  ( -0.5300480942821179653, -0.007471148720307655040, -0.02000000000000000042 ) ) ;
#7019 = CARTESIAN_POINT ( 'NONE',  ( -0.3851841308336073078, -0.1360508798289370436, -0.01000000000000000021 ) ) ;
#7020 = MECHANICAL_DESIGN_GEOMETRIC_PRESENTATION_REPRESENTATION (  '', ( #6058 ), #1437 ) ;
#7021 = FILL_AREA_STYLE_COLOUR ( '', #4007 ) ;
#7022 = PRESENTATION_STYLE_ASSIGNMENT (( #3030 ) ) ;
#7023 = CARTESIAN_POINT ( 'NONE',  ( -0.7302924583397679692, 0.1348565659041003062, -0.02000000000000000042 ) ) ;
#7024 = VERTEX_POINT ( 'NONE', #3510 ) ;
#7025 = VERTEX_POINT ( 'NONE', #5274 ) ;
#7026 = DIRECTION ( 'NONE',  ( 0.0000000000000000000, 0.0000000000000000000, 1.000000000000000000 ) ) ;
#7027 = CARTESIAN_POINT ( 'NONE',  ( 0.2648243063541065867, -0.1511129267620191785, -0.01000000000000000021 ) ) ;
#7028 = VERTEX_POINT ( 'NONE', #5314 ) ;
#7029 = CARTESIAN_POINT ( 'NONE',  ( -0.7373860594995520490, 0.1610821951892003334, -0.01000000000000000021 ) ) ;
#7030 =( NAMED_UNIT ( * ) SI_UNIT ( $, .STERADIAN. ) SOLID_ANGLE_UNIT ( ) );
#7031 = SURFACE_STYLE_FILL_AREA ( #4717 ) ;
#7032 = DIRECTION ( 'NONE',  ( -0.0000000000000000000, -1.000000000000000000, 0.0000000000000000000 ) ) ;
#7033 = DIRECTION ( 'NONE',  ( -1.000000000000000000, 0.0000000000000000000, -0.0000000000000000000 ) ) ;
#7034 = ORIENTED_EDGE ( 'NONE', *, *, #5945, .T. ) ;
#7035 = DIRECTION ( 'NONE',  ( -1.000000000000000000, 0.0000000000000000000, 0.0000000000000000000 ) ) ;
#7036 = MECHANICAL_DESIGN_GEOMETRIC_PRESENTATION_REPRESENTATION (  '', ( #570 ), #7396 ) ;
#7037 = CARTESIAN_POINT ( 'NONE',  ( -1.347831130183036352, -1.208820028646933720, 0.7299999999999999822 ) ) ;
#7038 = CARTESIAN_POINT ( 'NONE',  ( 0.3370954579221366321, 0.2005392541203611656, -0.02000000000000000042 ) ) ;
#7039 = CARTESIAN_POINT ( 'NONE',  ( 0.3220035648673486572, -0.1407917714460156788, -0.01000000000000000021 ) ) ;
#7040 = DIRECTION ( 'NONE',  ( 1.000000000000000000, -0.0000000000000000000, 0.0000000000000000000 ) ) ;
#7041 = EDGE_CURVE ( 'NONE', #4439, #5783, #1269, .T. ) ;
#7042 = ORIENTED_EDGE ( 'NONE', *, *, #3428, .F. ) ;
#7043 =( GEOMETRIC_REPRESENTATION_CONTEXT ( 3 ) GLOBAL_UNCERTAINTY_ASSIGNED_CONTEXT ( ( #6211 ) ) GLOBAL_UNIT_ASSIGNED_CONTEXT ( ( #4559, #3444, #2257 ) ) REPRESENTATION_CONTEXT ( 'NONE', 'WORKASPACE' ) );
#7044 =( NAMED_UNIT ( * ) PLANE_ANGLE_UNIT ( ) SI_UNIT ( $, .RADIAN. ) );
#7045 = CARTESIAN_POINT ( 'NONE',  ( -0.2622336204751618549, 0.1659602439696881704, -0.02000000000000000042 ) ) ;
#7046 = LINE ( 'NONE', #2946, #269 ) ;
#7047 = VECTOR ( 'NONE', #5516, 1000.000000000000000 ) ;
#7048 =( NAMED_UNIT ( * ) SI_UNIT ( $, .STERADIAN. ) SOLID_ANGLE_UNIT ( ) );
#7049 = SURFACE_STYLE_FILL_AREA ( #3025 ) ;
#7050 = COLOUR_RGB ( '',0.0000000000000000000, 0.0000000000000000000, 0.0000000000000000000 ) ;
#7051 = AXIS2_PLACEMENT_3D ( 'NONE', #1231, #7040, #4688 ) ;
#7052 = SURFACE_STYLE_FILL_AREA ( #611 ) ;
#7053 =( NAMED_UNIT ( * ) SI_UNIT ( $, .STERADIAN. ) SOLID_ANGLE_UNIT ( ) );
#7054 = VECTOR ( 'NONE', #4802, 1000.000000000000000 ) ;
#7055 =( NAMED_UNIT ( * ) PLANE_ANGLE_UNIT ( ) SI_UNIT ( $, .RADIAN. ) );
#7056 = EDGE_CURVE ( 'NONE', #2095, #3999, #2439, .T. ) ;
#7057 = EDGE_CURVE ( 'NONE', #1007, #3409, #1192, .T. ) ;
#7058 = STYLED_ITEM ( 'NONE', ( #6558 ), #5518 ) ;
#7059 =( NAMED_UNIT ( * ) SI_UNIT ( $, .STERADIAN. ) SOLID_ANGLE_UNIT ( ) );
#7060 = EDGE_LOOP ( 'NONE', ( #7426, #1463, #128, #2930 ) ) ;
#7061 = VERTEX_POINT ( 'NONE', #759 ) ;
#7062 = MECHANICAL_DESIGN_GEOMETRIC_PRESENTATION_REPRESENTATION (  '', ( #3542 ), #4021 ) ;
#7063 = LINE ( 'NONE', #2466, #652 ) ;
#7064 = ORIENTED_EDGE ( 'NONE', *, *, #3816, .F. ) ;
#7065 = DIRECTION ( 'NONE',  ( -0.0000000000000000000, -1.000000000000000000, -0.0000000000000000000 ) ) ;
#7066 =( NAMED_UNIT ( * ) PLANE_ANGLE_UNIT ( ) SI_UNIT ( $, .RADIAN. ) );
#7067 = EDGE_CURVE ( 'NONE', #57, #1587, #7001, .T. ) ;
#7068 = PRESENTATION_LAYER_ASSIGNMENT (  '', '', ( #5850 ) ) ;
#7069 =( GEOMETRIC_REPRESENTATION_CONTEXT ( 3 ) GLOBAL_UNCERTAINTY_ASSIGNED_CONTEXT ( ( #5032 ) ) GLOBAL_UNIT_ASSIGNED_CONTEXT ( ( #6767, #5769, #7446 ) ) REPRESENTATION_CONTEXT ( 'NONE', 'WORKASPACE' ) );
#7070 = CARTESIAN_POINT ( 'NONE',  ( -0.3400000000000000799, 1.215000000000000080, 0.2000000000000000111 ) ) ;
#7071 =( LENGTH_UNIT ( ) NAMED_UNIT ( * ) SI_UNIT ( .MILLI., .METRE. ) );
#7072 = EDGE_LOOP ( 'NONE', ( #6984, #1642, #4434, #3873 ) ) ;
#7073 = LINE ( 'NONE', #2514, #1395 ) ;
#7074 = FILL_AREA_STYLE ('',( #3574 ) ) ;
#7075 = AXIS2_PLACEMENT_3D ( 'NONE', #5542, #4370, #2089 ) ;
#7076 = B_SPLINE_CURVE_WITH_KNOTS ( 'NONE', 3,
 ( #725, #216, #4847, #4257, #6597, #3701, #1385, #7163, #1939, #6021, #801 ),
 .UNSPECIFIED., .F., .F.,
 ( 4, 1, 1, 1, 1, 1, 1, 1, 4 ),
 ( 0.0000000000000000000, 0.1451868664724696723, 0.2834426109197301091, 0.4165243659288290767, 0.5431811235350824107, 0.6651530826377128891, 0.7813602063127155217, 0.8927566556418091714, 1.000000000000000000 ),
 .UNSPECIFIED. ) ;
#7077 = CARTESIAN_POINT ( 'NONE',  ( 0.2425575115995259601, 0.2146423099744507179, -0.02000000000000000042 ) ) ;
#7078 = DIRECTION ( 'NONE',  ( 0.0000000000000000000, 0.0000000000000000000, 1.000000000000000000 ) ) ;
#7079 = CARTESIAN_POINT ( 'NONE',  ( -0.3400000000000000799, -1.510000000000000009, 0.2000000000000000111 ) ) ;
#7080 = CARTESIAN_POINT ( 'NONE',  ( 0.4375779052761529231, 0.1074244907963232826, -0.009999999999999995004 ) ) ;
#7081 = LINE ( 'NONE', #1861, #645 ) ;
#7082 = SURFACE_STYLE_FILL_AREA ( #5240 ) ;
#7083 = CARTESIAN_POINT ( 'NONE',  ( -0.1110141082800398804, -0.009649512127872853645, -0.02000000000000000042 ) ) ;
#7084 = CARTESIAN_POINT ( 'NONE',  ( -0.7900000000000001465, -1.510000000000000009, -0.02000000000000000042 ) ) ;
#7085 = VERTEX_POINT ( 'NONE', #680 ) ;
#7086 = PLANE ( 'NONE',  #3131 ) ;
#7087 = SURFACE_SIDE_STYLE ('',( #2491 ) ) ;
#7088 =( NAMED_UNIT ( * ) PLANE_ANGLE_UNIT ( ) SI_UNIT ( $, .RADIAN. ) );
#7089 =( GEOMETRIC_REPRESENTATION_CONTEXT ( 3 ) GLOBAL_UNCERTAINTY_ASSIGNED_CONTEXT ( ( #422 ) ) GLOBAL_UNIT_ASSIGNED_CONTEXT ( ( #6056, #3580, #4798 ) ) REPRESENTATION_CONTEXT ( 'NONE', 'WORKASPACE' ) );
#7090 = SURFACE_STYLE_USAGE ( .BOTH. , #5171 ) ;
#7091 = PRESENTATION_STYLE_ASSIGNMENT (( #4776 ) ) ;
#7092 = CARTESIAN_POINT ( 'NONE',  ( -0.4243697435646077154, -0.1142160644697415989, -0.02000000000000000042 ) ) ;
#7093 = DIRECTION ( 'NONE',  ( 0.0000000000000000000, 0.0000000000000000000, -1.000000000000000000 ) ) ;
#7094 = B_SPLINE_CURVE_WITH_KNOTS ( 'NONE', 3,
 ( #7183, #6085, #4240, #3689, #1406, #1443, #4356, #5495, #2583, #6576, #3224 ),
 .UNSPECIFIED., .F., .F.,
 ( 4, 1, 1, 1, 1, 1, 1, 1, 4 ),
 ( 0.0000000000000000000, 0.1451868664724696723, 0.2834426109197301091, 0.4165243659288290767, 0.5431811235350824107, 0.6651530826377128891, 0.7813602063127155217, 0.8927566556418091714, 1.000000000000000000 ),
 .UNSPECIFIED. ) ;
#7095 =( NAMED_UNIT ( * ) SI_UNIT ( $, .STERADIAN. ) SOLID_ANGLE_UNIT ( ) );
#7096 = PLANE ( 'NONE',  #3476 ) ;
#7097 = VECTOR ( 'NONE', #3313, 1000.000000000000000 ) ;
#7098 = ORIENTED_EDGE ( 'NONE', *, *, #4457, .F. ) ;
#7099 = ORIENTED_EDGE ( 'NONE', *, *, #7466, .T. ) ;
#7100 = LINE ( 'NONE', #4116, #6622 ) ;
#7101 = CARTESIAN_POINT ( 'NONE',  ( -0.5160479996518747559, -0.06889595386421590306, -0.009999999999999995004 ) ) ;
#7102 = VECTOR ( 'NONE', #1925, 1000.000000000000000 ) ;
#7103 = CARTESIAN_POINT ( 'NONE',  ( -0.9207702058410154322, -0.1901373170059216522, -0.01000000000000000021 ) ) ;
#7104 = ORIENTED_EDGE ( 'NONE', *, *, #4642, .T. ) ;
#7105 = CARTESIAN_POINT ( 'NONE',  ( -0.7347427641128866371, 0.1528530552794440389, -0.01000000000000000021 ) ) ;
#7106 = ADVANCED_FACE ( 'NONE', ( #598 ), #4138, .T. ) ;
#7107 = EDGE_CURVE ( 'NONE', #4053, #4509, #5981, .T. ) ;
#7108 = CARTESIAN_POINT ( 'NONE',  ( -0.2622336204751618549, 0.1659602439696881704, -0.01000000000000000021 ) ) ;
#7109 = MECHANICAL_DESIGN_GEOMETRIC_PRESENTATION_REPRESENTATION (  '', ( #5514 ), #4297 ) ;
#7110 = LINE ( 'NONE', #6960, #4884 ) ;
#7111 = SURFACE_STYLE_FILL_AREA ( #3041 ) ;
#7112 = VERTEX_POINT ( 'NONE', #6658 ) ;
#7113 = FACE_OUTER_BOUND ( 'NONE', #657, .T. ) ;
#7114 = FILL_AREA_STYLE_COLOUR ( '', #375 ) ;
#7115 = CARTESIAN_POINT ( 'NONE',  ( 1.125000000000000222, 1.215000000000000080, 0.2000000000000000111 ) ) ;
#7116 = EDGE_CURVE ( 'NONE', #203, #4229, #3418, .T. ) ;
#7117 = FACE_OUTER_BOUND ( 'NONE', #4655, .T. ) ;
#7118 = AXIS2_PLACEMENT_3D ( 'NONE', #7217, #859, #3084 ) ;
#7119 = CARTESIAN_POINT ( 'NONE',  ( 0.4375779052761529231, 0.1074244907963232826, -0.02000000000000000042 ) ) ;
#7120 = CARTESIAN_POINT ( 'NONE',  ( 1.189999999999999947, 0.8250000000000000666, 0.2000000000000000111 ) ) ;
#7121 = UNCERTAINTY_MEASURE_WITH_UNIT (LENGTH_MEASURE( 1.000000000000000082E-05 ), #6798, 'distance_accuracy_value', 'NONE');
#7122 = CARTESIAN_POINT ( 'NONE',  ( -0.5600000000000000533, 1.510000000000000009, 0.2000000000000000111 ) ) ;
#7123 = VERTEX_POINT ( 'NONE', #869 ) ;
#7124 =( NAMED_UNIT ( * ) PLANE_ANGLE_UNIT ( ) SI_UNIT ( $, .RADIAN. ) );
#7125 = FILL_AREA_STYLE ('',( #5402 ) ) ;
#7126 = CARTESIAN_POINT ( 'NONE',  ( 1.240000000000000213, 1.510000000000000009, 0.2000000000000000111 ) ) ;
#7127 = DIRECTION ( 'NONE',  ( -0.0000000000000000000, -0.0000000000000000000, -1.000000000000000000 ) ) ;
#7128 = LINE ( 'NONE', #1909, #4120 ) ;
#7129 = VECTOR ( 'NONE', #3569, 1000.000000000000000 ) ;
#7130 = UNCERTAINTY_MEASURE_WITH_UNIT (LENGTH_MEASURE( 1.000000000000000082E-05 ), #7333, 'distance_accuracy_value', 'NONE');
#7131 = DIRECTION ( 'NONE',  ( 0.0000000000000000000, 1.000000000000000000, 0.0000000000000000000 ) ) ;
#7132 = MECHANICAL_DESIGN_GEOMETRIC_PRESENTATION_REPRESENTATION (  '', ( #6523 ), #6168 ) ;
#7133 = CARTESIAN_POINT ( 'NONE',  ( -0.4536839454086449841, -0.08109993055416618579, -0.01000000000000000021 ) ) ;
#7134 = CIRCLE ( 'NONE', #5298, 0.1150000000000000883 ) ;
#7135 =( LENGTH_UNIT ( ) NAMED_UNIT ( * ) SI_UNIT ( .MILLI., .METRE. ) );
#7136 =( GEOMETRIC_REPRESENTATION_CONTEXT ( 3 ) GLOBAL_UNCERTAINTY_ASSIGNED_CONTEXT ( ( #5984 ) ) GLOBAL_UNIT_ASSIGNED_CONTEXT ( ( #4361, #2546, #3158 ) ) REPRESENTATION_CONTEXT ( 'NONE', 'WORKASPACE' ) );
#7137 = ORIENTED_EDGE ( 'NONE', *, *, #7466, .F. ) ;
#7138 = ORIENTED_EDGE ( 'NONE', *, *, #2081, .F. ) ;
#7139 = FACE_OUTER_BOUND ( 'NONE', #4639, .T. ) ;
#7140 = CARTESIAN_POINT ( 'NONE',  ( 0.4938639405004481286, -0.1901373170059216522, -0.02000000000000000042 ) ) ;
#7141 = ADVANCED_FACE ( 'NONE', ( #5579 ), #2621, .T. ) ;
#7142 = FACE_OUTER_BOUND ( 'NONE', #3400, .T. ) ;
#7143 = EDGE_LOOP ( 'NONE', ( #6108, #2253, #3865, #3637 ) ) ;
#7144 = DIRECTION ( 'NONE',  ( 0.0000000000000000000, 0.0000000000000000000, 1.000000000000000000 ) ) ;
#7145 = ADVANCED_FACE ( 'NONE', ( #6060 ), #1379, .T. ) ;
#7146 = CARTESIAN_POINT ( 'NONE',  ( 1.010000000000000009, -1.510000000000000009, 0.2000000000000000111 ) ) ;
#7147 = EDGE_CURVE ( 'NONE', #5094, #3888, #2042, .T. ) ;
#7148 = LINE ( 'NONE', #2035, #667 ) ;
#7149 = ORIENTED_EDGE ( 'NONE', *, *, #3142, .T. ) ;
#7150 = FILL_AREA_STYLE_COLOUR ( '', #4294 ) ;
#7151 = CARTESIAN_POINT ( 'NONE',  ( 0.3419304276319259372, 0.1458434794438727145, -0.009999999999999995004 ) ) ;
#7152 =( NAMED_UNIT ( * ) SI_UNIT ( $, .STERADIAN. ) SOLID_ANGLE_UNIT ( ) );
#7153 = DIRECTION ( 'NONE',  ( -0.0000000000000000000, -1.000000000000000000, -0.0000000000000000000 ) ) ;
#7154 = SURFACE_SIDE_STYLE ('',( #4211 ) ) ;
#7155 = CARTESIAN_POINT ( 'NONE',  ( -0.3697143895722884155, 0.1609056013524843565, -0.01000000000000000021 ) ) ;
#7156 = EDGE_CURVE ( 'NONE', #7324, #5619, #5471, .T. ) ;
#7157 = B_SPLINE_SURFACE_WITH_KNOTS ( 'NONE', 3, 1, ( 
 ( #1672, #4801 ),
 ( #4248, #1932 ),
 ( #5355, #5397 ),
 ( #174, #6589 ),
 ( #5980, #2399 ),
 ( #2520, #5898 ),
 ( #4842, #758 ),
 ( #3657, #678 ),
 ( #2482, #1378 ),
 ( #3013, #5313 ),
 ( #4137, #7190 ),
 ( #3696, #100 ),
 ( #1413, #4214 ),
 ( #2438, #3732 ),
 ( #7155, #6016 ),
 ( #792, #142 ),
 ( #4763, #3129 ),
 ( #5272, #5436 ),
 ( #210, #4876 ) ),
 .UNSPECIFIED., .F., .F., .F.,
 ( 4, 1, 1, 1, 1, 1, 1, 1, 1, 1, 1, 1, 1, 1, 1, 1, 4 ),
 ( 2, 2 ),
 ( 0.0000000000000000000, 0.07430379644281594198, 0.1443936103644179736, 0.2104994961032796985, 0.2735426065034679555, 0.3338247445790732404, 0.3925296724085029498, 0.4500874545995855458, 0.5078206115557879485, 0.5654649127768468508, 0.6231487223336199532, 0.6812971927909358127, 0.7409134981565812517, 0.8018557521958583623, 0.8652412377209435235, 0.9309416570467442531, 1.000000000000000000 ),
 ( 0.0000000000000000000, 1.000000000000000000 ),
 .UNSPECIFIED. ) ;
#7158 = CARTESIAN_POINT ( 'NONE',  ( 0.2699629763585933429, -0.1509804875284658232, -0.01000000000000000021 ) ) ;
#7159 = SURFACE_SIDE_STYLE ('',( #2441 ) ) ;
#7160 = COLOUR_RGB ( '',0.7529411764705882248, 0.7529411764705882248, 0.7529411764705882248 ) ;
#7161 = SURFACE_STYLE_FILL_AREA ( #836 ) ;
#7162 = ORIENTED_EDGE ( 'NONE', *, *, #6184, .T. ) ;
#7163 = CARTESIAN_POINT ( 'NONE',  ( 0.1821015556478081387, 0.2059418829195883427, -0.02000000000000000042 ) ) ;
#7164 = LINE ( 'NONE', #6179, #437 ) ;
#7165 = SURFACE_STYLE_USAGE ( .BOTH. , #7229 ) ;
#7166 =( GEOMETRIC_REPRESENTATION_CONTEXT ( 3 ) GLOBAL_UNCERTAINTY_ASSIGNED_CONTEXT ( ( #1934 ) ) GLOBAL_UNIT_ASSIGNED_CONTEXT ( ( #5913, #5326, #1866 ) ) REPRESENTATION_CONTEXT ( 'NONE', 'WORKASPACE' ) );
#7167 = DIRECTION ( 'NONE',  ( -0.3635424856527063042, -0.9315776194850602376, 0.0000000000000000000 ) ) ;
#7168 = PRESENTATION_LAYER_ASSIGNMENT (  '', '', ( #4368 ) ) ;
#7169 = LINE ( 'NONE', #3778, #3609 ) ;
#7170 = CARTESIAN_POINT ( 'NONE',  ( -0.4667595455581692310, -0.05351809661971180382, -0.01000000000000000021 ) ) ;
#7171 = MECHANICAL_DESIGN_GEOMETRIC_PRESENTATION_REPRESENTATION (  '', ( #2922 ), #1346 ) ;
#7172 = ORIENTED_EDGE ( 'NONE', *, *, #6317, .F. ) ;
#7173 = VERTEX_POINT ( 'NONE', #1973 ) ;
#7174 = CARTESIAN_POINT ( 'NONE',  ( -0.7373860594995520490, 0.1610821951892003334, -0.02000000000000000042 ) ) ;
#7175 =( NAMED_UNIT ( * ) PLANE_ANGLE_UNIT ( ) SI_UNIT ( $, .RADIAN. ) );
#7176 = ORIENTED_EDGE ( 'NONE', *, *, #4826, .T. ) ;
#7177 = CARTESIAN_POINT ( 'NONE',  ( -0.4393754477577795914, 0.1803085907077239813, -0.01000000000000000021 ) ) ;
#7178 = CARTESIAN_POINT ( 'NONE',  ( -0.7900000000000001465, -1.215000000000000080, 0.2000000000000000111 ) ) ;
#7179 = AXIS2_PLACEMENT_3D ( 'NONE', #2468, #3532, #3641 ) ;
#7180 = EDGE_CURVE ( 'NONE', #365, #3963, #6697, .T. ) ;
#7181 = CARTESIAN_POINT ( 'NONE',  ( -0.7360903277922349330, 0.1610821951892003334, -0.02000000000000000042 ) ) ;
#7182 = AXIS2_PLACEMENT_3D ( 'NONE', #3805, #5504, #1517 ) ;
#7183 = CARTESIAN_POINT ( 'NONE',  ( 0.2562877209882529206, 0.2147407317745662070, -0.01000000000000000021 ) ) ;
#7184 = ORIENTED_EDGE ( 'NONE', *, *, #1289, .T. ) ;
#7185 = FILL_AREA_STYLE_COLOUR ( '', #5395 ) ;
#7186 = CARTESIAN_POINT ( 'NONE',  ( 0.2562877209882529206, 0.2147407317745662070, -0.01000000000000000021 ) ) ;
#7187 = FILL_AREA_STYLE_COLOUR ( '', #3135 ) ;
#7188 = COLOUR_RGB ( '',0.2509803921568627416, 0.2509803921568627416, 0.2509803921568627416 ) ;
#7189 = COLOUR_RGB ( '',0.7529411764705882248, 0.7529411764705882248, 0.7529411764705882248 ) ;
#7190 = CARTESIAN_POINT ( 'NONE',  ( -0.4229561810290008439, 0.1368748453106870822, -0.02000000000000000042 ) ) ;
#7191 = CARTESIAN_POINT ( 'NONE',  ( 0.0000000000000000000, 0.1659602439696881704, -0.01000000000000000021 ) ) ;
#7192 = MECHANICAL_DESIGN_GEOMETRIC_PRESENTATION_REPRESENTATION (  '', ( #5833 ), #1720 ) ;
#7193 = LINE ( 'NONE', #213, #5969 ) ;
#7194 = SURFACE_SIDE_STYLE ('',( #2662 ) ) ;
#7195 = PRESENTATION_STYLE_ASSIGNMENT (( #3811 ) ) ;
#7196 = ORIENTED_EDGE ( 'NONE', *, *, #6868, .T. ) ;
#7197 = EDGE_CURVE ( 'NONE', #7024, #6577, #251, .T. ) ;
#7198 = EDGE_CURVE ( 'NONE', #6577, #6562, #3917, .T. ) ;
#7199 = PRESENTATION_LAYER_ASSIGNMENT (  '', '', ( #6239 ) ) ;
#7200 = PRESENTATION_STYLE_ASSIGNMENT (( #7165 ) ) ;
#7201 = DIRECTION ( 'NONE',  ( -0.0000000000000000000, -1.000000000000000000, -0.0000000000000000000 ) ) ;
#7202 = COLOUR_RGB ( '',0.7529411764705882248, 0.7529411764705882248, 0.7529411764705882248 ) ;
#7203 = DIRECTION ( 'NONE',  ( 0.0000000000000000000, 0.0000000000000000000, -1.000000000000000000 ) ) ;
#7204 = EDGE_CURVE ( 'NONE', #2847, #2831, #1112, .T. ) ;
#7205 = CARTESIAN_POINT ( 'NONE',  ( 1.189999999999999947, 0.0000000000000000000, 0.0000000000000000000 ) ) ;
#7206 = SURFACE_STYLE_FILL_AREA ( #7239 ) ;
#7207 = FILL_AREA_STYLE ('',( #960 ) ) ;
#7208 = CARTESIAN_POINT ( 'NONE',  ( 0.6987419892809358934, -0.1901373170059216522, -0.02000000000000000042 ) ) ;
#7209 = VERTEX_POINT ( 'NONE', #6919 ) ;
#7210 = ORIENTED_EDGE ( 'NONE', *, *, #1898, .T. ) ;
#7211 = DIRECTION ( 'NONE',  ( -1.445602896647339410E-16, 1.000000000000000000, 0.0000000000000000000 ) ) ;
#7212 =( NAMED_UNIT ( * ) PLANE_ANGLE_UNIT ( ) SI_UNIT ( $, .RADIAN. ) );
#7213 = VECTOR ( 'NONE', #4259, 1000.000000000000114 ) ;
#7214 = ORIENTED_EDGE ( 'NONE', *, *, #474, .T. ) ;
#7215 = LINE ( 'NONE', #3259, #7238 ) ;
#7216 = AXIS2_PLACEMENT_3D ( 'NONE', #7253, #1408, #2037 ) ;
#7217 = CARTESIAN_POINT ( 'NONE',  ( 0.2249999999999998945, -1.215000000000000080, -0.02000000000000000042 ) ) ;
#7218 = ORIENTED_EDGE ( 'NONE', *, *, #2460, .F. ) ;
#7219 = CARTESIAN_POINT ( 'NONE',  ( 0.3399999999999998024, 1.500000000000000000, 0.7299999999999999822 ) ) ;
#7220 = VECTOR ( 'NONE', #6135, 1000.000000000000000 ) ;
#7221 = PRESENTATION_STYLE_ASSIGNMENT (( #4903 ) ) ;
#7222 = PRESENTATION_LAYER_ASSIGNMENT (  '', '', ( #2976 ) ) ;
#7223 = DIRECTION ( 'NONE',  ( -1.000000000000000000, 0.0000000000000000000, 0.0000000000000000000 ) ) ;
#7224 = DIRECTION ( 'NONE',  ( 1.000000000000000000, 0.0000000000000000000, 0.0000000000000000000 ) ) ;
#7225 = CARTESIAN_POINT ( 'NONE',  ( 0.4059479345116168703, -0.0002540919671569435794, -0.01000000000000000021 ) ) ;
#7226 = ORIENTED_EDGE ( 'NONE', *, *, #6027, .T. ) ;
#7227 = ADVANCED_FACE ( 'NONE', ( #7375 ), #7451, .T. ) ;
#7228 = CARTESIAN_POINT ( 'NONE',  ( -0.4744993801899172747, 0.04905978680085293364, -0.01000000000000000021 ) ) ;
#7229 = SURFACE_SIDE_STYLE ('',( #5403 ) ) ;
#7230 = CARTESIAN_POINT ( 'NONE',  ( 1.010000000000000009, 1.510000000000000009, 0.2000000000000000111 ) ) ;
#7231 = EDGE_CURVE ( 'NONE', #6875, #392, #3347, .T. ) ;
#7232 = VECTOR ( 'NONE', #752, 1000.000000000000000 ) ;
#7233 = CARTESIAN_POINT ( 'NONE',  ( -1.499999999999999778, 1.500000000000000000, 0.7299999999999999822 ) ) ;
#7234 = EDGE_CURVE ( 'NONE', #4282, #7024, #1597, .T. ) ;
#7235 = DIRECTION ( 'NONE',  ( 0.0000000000000000000, 0.0000000000000000000, -1.000000000000000000 ) ) ;
#7236 = DIRECTION ( 'NONE',  ( -1.000000000000000000, 0.0000000000000000000, 0.0000000000000000000 ) ) ;
#7237 = FILL_AREA_STYLE_COLOUR ( '', #4343 ) ;
#7238 = VECTOR ( 'NONE', #2031, 1000.000000000000000 ) ;
#7239 = FILL_AREA_STYLE ('',( #2566 ) ) ;
#7240 = DIRECTION ( 'NONE',  ( 0.0000000000000000000, -1.000000000000000000, 0.0000000000000000000 ) ) ;
#7241 = COLOUR_RGB ( '',0.7529411764705882248, 0.7529411764705882248, 0.7529411764705882248 ) ;
#7242 = VECTOR ( 'NONE', #7441, 1000.000000000000000 ) ;
#7243 = EDGE_CURVE ( 'NONE', #4331, #4272, #4448, .T. ) ;
#7244 = ORIENTED_EDGE ( 'NONE', *, *, #2731, .T. ) ;
#7245 = DIRECTION ( 'NONE',  ( -1.445602896647339163E-16, 1.000000000000000000, -0.0000000000000000000 ) ) ;
#7246 = CARTESIAN_POINT ( 'NONE',  ( 0.4060590624516675629, 0.005594390311151550138, -0.02000000000000000042 ) ) ;
#7247 = ORIENTED_EDGE ( 'NONE', *, *, #1554, .T. ) ;
#7248 = CARTESIAN_POINT ( 'NONE',  ( 0.2722175990370334087, -0.1950153657864094614, -0.01000000000000000021 ) ) ;
#7249 = CARTESIAN_POINT ( 'NONE',  ( -1.499999999999999334, -1.500000000000000000, 0.7299999999999999822 ) ) ;
#7250 = VECTOR ( 'NONE', #6551, 1000.000000000000000 ) ;
#7251 = DIRECTION ( 'NONE',  ( 0.0000000000000000000, 0.0000000000000000000, -1.000000000000000000 ) ) ;
#7252 = ORIENTED_EDGE ( 'NONE', *, *, #7198, .F. ) ;
#7253 = CARTESIAN_POINT ( 'NONE',  ( 0.7900000000000001465, -1.215000000000000080, 0.2000000000000000111 ) ) ;
#7254 = MECHANICAL_DESIGN_GEOMETRIC_PRESENTATION_REPRESENTATION (  '', ( #559 ), #7136 ) ;
#7255 = DIRECTION ( 'NONE',  ( -1.000000000000000000, 0.0000000000000000000, 0.0000000000000000000 ) ) ;
#7256 =( NAMED_UNIT ( * ) PLANE_ANGLE_UNIT ( ) SI_UNIT ( $, .RADIAN. ) );
#7257 = VERTEX_POINT ( 'NONE', #6881 ) ;
#7258 = FILL_AREA_STYLE_COLOUR ( '', #3942 ) ;
#7259 =( NAMED_UNIT ( * ) SI_UNIT ( $, .STERADIAN. ) SOLID_ANGLE_UNIT ( ) );
#7260 = UNCERTAINTY_MEASURE_WITH_UNIT (LENGTH_MEASURE( 1.000000000000000082E-05 ), #3272, 'distance_accuracy_value', 'NONE');
#7261 = LINE ( 'NONE', #3845, #140 ) ;
#7262 = DIRECTION ( 'NONE',  ( -1.000000000000000000, 0.0000000000000000000, 0.0000000000000000000 ) ) ;
#7263 = FILL_AREA_STYLE ('',( #368 ) ) ;
#7264 = ORIENTED_EDGE ( 'NONE', *, *, #6489, .T. ) ;
#7265 = AXIS2_PLACEMENT_3D ( 'NONE', #5519, #810, #3251 ) ;
#7266 =( LENGTH_UNIT ( ) NAMED_UNIT ( * ) SI_UNIT ( .MILLI., .METRE. ) );
#7267 = CARTESIAN_POINT ( 'NONE',  ( -0.7110141082800399692, 0.2098626829940784255, -0.01000000000000000021 ) ) ;
#7268 = DIRECTION ( 'NONE',  ( -0.0000000000000000000, 1.000000000000000000, 0.0000000000000000000 ) ) ;
#7269 = ADVANCED_FACE ( 'NONE', ( #5659 ), #3420, .T. ) ;
#7270 = CARTESIAN_POINT ( 'NONE',  ( -0.1207702058410154294, 0.1659602439696881704, -0.02000000000000000042 ) ) ;
#7271 = SURFACE_STYLE_FILL_AREA ( #6114 ) ;
#7272 = B_SPLINE_SURFACE_WITH_KNOTS ( 'NONE', 3, 1, ( 
 ( #3088, #6054 ),
 ( #2478, #1446 ),
 ( #2655, #7328 ),
 ( #2153, #6163 ),
 ( #3800, #4482 ),
 ( #3263, #1016 ),
 ( #6130, #2586 ),
 ( #4318, #6654 ),
 ( #2002, #3196 ),
 ( #4405, #5612 ),
 ( #7368, #2038 ) ),
 .UNSPECIFIED., .F., .F., .F.,
 ( 4, 1, 1, 1, 1, 1, 1, 1, 4 ),
 ( 2, 2 ),
 ( 0.0000000000000000000, 0.1413936124450734244, 0.2778315129751126600, 0.4083405506478828828, 0.5341350275125410496, 0.6555980506739715885, 0.7734723247873223073, 0.8875516100911989836, 1.000000000000000000 ),
 ( 0.0000000000000000000, 1.000000000000000000 ),
 .UNSPECIFIED. ) ;
#7273 = CARTESIAN_POINT ( 'NONE',  ( -0.1100000000000000699, 1.510000000000000009, 0.2000000000000000111 ) ) ;
#7274 = ORIENTED_EDGE ( 'NONE', *, *, #4778, .T. ) ;
#7275 =( GEOMETRIC_REPRESENTATION_CONTEXT ( 3 ) GLOBAL_UNCERTAINTY_ASSIGNED_CONTEXT ( ( #3848 ) ) GLOBAL_UNIT_ASSIGNED_CONTEXT ( ( #3695, #248, #2519 ) ) REPRESENTATION_CONTEXT ( 'NONE', 'WORKASPACE' ) );
#7276 = DIRECTION ( 'NONE',  ( 0.0000000000000000000, 0.0000000000000000000, 1.000000000000000000 ) ) ;
#7277 = ORIENTED_EDGE ( 'NONE', *, *, #5122, .F. ) ;
#7278 = CARTESIAN_POINT ( 'NONE',  ( -1.499999999999999778, 1.500000000000000000, 0.7299999999999999822 ) ) ;
#7279 = DIRECTION ( 'NONE',  ( 1.000000000000000000, 0.0000000000000000000, 0.0000000000000000000 ) ) ;
#7280 = VERTEX_POINT ( 'NONE', #1332 ) ;
#7281 = FACE_OUTER_BOUND ( 'NONE', #5256, .T. ) ;
#7282 = EDGE_CURVE ( 'NONE', #5627, #5783, #4090, .T. ) ;
#7283 = MECHANICAL_DESIGN_GEOMETRIC_PRESENTATION_REPRESENTATION (  '', ( #2911 ), #7275 ) ;
#7284 = EDGE_CURVE ( 'NONE', #3642, #2872, #3040, .T. ) ;
#7285 = UNCERTAINTY_MEASURE_WITH_UNIT (LENGTH_MEASURE( 1.000000000000000082E-05 ), #3557, 'distance_accuracy_value', 'NONE');
#7286 = SURFACE_STYLE_FILL_AREA ( #6573 ) ;
#7287 = LINE ( 'NONE', #3796, #7232 ) ;
#7288 = EDGE_LOOP ( 'NONE', ( #5760, #1649, #1295, #7274, #1912, #5610, #1084, #1555 ) ) ;
#7289 = PRESENTATION_LAYER_ASSIGNMENT (  '', '', ( #2059 ) ) ;
#7290 = FILL_AREA_STYLE_COLOUR ( '', #5986 ) ;
#7291 = LINE ( 'NONE', #788, #5058 ) ;
#7292 = UNCERTAINTY_MEASURE_WITH_UNIT (LENGTH_MEASURE( 1.000000000000000082E-05 ), #6491, 'distance_accuracy_value', 'NONE');
#7293 = DIRECTION ( 'NONE',  ( 0.0000000000000000000, -1.000000000000000000, 0.0000000000000000000 ) ) ;
#7294 = CARTESIAN_POINT ( 'NONE',  ( -0.3214561814507716497, 0.2098626829940784255, -0.02000000000000000042 ) ) ;
#7295 = EDGE_CURVE ( 'NONE', #2420, #2475, #5190, .T. ) ;
#7296 = PRESENTATION_LAYER_ASSIGNMENT (  '', '', ( #230 ) ) ;
#7297 = ORIENTED_EDGE ( 'NONE', *, *, #4678, .T. ) ;
#7298 = DIRECTION ( 'NONE',  ( 0.0000000000000000000, -1.000000000000000000, 0.0000000000000000000 ) ) ;
#7299 = CARTESIAN_POINT ( 'NONE',  ( 0.3672588477105215299, -0.1089408353880772506, -0.02000000000000000042 ) ) ;
#7300 = PLANE ( 'NONE',  #7075 ) ;
#7301 = STYLED_ITEM ( 'NONE', ( #5100 ), #5457 ) ;
#7302 = MECHANICAL_DESIGN_GEOMETRIC_PRESENTATION_REPRESENTATION (  '', ( #4633 ), #743 ) ;
#7303 = EDGE_LOOP ( 'NONE', ( #418, #7297, #4219, #6291, #5638, #5217 ) ) ;
#7304 = VECTOR ( 'NONE', #6028, 1000.000000000000000 ) ;
#7305 =( NAMED_UNIT ( * ) SI_UNIT ( $, .STERADIAN. ) SOLID_ANGLE_UNIT ( ) );
#7306 = VECTOR ( 'NONE', #3153, 1000.000000000000000 ) ;
#7307 = COLOUR_RGB ( '',0.0000000000000000000, 0.0000000000000000000, 0.0000000000000000000 ) ;
#7308 = ORIENTED_EDGE ( 'NONE', *, *, #1209, .F. ) ;
#7309 = CARTESIAN_POINT ( 'NONE',  ( 0.08410784293947239088, 0.2098626829940784255, -0.02000000000000000042 ) ) ;
#7310 = ORIENTED_EDGE ( 'NONE', *, *, #7295, .F. ) ;
#7311 = SURFACE_STYLE_FILL_AREA ( #2054 ) ;
#7312 = COLOUR_RGB ( '',0.0000000000000000000, 0.0000000000000000000, 0.0000000000000000000 ) ;
#7313 = SURFACE_STYLE_USAGE ( .BOTH. , #3709 ) ;
#7314 = FACE_OUTER_BOUND ( 'NONE', #2658, .T. ) ;
#7315 = ORIENTED_EDGE ( 'NONE', *, *, #1807, .F. ) ;
#7316 = ORIENTED_EDGE ( 'NONE', *, *, #613, .T. ) ;
#7317 = CARTESIAN_POINT ( 'NONE',  ( 0.2800508066877112068, -0.1507204933050893814, -0.01000000000000000021 ) ) ;
#7318 = FILL_AREA_STYLE_COLOUR ( '', #7307 ) ;
#7319 = CARTESIAN_POINT ( 'NONE',  ( 0.3843792147307389384, -0.08585995103556626207, -0.02000000000000000042 ) ) ;
#7320 = ORIENTED_EDGE ( 'NONE', *, *, #3294, .F. ) ;
#7321 = UNCERTAINTY_MEASURE_WITH_UNIT (LENGTH_MEASURE( 1.000000000000000082E-05 ), #6430, 'distance_accuracy_value', 'NONE');
#7322 = FILL_AREA_STYLE ('',( #6081 ) ) ;
#7323 = SURFACE_STYLE_USAGE ( .BOTH. , #7472 ) ;
#7324 = VERTEX_POINT ( 'NONE', #3571 ) ;
#7325 = ADVANCED_FACE ( 'NONE', ( #1220 ), #1783, .T. ) ;
#7326 = DIRECTION ( 'NONE',  ( 0.0000000000000000000, 0.0000000000000000000, -1.000000000000000000 ) ) ;
#7327 = EDGE_CURVE ( 'NONE', #966, #392, #7110, .T. ) ;
#7328 = CARTESIAN_POINT ( 'NONE',  ( 0.2562400789127872724, -0.1948279763673731180, -0.02000000000000000042 ) ) ;
#7329 = SURFACE_SIDE_STYLE ('',( #1093 ) ) ;
#7330 = PLANE ( 'NONE',  #1665 ) ;
#7331 = PLANE ( 'NONE',  #4695 ) ;
#7332 = ORIENTED_EDGE ( 'NONE', *, *, #2164, .T. ) ;
#7333 =( LENGTH_UNIT ( ) NAMED_UNIT ( * ) SI_UNIT ( .MILLI., .METRE. ) );
#7334 =( NAMED_UNIT ( * ) SI_UNIT ( $, .STERADIAN. ) SOLID_ANGLE_UNIT ( ) );
#7335 = B_SPLINE_SURFACE_WITH_KNOTS ( 'NONE', 3, 1, ( 
 ( #2811, #1139 ),
 ( #6496, #4017 ),
 ( #6464, #5261 ),
 ( #1254, #4715 ),
 ( #1816, #1175 ),
 ( #5846, #2383 ),
 ( #7029, #4161 ) ),
 .UNSPECIFIED., .F., .F., .F.,
 ( 4, 1, 1, 1, 4 ),
 ( 2, 2 ),
 ( 0.0000000000000000000, 0.1744817153170503676, 0.3982857591281118714, 0.6738978473986658724, 0.9999999999999998890 ),
 ( 0.0000000000000000000, 1.000000000000000000 ),
 .UNSPECIFIED. ) ;
#7336 = EDGE_CURVE ( 'NONE', #2505, #3758, #6538, .T. ) ;
#7337 = DIRECTION ( 'NONE',  ( -1.000000000000000000, -0.0000000000000000000, -0.0000000000000000000 ) ) ;
#7338 = DIRECTION ( 'NONE',  ( 1.000000000000000000, 0.0000000000000000000, 0.0000000000000000000 ) ) ;
#7339 = UNCERTAINTY_MEASURE_WITH_UNIT (LENGTH_MEASURE( 1.000000000000000082E-05 ), #4493, 'distance_accuracy_value', 'NONE');
#7340 =( NAMED_UNIT ( * ) SI_UNIT ( $, .STERADIAN. ) SOLID_ANGLE_UNIT ( ) );
#7341 = CARTESIAN_POINT ( 'NONE',  ( -0.3697143895722884155, 0.1609056013524843565, -0.01000000000000000021 ) ) ;
#7342 = CARTESIAN_POINT ( 'NONE',  ( 1.125000000000000222, 1.215000000000000080, -0.02000000000000000042 ) ) ;
#7343 = VERTEX_POINT ( 'NONE', #56 ) ;
#7344 = CARTESIAN_POINT ( 'NONE',  ( 0.3956490148414885666, -0.1537073733094219685, -0.02000000000000000042 ) ) ;
#7345 = ORIENTED_EDGE ( 'NONE', *, *, #241, .T. ) ;
#7346 = CARTESIAN_POINT ( 'NONE',  ( 1.500000000000000222, 1.500000000000000000, 0.7299999999999999822 ) ) ;
#7347 = CARTESIAN_POINT ( 'NONE',  ( 0.1727807792274517751, 0.1514019714689994744, -0.02000000000000000042 ) ) ;
#7348 =( NAMED_UNIT ( * ) PLANE_ANGLE_UNIT ( ) SI_UNIT ( $, .RADIAN. ) );
#7349 = CARTESIAN_POINT ( 'NONE',  ( 0.2228214624810353761, -0.1477099926010001785, -0.01000000000000000021 ) ) ;
#7350 = VERTEX_POINT ( 'NONE', #553 ) ;
#7351 = CARTESIAN_POINT ( 'NONE',  ( -0.4530005171578381784, 0.1064408229294378921, -0.02000000000000000042 ) ) ;
#7352 = AXIS2_PLACEMENT_3D ( 'NONE', #502, #7362, #6837 ) ;
#7353 = ORIENTED_EDGE ( 'NONE', *, *, #7107, .F. ) ;
#7354 =( NAMED_UNIT ( * ) PLANE_ANGLE_UNIT ( ) SI_UNIT ( $, .RADIAN. ) );
#7355 = CARTESIAN_POINT ( 'NONE',  ( 0.4008457719196963920, -0.04410979979164915410, -0.02000000000000000042 ) ) ;
#7356 = UNCERTAINTY_MEASURE_WITH_UNIT (LENGTH_MEASURE( 1.000000000000000082E-05 ), #30, 'distance_accuracy_value', 'NONE');
#7357 = ORIENTED_EDGE ( 'NONE', *, *, #4960, .F. ) ;
#7358 =( NAMED_UNIT ( * ) SI_UNIT ( $, .STERADIAN. ) SOLID_ANGLE_UNIT ( ) );
#7359 =( LENGTH_UNIT ( ) NAMED_UNIT ( * ) SI_UNIT ( .MILLI., .METRE. ) );
#7360 = AXIS2_PLACEMENT_3D ( 'NONE', #516, #2818, #7518 ) ;
#7361 = STYLED_ITEM ( 'NONE', ( #6200 ), #1887 ) ;
#7362 = DIRECTION ( 'NONE',  ( -0.0000000000000000000, 0.0000000000000000000, 1.000000000000000000 ) ) ;
#7363 = EDGE_CURVE ( 'NONE', #4568, #4005, #5229, .T. ) ;
#7364 = VERTEX_POINT ( 'NONE', #2893 ) ;
#7365 = CARTESIAN_POINT ( 'NONE',  ( 1.500000000000000666, -1.500000000000000000, 0.0000000000000000000 ) ) ;
#7366 = FACE_OUTER_BOUND ( 'NONE', #2569, .T. ) ;
#7367 = EDGE_CURVE ( 'NONE', #525, #2751, #4718, .T. ) ;
#7368 = CARTESIAN_POINT ( 'NONE',  ( 0.1621566234272772411, -0.1694056096888484630, -0.01000000000000000021 ) ) ;
#7369 = CARTESIAN_POINT ( 'NONE',  ( 0.2432513903162161761, 0.1706481071301940156, -0.02000000000000000042 ) ) ;
#7370 = VECTOR ( 'NONE', #3137, 1000.000000000000000 ) ;
#7371 = CARTESIAN_POINT ( 'NONE',  ( -0.3214561814507716497, 0.2098626829940784255, -0.01000000000000000021 ) ) ;
#7372 = COLOUR_RGB ( '',0.7529411764705882248, 0.7529411764705882248, 0.7529411764705882248 ) ;
#7373 =( NAMED_UNIT ( * ) SI_UNIT ( $, .STERADIAN. ) SOLID_ANGLE_UNIT ( ) );
#7374 = EDGE_LOOP ( 'NONE', ( #5129, #5153, #5544, #3855 ) ) ;
#7375 = FACE_OUTER_BOUND ( 'NONE', #6241, .T. ) ;
#7376 = STYLED_ITEM ( 'NONE', ( #29 ), #871 ) ;
#7377 = SURFACE_STYLE_FILL_AREA ( #1704 ) ;
#7378 = SURFACE_STYLE_USAGE ( .BOTH. , #5041 ) ;
#7379 = B_SPLINE_CURVE_WITH_KNOTS ( 'NONE', 3,
 ( #3993, #987, #3387, #3311, #2857, #6320, #5157, #2277, #2162, #4490, #5623, #406, #6924, #4607, #6809, #1707, #4027, #6249, #6361 ),
 .UNSPECIFIED., .F., .F.,
 ( 4, 1, 1, 1, 1, 1, 1, 1, 1, 1, 1, 1, 1, 1, 1, 1, 4 ),
 ( 0.0000000000000000000, 0.06806869584499403159, 0.1334274328189550551, 0.1961460338131564562, 0.2570485924493126073, 0.3168826631591618592, 0.3761872086663213821, 0.4359603353635462253, 0.4965352368627260482, 0.5574653434807329555, 0.6176868634101470024, 0.6779436406969059359, 0.7388052848060400191, 0.8009493367665837527, 0.8648146674702262837, 0.9310247810786568268, 1.000000000000000000 ),
 .UNSPECIFIED. ) ;
#7380 =( NAMED_UNIT ( * ) PLANE_ANGLE_UNIT ( ) SI_UNIT ( $, .RADIAN. ) );
#7381 = EDGE_CURVE ( 'NONE', #5783, #2097, #6390, .T. ) ;
#7382 = CARTESIAN_POINT ( 'NONE',  ( -0.4664534619019472528, 0.08009407557877305794, -0.01000000000000000021 ) ) ;
#7383 = EDGE_CURVE ( 'NONE', #1248, #6162, #1292, .T. ) ;
#7384 = CARTESIAN_POINT ( 'NONE',  ( 1.240000000000000213, 1.215000000000000080, 0.2000000000000000111 ) ) ;
#7385 = EDGE_CURVE ( 'NONE', #658, #3470, #6583, .T. ) ;
#7386 = CARTESIAN_POINT ( 'NONE',  ( 0.3294938980324371713, 0.1536370023687165520, -0.02000000000000000042 ) ) ;
#7387 = ORIENTED_EDGE ( 'NONE', *, *, #4442, .T. ) ;
#7388 = ORIENTED_EDGE ( 'NONE', *, *, #3341, .F. ) ;
#7389 = FILL_AREA_STYLE ('',( #4501 ) ) ;
#7390 = DIRECTION ( 'NONE',  ( -0.0000000000000000000, -1.000000000000000000, -0.0000000000000000000 ) ) ;
#7391 = DIRECTION ( 'NONE',  ( -1.000000000000000000, 0.0000000000000000000, -0.0000000000000000000 ) ) ;
#7392 = ORIENTED_EDGE ( 'NONE', *, *, #4918, .F. ) ;
#7393 = DIRECTION ( 'NONE',  ( 0.0000000000000000000, 0.0000000000000000000, 1.000000000000000000 ) ) ;
#7394 = ORIENTED_EDGE ( 'NONE', *, *, #5422, .F. ) ;
#7395 = SURFACE_SIDE_STYLE ('',( #4003 ) ) ;
#7396 =( GEOMETRIC_REPRESENTATION_CONTEXT ( 3 ) GLOBAL_UNCERTAINTY_ASSIGNED_CONTEXT ( ( #3092 ) ) GLOBAL_UNIT_ASSIGNED_CONTEXT ( ( #3037, #3454, #6352 ) ) REPRESENTATION_CONTEXT ( 'NONE', 'WORKASPACE' ) );
#7397 = SURFACE_SIDE_STYLE ('',( #4586 ) ) ;
#7398 = ORIENTED_EDGE ( 'NONE', *, *, #6196, .F. ) ;
#7399 = FILL_AREA_STYLE_COLOUR ( '', #2023 ) ;
#7400 =( NAMED_UNIT ( * ) PLANE_ANGLE_UNIT ( ) SI_UNIT ( $, .RADIAN. ) );
#7401 = DIRECTION ( 'NONE',  ( 0.0000000000000000000, 0.0000000000000000000, -1.000000000000000000 ) ) ;
#7402 = ORIENTED_EDGE ( 'NONE', *, *, #7197, .T. ) ;
#7403 = DIRECTION ( 'NONE',  ( 1.000000000000000000, 0.0000000000000000000, -0.0000000000000000000 ) ) ;
#7404 =( LENGTH_UNIT ( ) NAMED_UNIT ( * ) SI_UNIT ( .MILLI., .METRE. ) );
#7405 = CARTESIAN_POINT ( 'NONE',  ( 0.2558304039150821052, 0.1708382927501759518, -0.01000000000000000021 ) ) ;
#7406 = UNCERTAINTY_MEASURE_WITH_UNIT (LENGTH_MEASURE( 1.000000000000000082E-05 ), #7404, 'distance_accuracy_value', 'NONE');
#7407 = CARTESIAN_POINT ( 'NONE',  ( 0.5600000000000000533, 0.0000000000000000000, 0.0000000000000000000 ) ) ;
#7408 = CARTESIAN_POINT ( 'NONE',  ( -0.7110141082800399692, 0.2098626829940784255, -0.02000000000000000042 ) ) ;
#7409 = EDGE_LOOP ( 'NONE', ( #5336, #3150, #6308, #5551, #386, #276, #2915, #2247 ) ) ;
#7410 =( GEOMETRIC_REPRESENTATION_CONTEXT ( 3 ) GLOBAL_UNCERTAINTY_ASSIGNED_CONTEXT ( ( #5614 ) ) GLOBAL_UNIT_ASSIGNED_CONTEXT ( ( #7071, #4059, #1333 ) ) REPRESENTATION_CONTEXT ( 'NONE', 'WORKASPACE' ) );
#7411 = COLOUR_RGB ( '',0.7529411764705882248, 0.7529411764705882248, 0.7529411764705882248 ) ;
#7412 = CARTESIAN_POINT ( 'NONE',  ( 0.2407219713403276895, -0.1935587831628079736, -0.02000000000000000042 ) ) ;
#7413 = CARTESIAN_POINT ( 'NONE',  ( 0.3959271219570360545, 0.07363327368528835293, -0.02000000000000000042 ) ) ;
#7414 = CARTESIAN_POINT ( 'NONE',  ( 0.4024919890846187509, 0.1565624802769368107, -0.01000000000000000021 ) ) ;
#7415 = VECTOR ( 'NONE', #2045, 1000.000000000000000 ) ;
#7416 = AXIS2_PLACEMENT_3D ( 'NONE', #7523, #5126, #5747 ) ;
#7417 = DIRECTION ( 'NONE',  ( 1.000000000000000000, 0.0000000000000000000, 0.0000000000000000000 ) ) ;
#7418 = UNCERTAINTY_MEASURE_WITH_UNIT (LENGTH_MEASURE( 1.000000000000000082E-05 ), #6395, 'distance_accuracy_value', 'NONE');
#7419 = CARTESIAN_POINT ( 'NONE',  ( 0.3125772462698315213, -0.1920102303826490553, -0.01000000000000000021 ) ) ;
#7420 = SURFACE_STYLE_USAGE ( .BOTH. , #2825 ) ;
#7421 = ORIENTED_EDGE ( 'NONE', *, *, #3991, .T. ) ;
#7422 = AXIS2_PLACEMENT_3D ( 'NONE', #5117, #4603, #5154 ) ;
#7423 = CARTESIAN_POINT ( 'NONE',  ( 0.6987419892809358934, -0.1901373170059216522, -0.02000000000000000042 ) ) ;
#7424 = EDGE_CURVE ( 'NONE', #1061, #57, #1258, .T. ) ;
#7425 = ORIENTED_EDGE ( 'NONE', *, *, #5371, .F. ) ;
#7426 = ORIENTED_EDGE ( 'NONE', *, *, #6588, .F. ) ;
#7427 = ADVANCED_FACE ( 'NONE', ( #3001 ), #93, .T. ) ;
#7428 = FILL_AREA_STYLE ('',( #1643 ) ) ;
#7429 = SURFACE_STYLE_USAGE ( .BOTH. , #5018 ) ;
#7430 = PRESENTATION_STYLE_ASSIGNMENT (( #2174 ) ) ;
#7431 = VECTOR ( 'NONE', #5303, 1000.000000000000000 ) ;
#7432 = AXIS2_PLACEMENT_3D ( 'NONE', #2411, #5282, #4105 ) ;
#7433 = MECHANICAL_DESIGN_GEOMETRIC_PRESENTATION_REPRESENTATION (  '', ( #262 ), #7069 ) ;
#7434 = ORIENTED_EDGE ( 'NONE', *, *, #7204, .F. ) ;
#7435 = CARTESIAN_POINT ( 'NONE',  ( -0.5271468478463279261, 0.05699717156451200584, -0.02000000000000000042 ) ) ;
#7436 = MECHANICAL_DESIGN_GEOMETRIC_PRESENTATION_REPRESENTATION (  '', ( #6828 ), #5107 ) ;
#7437 = VERTEX_POINT ( 'NONE', #751 ) ;
#7438 = CARTESIAN_POINT ( 'NONE',  ( 0.3462003251928427172, -0.1275244803611438604, -0.01000000000000000021 ) ) ;
#7439 = EDGE_CURVE ( 'NONE', #2475, #7085, #4961, .T. ) ;
#7440 = EDGE_LOOP ( 'NONE', ( #1174, #4304, #5332, #12 ) ) ;
#7441 = DIRECTION ( 'NONE',  ( 1.000000000000000000, 0.0000000000000000000, 0.0000000000000000000 ) ) ;
#7442 =( NAMED_UNIT ( * ) PLANE_ANGLE_UNIT ( ) SI_UNIT ( $, .RADIAN. ) );
#7443 = CARTESIAN_POINT ( 'NONE',  ( 1.125000000000000222, -1.215000000000000080, -0.02000000000000000042 ) ) ;
#7444 = ORIENTED_EDGE ( 'NONE', *, *, #3976, .F. ) ;
#7445 = FILL_AREA_STYLE_COLOUR ( '', #3334 ) ;
#7446 =( NAMED_UNIT ( * ) SI_UNIT ( $, .STERADIAN. ) SOLID_ANGLE_UNIT ( ) );
#7447 = VERTEX_POINT ( 'NONE', #2072 ) ;
#7448 = CARTESIAN_POINT ( 'NONE',  ( 0.1621566234272772411, 0.1452285366526149535, -0.02000000000000000042 ) ) ;
#7449 = SURFACE_STYLE_USAGE ( .BOTH. , #3380 ) ;
#7450 = ORIENTED_EDGE ( 'NONE', *, *, #6728, .T. ) ;
#7451 = PLANE ( 'NONE',  #2567 ) ;
#7452 =( NAMED_UNIT ( * ) PLANE_ANGLE_UNIT ( ) SI_UNIT ( $, .RADIAN. ) );
#7453 =( NAMED_UNIT ( * ) PLANE_ANGLE_UNIT ( ) SI_UNIT ( $, .RADIAN. ) );
#7454 = CARTESIAN_POINT ( 'NONE',  ( 0.4277271393508673691, 0.1250652259538937161, -0.01000000000000000021 ) ) ;
#7455 = MECHANICAL_DESIGN_GEOMETRIC_PRESENTATION_REPRESENTATION (  '', ( #3209 ), #3817 ) ;
#7456 = CARTESIAN_POINT ( 'NONE',  ( 0.4595925796403119157, -0.004931634991980888769, -0.01000000000000000021 ) ) ;
#7457 = LINE ( 'NONE', #6892, #4754 ) ;
#7458 = STYLED_ITEM ( 'NONE', ( #64 ), #532 ) ;
#7459 = VERTEX_POINT ( 'NONE', #7181 ) ;
#7460 = VECTOR ( 'NONE', #3650, 1000.000000000000000 ) ;
#7461 = EDGE_CURVE ( 'NONE', #1030, #7437, #4239, .T. ) ;
#7462 = ORIENTED_EDGE ( 'NONE', *, *, #5889, .T. ) ;
#7463 = FILL_AREA_STYLE_COLOUR ( '', #5791 ) ;
#7464 = ORIENTED_EDGE ( 'NONE', *, *, #4691, .T. ) ;
#7465 =( NAMED_UNIT ( * ) PLANE_ANGLE_UNIT ( ) SI_UNIT ( $, .RADIAN. ) );
#7466 = EDGE_CURVE ( 'NONE', #1035, #4086, #3795, .T. ) ;
#7467 = ORIENTED_EDGE ( 'NONE', *, *, #4033, .F. ) ;
#7468 = DIRECTION ( 'NONE',  ( -0.0000000000000000000, 0.0000000000000000000, 1.000000000000000000 ) ) ;
#7469 = ORIENTED_EDGE ( 'NONE', *, *, #282, .T. ) ;
#7470 = SURFACE_STYLE_USAGE ( .BOTH. , #6266 ) ;
#7471 = PRESENTATION_STYLE_ASSIGNMENT (( #2879 ) ) ;
#7472 = SURFACE_SIDE_STYLE ('',( #1548 ) ) ;
#7473 = EDGE_CURVE ( 'NONE', #6717, #7280, #856, .T. ) ;
#7474 = DIRECTION ( 'NONE',  ( 0.0000000000000000000, 0.0000000000000000000, -1.000000000000000000 ) ) ;
#7475 = ORIENTED_EDGE ( 'NONE', *, *, #1554, .F. ) ;
#7476 = CARTESIAN_POINT ( 'NONE',  ( -1.222311323609513556, -1.208820028646933720, 0.7199999999999999734 ) ) ;
#7477 = MECHANICAL_DESIGN_GEOMETRIC_PRESENTATION_REPRESENTATION (  '', ( #5774 ), #2864 ) ;
#7478 = LINE ( 'NONE', #1693, #246 ) ;
#7479 =( LENGTH_UNIT ( ) NAMED_UNIT ( * ) SI_UNIT ( .MILLI., .METRE. ) );
#7480 = ORIENTED_EDGE ( 'NONE', *, *, #3018, .F. ) ;
#7481 =( NAMED_UNIT ( * ) PLANE_ANGLE_UNIT ( ) SI_UNIT ( $, .RADIAN. ) );
#7482 = DIRECTION ( 'NONE',  ( 0.9315776194850603487, -0.3635424856527063597, 0.0000000000000000000 ) ) ;
#7483 = PRESENTATION_LAYER_ASSIGNMENT (  '', '', ( #7361 ) ) ;
#7484 = VERTEX_POINT ( 'NONE', #4400 ) ;
#7485 = CARTESIAN_POINT ( 'NONE',  ( 0.1099999999999999034, 1.215000000000000080, -0.02000000000000000042 ) ) ;
#7486 = CARTESIAN_POINT ( 'NONE',  ( 0.4060590624516675629, 0.005594390311151550138, -0.009999999999999995004 ) ) ;
#7487 = CARTESIAN_POINT ( 'NONE',  ( -0.3212275229141862143, 0.1659602439696881704, -0.01000000000000000021 ) ) ;
#7488 = FILL_AREA_STYLE_COLOUR ( '', #3212 ) ;
#7489 = FILL_AREA_STYLE_COLOUR ( '', #6213 ) ;
#7490 =( NAMED_UNIT ( * ) SI_UNIT ( $, .STERADIAN. ) SOLID_ANGLE_UNIT ( ) );
#7491 = VECTOR ( 'NONE', #768, 1000.000000000000000 ) ;
#7492 = ORIENTED_EDGE ( 'NONE', *, *, #7439, .T. ) ;
#7493 =( NAMED_UNIT ( * ) PLANE_ANGLE_UNIT ( ) SI_UNIT ( $, .RADIAN. ) );
#7494 = DIRECTION ( 'NONE',  ( -0.0000000000000000000, 1.000000000000000000, 0.0000000000000000000 ) ) ;
#7495 = DIRECTION ( 'NONE',  ( -0.0000000000000000000, 1.000000000000000000, -0.0000000000000000000 ) ) ;
#7496 = ADVANCED_FACE ( 'NONE', ( #5426 ), #4313, .F. ) ;
#7497 = VERTEX_POINT ( 'NONE', #317 ) ;
#7498 = ORIENTED_EDGE ( 'NONE', *, *, #7381, .T. ) ;
#7499 = PRESENTATION_STYLE_ASSIGNMENT (( #4556 ) ) ;
#7500 = CARTESIAN_POINT ( 'NONE',  ( -1.010000000000000009, -1.510000000000000009, 0.2000000000000000111 ) ) ;
#7501 = EDGE_CURVE ( 'NONE', #3737, #1431, #6684, .T. ) ;
#7502 = CARTESIAN_POINT ( 'NONE',  ( 0.4595925796403119157, -0.004931634991980888769, -0.02000000000000000042 ) ) ;
#7503 = CARTESIAN_POINT ( 'NONE',  ( -0.7347427641128866371, 0.1528530552794440389, -0.02000000000000000042 ) ) ;
#7504 = VECTOR ( 'NONE', #7144, 1000.000000000000000 ) ;
#7505 = ORIENTED_EDGE ( 'NONE', *, *, #7367, .T. ) ;
#7506 = VERTEX_POINT ( 'NONE', #352 ) ;
#7507 = LINE ( 'NONE', #1774, #6498 ) ;
#7508 = CARTESIAN_POINT ( 'NONE',  ( -0.3400022599743441343, -0.1897273036841979066, -0.009999999999999995004 ) ) ;
#7509 = ORIENTED_EDGE ( 'NONE', *, *, #6136, .T. ) ;
#7510 = CARTESIAN_POINT ( 'NONE',  ( -0.7302924583397679692, 0.1348565659041003062, -0.01000000000000000021 ) ) ;
#7511 = EDGE_CURVE ( 'NONE', #3626, #5094, #4561, .T. ) ;
#7512 = EDGE_CURVE ( 'NONE', #465, #3869, #2841, .T. ) ;
#7513 = CARTESIAN_POINT ( 'NONE',  ( 0.3718243443249449887, 0.1821600520004694190, -0.02000000000000000042 ) ) ;
#7514 = ORIENTED_EDGE ( 'NONE', *, *, #6367, .F. ) ;
#7515 = PRESENTATION_STYLE_ASSIGNMENT (( #1882 ) ) ;
#7516 = CARTESIAN_POINT ( 'NONE',  ( -0.4450749990627947961, -0.09324946789741446473, -0.01000000000000000021 ) ) ;
#7517 = DIRECTION ( 'NONE',  ( 0.0000000000000000000, 1.000000000000000000, 0.0000000000000000000 ) ) ;
#7518 = DIRECTION ( 'NONE',  ( -1.000000000000000000, 0.0000000000000000000, -0.0000000000000000000 ) ) ;
#7519 = ADVANCED_FACE ( 'NONE', ( #969 ), #3905, .T. ) ;
#7520 = CARTESIAN_POINT ( 'NONE',  ( 0.3182413613882356662, 0.2068741592662496909, -0.009999999999999995004 ) ) ;
#7521 = STYLED_ITEM ( 'NONE', ( #4779 ), #6647 ) ;
#7522 =( LENGTH_UNIT ( ) NAMED_UNIT ( * ) SI_UNIT ( .MILLI., .METRE. ) );
#7523 = CARTESIAN_POINT ( 'NONE',  ( 0.6750000000000000444, 1.215000000000000080, -0.02000000000000000042 ) ) ;
#7524 = PRESENTATION_STYLE_ASSIGNMENT (( #1031 ) ) ;
#7525 =( NAMED_UNIT ( * ) PLANE_ANGLE_UNIT ( ) SI_UNIT ( $, .RADIAN. ) );
#7526 = ORIENTED_EDGE ( 'NONE', *, *, #762, .F. ) ;
#7527 = DIRECTION ( 'NONE',  ( -1.000000000000000000, 0.0000000000000000000, 0.0000000000000000000 ) ) ;
#7528 = FILL_AREA_STYLE ('',( #7463 ) ) ;
#7529 = AXIS2_PLACEMENT_3D ( 'NONE', #34, #4098, #6435 ) ;
#7530 = CARTESIAN_POINT ( 'NONE',  ( -0.7900000000000001465, 1.510000000000000009, -0.02000000000000000042 ) ) ;
#7531 = CARTESIAN_POINT ( 'NONE',  ( 0.03044930635410657283, 0.1659602439696881704, -0.02000000000000000042 ) ) ;
#7532 = PRESENTATION_LAYER_ASSIGNMENT (  '', '', ( #4398 ) ) ;
#7533 =( GEOMETRIC_REPRESENTATION_CONTEXT ( 3 ) GLOBAL_UNCERTAINTY_ASSIGNED_CONTEXT ( ( #2649 ) ) GLOBAL_UNIT_ASSIGNED_CONTEXT ( ( #471, #5077, #7334 ) ) REPRESENTATION_CONTEXT ( 'NONE', 'WORKASPACE' ) );
ENDSEC;
END-ISO-10303-21;
